%time,field.header.seq,field.header.stamp,field.header.frame_id,field.pose.pose.position.x,field.pose.pose.position.y,field.pose.pose.position.z,field.pose.pose.orientation.x,field.pose.pose.orientation.y,field.pose.pose.orientation.z,field.pose.pose.orientation.w,field.pose.covariance0,field.pose.covariance1,field.pose.covariance2,field.pose.covariance3,field.pose.covariance4,field.pose.covariance5,field.pose.covariance6,field.pose.covariance7,field.pose.covariance8,field.pose.covariance9,field.pose.covariance10,field.pose.covariance11,field.pose.covariance12,field.pose.covariance13,field.pose.covariance14,field.pose.covariance15,field.pose.covariance16,field.pose.covariance17,field.pose.covariance18,field.pose.covariance19,field.pose.covariance20,field.pose.covariance21,field.pose.covariance22,field.pose.covariance23,field.pose.covariance24,field.pose.covariance25,field.pose.covariance26,field.pose.covariance27,field.pose.covariance28,field.pose.covariance29,field.pose.covariance30,field.pose.covariance31,field.pose.covariance32,field.pose.covariance33,field.pose.covariance34,field.pose.covariance35
1754820450126941109,6747,1754820436270354865,map,0.6320805284801098,-2.011178554591185,0.0,0.0,0.0,0.9999919497225288,0.004012541605432789,0.03608200599137551,0.003601885803533822,0.0,0.0,0.0,0.0,0.003601885803533822,0.03508093425766301,0.0,0.0,0.0,0.0,0.0,0.0,0.0,0.0,0.0,0.0,0.0,0.0,0.0,0.0,0.0,0.0,0.0,0.0,0.0,0.0,0.0,0.0,0.0,0.0,0.0,0.0,0.0,0.016502577314743035
1754820451954154682,6748,1754820451922408366,map,0.4438792267706387,-2.0176105785099563,0.0,0.0,0.0,-0.9998610153241567,0.01667183358081859,0.03412946625299185,0.004333506869674708,0.0,0.0,0.0,0.0,0.004333506869674708,0.04522438549308827,0.0,0.0,0.0,0.0,0.0,0.0,0.0,0.0,0.0,0.0,0.0,0.0,0.0,0.0,0.0,0.0,0.0,0.0,0.0,0.0,0.0,0.0,0.0,0.0,0.0,0.0,0.0,0.014755219883082522
1754820452176586213,6749,1754820452133008978,map,0.19739250137775466,-2.029424333545658,0.0,0.0,0.0,-0.9998317537889501,0.018342958194148218,0.03606509369926278,0.005575208182903801,0.0,0.0,0.0,0.0,0.005575208182903801,0.046504044791786825,0.0,0.0,0.0,0.0,0.0,0.0,0.0,0.0,0.0,0.0,0.0,0.0,0.0,0.0,0.0,0.0,0.0,0.0,0.0,0.0,0.0,0.0,0.0,0.0,0.0,0.0,0.0,0.015351699664123523
1754820452388364626,6750,1754820452364564966,map,-0.055818161143631466,-2.0541855927010033,0.0,0.0,0.0,-0.9996862871655386,0.02504650181522961,0.03751417623837472,0.004917791393117113,0.0,0.0,0.0,0.0,0.0049177913931171685,0.04588507240124784,0.0,0.0,0.0,0.0,0.0,0.0,0.0,0.0,0.0,0.0,0.0,0.0,0.0,0.0,0.0,0.0,0.0,0.0,0.0,0.0,0.0,0.0,0.0,0.0,0.0,0.0,0.0,0.016542254877462158
1754820452600300394,6751,1754820452563885875,map,-0.3784555998884206,-2.0794752556405185,0.0,0.0,0.0,-0.9995807663000407,0.028953266534597705,0.04509961771970883,0.008171527695533864,0.0,0.0,0.0,0.0,0.008171527695533864,0.0647322737762801,0.0,0.0,0.0,0.0,0.0,0.0,0.0,0.0,0.0,0.0,0.0,0.0,0.0,0.0,0.0,0.0,0.0,0.0,0.0,0.0,0.0,0.0,0.0,0.0,0.0,0.0,0.0,0.020717828491615114
1754820452735527095,6752,1754820452697782902,map,-0.6551692017401417,-2.1078332532593196,0.0,0.0,0.0,-0.9994870267959243,0.032026290241663743,0.0488207126193686,0.006222072678629731,0.0,0.0,0.0,0.0,0.006222072678629731,0.07661247860058928,0.0,0.0,0.0,0.0,0.0,0.0,0.0,0.0,0.0,0.0,0.0,0.0,0.0,0.0,0.0,0.0,0.0,0.0,0.0,0.0,0.0,0.0,0.0,0.0,0.0,0.0,0.0,0.022711343036917124
1754820452827286445,6753,1754820452792622212,map,-0.8608939111073151,-2.1292110346108037,0.0,0.0,0.0,-0.9994519888796897,0.033101690658222806,0.049854412464092945,0.0062735359725589745,0.0,0.0,0.0,0.0,0.0062735359725589745,0.08909270412806602,0.0,0.0,0.0,0.0,0.0,0.0,0.0,0.0,0.0,0.0,0.0,0.0,0.0,0.0,0.0,0.0,0.0,0.0,0.0,0.0,0.0,0.0,0.0,0.0,0.0,0.0,0.0,0.023772712451532826
1754820452932843198,6754,1754820452900664551,map,-1.0816345337668618,-2.137675157366905,0.0,0.0,0.0,-0.9996013036188384,0.02823532899611495,0.04907268893709249,0.00647724924072568,0.0,0.0,0.0,0.0,0.006477249240726124,0.10192420981175765,0.0,0.0,0.0,0.0,0.0,0.0,0.0,0.0,0.0,0.0,0.0,0.0,0.0,0.0,0.0,0.0,0.0,0.0,0.0,0.0,0.0,0.0,0.0,0.0,0.0,0.0,0.0,0.025475040581872027
1754820453066558347,6755,1754820453027237269,map,-1.3141091457786025,-2.1590624042954465,0.0,0.0,0.0,-0.9994640761682523,0.03273469793876093,0.04860234703958177,0.004124782995918785,0.0,0.0,0.0,0.0,0.004124782995918785,0.1256117049402352,0.0,0.0,0.0,0.0,0.0,0.0,0.0,0.0,0.0,0.0,0.0,0.0,0.0,0.0,0.0,0.0,0.0,0.0,0.0,0.0,0.0,0.0,0.0,0.0,0.0,0.0,0.0,0.02603914189492962
1754820453190857113,6756,1754820453131277055,map,-1.5235717340368147,-2.1794597108517153,0.0,0.0,0.0,-0.9994213435901985,0.034014378964819736,0.04702861056143659,0.0024745545115640866,0.0,0.0,0.0,0.0,0.0024745545115640866,0.14256372928444172,0.0,0.0,0.0,0.0,0.0,0.0,0.0,0.0,0.0,0.0,0.0,0.0,0.0,0.0,0.0,0.0,0.0,0.0,0.0,0.0,0.0,0.0,0.0,0.0,0.0,0.0,0.0,0.02684363684256377
1754820453265494257,6757,1754820453230924841,map,-1.7130665976342092,-2.190002708751233,0.0,0.0,0.0,-0.9993810875661329,0.035177291185272755,0.0458207471625629,-0.0005803589123924979,0.0,0.0,0.0,0.0,-0.000580358912392942,0.17062831795057232,0.0,0.0,0.0,0.0,0.0,0.0,0.0,0.0,0.0,0.0,0.0,0.0,0.0,0.0,0.0,0.0,0.0,0.0,0.0,0.0,0.0,0.0,0.0,0.0,0.0,0.0,0.0,0.02835509591253066
1754820453363189297,6758,1754820453333131244,map,-1.9454399577644752,-2.1949129490022616,0.0,0.0,0.0,-0.9994985249469773,0.031665416921565444,0.04382317731898988,-0.0015664237957730975,0.0,0.0,0.0,0.0,-0.0015664237957730975,0.21367524953338712,0.0,0.0,0.0,0.0,0.0,0.0,0.0,0.0,0.0,0.0,0.0,0.0,0.0,0.0,0.0,0.0,0.0,0.0,0.0,0.0,0.0,0.0,0.0,0.0,0.0,0.0,0.0,0.030597803781992675
1754820453524169146,6759,1754820453468786806,map,-2.214987969559377,-2.1945072083648514,0.0,0.0,0.0,0.9977040837522041,0.06772415569185747,0.0525334662275041,-0.0059726390686103414,0.0,0.0,0.0,0.0,-0.0059726390686103414,0.26580989715287817,0.0,0.0,0.0,0.0,0.0,0.0,0.0,0.0,0.0,0.0,0.0,0.0,0.0,0.0,0.0,0.0,0.0,0.0,0.0,0.0,0.0,0.0,0.0,0.0,0.0,0.0,0.0,0.035828634600464024
1754820453578944104,6760,1754820453555901614,map,-2.3944105226207912,-2.152524636125179,0.0,0.0,0.0,0.9934138511145523,0.11458150118476432,0.05506122321239104,0.001782892504558653,0.0,0.0,0.0,0.0,0.001782892504558653,0.2539274999825354,0.0,0.0,0.0,0.0,0.0,0.0,0.0,0.0,0.0,0.0,0.0,0.0,0.0,0.0,0.0,0.0,0.0,0.0,0.0,0.0,0.0,0.0,0.0,0.0,0.0,0.0,0.0,0.032282524803919514
1754820453738902247,6761,1754820453697177687,map,-2.5941524688817905,-2.0851401897889117,0.0,0.0,0.0,0.9928802601534447,0.1191167032688027,0.05734678774550339,0.012866895352774854,0.0,0.0,0.0,0.0,0.012866895352774854,0.2761303403017621,0.0,0.0,0.0,0.0,0.0,0.0,0.0,0.0,0.0,0.0,0.0,0.0,0.0,0.0,0.0,0.0,0.0,0.0,0.0,0.0,0.0,0.0,0.0,0.0,0.0,0.0,0.0,0.033095128788699676
1754820453942072249,6762,1754820453900021533,map,-2.8501969247226104,-2.009851997110844,0.0,0.0,0.0,0.994887414339446,0.10099026086198282,0.062250473887635493,0.014918601777090146,0.0,0.0,0.0,0.0,0.014918601777091034,0.3122496653466218,0.0,0.0,0.0,0.0,0.0,0.0,0.0,0.0,0.0,0.0,0.0,0.0,0.0,0.0,0.0,0.0,0.0,0.0,0.0,0.0,0.0,0.0,0.0,0.0,0.0,0.0,0.0,0.035044179095868565
1754820454173500612,6763,1754820454137237272,map,-3.0568401923981137,-1.9639197649408373,0.0,0.0,0.0,0.9985610976981325,0.053625872150489674,0.0633394628964723,0.018945842420647452,0.0,0.0,0.0,0.0,0.018945842420647452,0.35605168454958136,0.0,0.0,0.0,0.0,0.0,0.0,0.0,0.0,0.0,0.0,0.0,0.0,0.0,0.0,0.0,0.0,0.0,0.0,0.0,0.0,0.0,0.0,0.0,0.0,0.0,0.0,0.0,0.03771543263148444
1754820454366505119,6764,1754820454332107112,map,-3.2150463505137368,-1.9550335114753246,0.0,0.0,0.0,0.9987246830573243,0.0504876960461375,0.06433437544452936,0.020739854115451095,0.0,0.0,0.0,0.0,0.020739854115451095,0.37363383827794516,0.0,0.0,0.0,0.0,0.0,0.0,0.0,0.0,0.0,0.0,0.0,0.0,0.0,0.0,0.0,0.0,0.0,0.0,0.0,0.0,0.0,0.0,0.0,0.0,0.0,0.0,0.0,0.03838150741849275
1754820454502270508,6765,1754820454467919177,map,-3.38707572537414,-1.9521267449535982,0.0,0.0,0.0,0.9988343943540877,0.04826854726737461,0.06629685304165456,0.02521598054836982,0.0,0.0,0.0,0.0,0.025215980548368933,0.41607528422632667,0.0,0.0,0.0,0.0,0.0,0.0,0.0,0.0,0.0,0.0,0.0,0.0,0.0,0.0,0.0,0.0,0.0,0.0,0.0,0.0,0.0,0.0,0.0,0.0,0.0,0.0,0.0,0.03745301750572039
1754820454641858252,6766,1754820454597838365,map,-3.5615482090840733,-1.9395904633929766,0.0,0.0,0.0,0.9988284052920315,0.04839232151671464,0.06480170441573385,0.025865836238371465,0.0,0.0,0.0,0.0,0.025865836238371465,0.4217173378323338,0.0,0.0,0.0,0.0,0.0,0.0,0.0,0.0,0.0,0.0,0.0,0.0,0.0,0.0,0.0,0.0,0.0,0.0,0.0,0.0,0.0,0.0,0.0,0.0,0.0,0.0,0.0,0.036024913332534596
1754820454839445652,6767,1754820454802783392,map,-3.826501063232398,-1.893095614279815,0.0,0.0,0.0,0.9987686211186069,0.04961090070575841,0.07169738102726164,0.027352441870106325,0.0,0.0,0.0,0.0,0.027352441870105437,0.4931749855051737,0.0,0.0,0.0,0.0,0.0,0.0,0.0,0.0,0.0,0.0,0.0,0.0,0.0,0.0,0.0,0.0,0.0,0.0,0.0,0.0,0.0,0.0,0.0,0.0,0.0,0.0,0.0,0.039654267323808445
1754820454941131063,6768,1754820454903033650,map,-4.004394743774978,-1.8615026043750835,0.0,0.0,0.0,0.9986650067083508,0.051654664612303926,0.07495125868017993,0.02593211681192642,0.0,0.0,0.0,0.0,0.02593211681192642,0.5147977578425809,0.0,0.0,0.0,0.0,0.0,0.0,0.0,0.0,0.0,0.0,0.0,0.0,0.0,0.0,0.0,0.0,0.0,0.0,0.0,0.0,0.0,0.0,0.0,0.0,0.0,0.0,0.0,0.03831014702253008
1754820455025489168,6769,1754820454998309145,map,-4.216309090569668,-1.879760077740184,0.0,0.0,0.0,0.9988447709889086,0.04805333982268917,0.0810607661215137,0.019729862415768018,0.0,0.0,0.0,0.0,0.019729862415768018,0.6041681108075063,0.0,0.0,0.0,0.0,0.0,0.0,0.0,0.0,0.0,0.0,0.0,0.0,0.0,0.0,0.0,0.0,0.0,0.0,0.0,0.0,0.0,0.0,0.0,0.0,0.0,0.0,0.0,0.04141143992445939
1754820455128728379,6770,1754820455097439973,map,-4.449097208980692,-1.8252312016695345,0.0,0.0,0.0,0.998663866893512,0.05167669650139781,0.08472843060474844,0.029237950818600922,0.0,0.0,0.0,0.0,0.029237950818600922,0.6527396711622684,0.0,0.0,0.0,0.0,0.0,0.0,0.0,0.0,0.0,0.0,0.0,0.0,0.0,0.0,0.0,0.0,0.0,0.0,0.0,0.0,0.0,0.0,0.0,0.0,0.0,0.0,0.0,0.03930358973494855
1754820455233543783,6771,1754820455200471399,map,-4.681239248487621,-1.7901902423812104,0.0,0.0,0.0,0.9986756559755038,0.051448364035187294,0.08958916073672896,0.023395192888434835,0.0,0.0,0.0,0.0,0.023395192888434835,0.6975162295215274,0.0,0.0,0.0,0.0,0.0,0.0,0.0,0.0,0.0,0.0,0.0,0.0,0.0,0.0,0.0,0.0,0.0,0.0,0.0,0.0,0.0,0.0,0.0,0.0,0.0,0.0,0.0,0.03826647893117886
1754820455382225269,6772,1754820455339214036,map,-4.9535143099419585,-1.680980562660474,0.0,0.0,0.0,0.9997447518640261,0.022592722729607356,0.106741107023133,0.03227793741880447,0.0,0.0,0.0,0.0,0.032277937418806246,0.7445484052219995,0.0,0.0,0.0,0.0,0.0,0.0,0.0,0.0,0.0,0.0,0.0,0.0,0.0,0.0,0.0,0.0,0.0,0.0,0.0,0.0,0.0,0.0,0.0,0.0,0.0,0.0,0.0,0.04031042670258087
1754820455472311809,6773,1754820455438050263,map,-5.150375913573969,-1.6782625578882455,0.0,0.0,0.0,-0.9996753663735314,0.02547865510472905,0.11562846733990284,0.03427513253137526,0.0,0.0,0.0,0.0,0.03427513253137526,0.7544118408177063,0.0,0.0,0.0,0.0,0.0,0.0,0.0,0.0,0.0,0.0,0.0,0.0,0.0,0.0,0.0,0.0,0.0,0.0,0.0,0.0,0.0,0.0,0.0,0.0,0.0,0.0,0.0,0.041438790684346284
1754820455578939156,6774,1754820455540228908,map,-5.31416464197079,-1.628319735792613,0.0,0.0,0.0,-0.9998303564495283,0.018418966366466148,0.11785248961518491,0.031017412585960358,0.0,0.0,0.0,0.0,0.031017412585960358,0.7856733428019647,0.0,0.0,0.0,0.0,0.0,0.0,0.0,0.0,0.0,0.0,0.0,0.0,0.0,0.0,0.0,0.0,0.0,0.0,0.0,0.0,0.0,0.0,0.0,0.0,0.0,0.0,0.0,0.0406988344950907
1754820455716319715,6775,1754820455675688405,map,-5.482254489684077,-1.5905499545515764,0.0,0.0,0.0,0.9998840055774516,0.015230738340299685,0.12772312763000215,0.04498733000071198,0.0,0.0,0.0,0.0,0.04498733000071198,0.8491158187352497,0.0,0.0,0.0,0.0,0.0,0.0,0.0,0.0,0.0,0.0,0.0,0.0,0.0,0.0,0.0,0.0,0.0,0.0,0.0,0.0,0.0,0.0,0.0,0.0,0.0,0.0,0.0,0.04011357104596609
1754820455969371086,6776,1754820455905314820,map,-5.745875689137387,-1.5634632185575248,0.0,0.0,0.0,0.997138548743091,0.0755957314305659,0.13226909912128093,0.03816337198388453,0.0,0.0,0.0,0.0,0.038163371983882755,0.8987176649547921,0.0,0.0,0.0,0.0,0.0,0.0,0.0,0.0,0.0,0.0,0.0,0.0,0.0,0.0,0.0,0.0,0.0,0.0,0.0,0.0,0.0,0.0,0.0,0.0,0.0,0.0,0.0,0.04051710790798274
1754820456176880195,6777,1754820456142170115,map,-5.9168957526421995,-1.4950648195381548,0.0,0.0,0.0,0.9913413345787183,0.13131016090038725,0.1340080514187889,0.03642291434381839,0.0,0.0,0.0,0.0,0.03642291434381839,0.8817339045453441,0.0,0.0,0.0,0.0,0.0,0.0,0.0,0.0,0.0,0.0,0.0,0.0,0.0,0.0,0.0,0.0,0.0,0.0,0.0,0.0,0.0,0.0,0.0,0.0,0.0,0.0,0.0,0.036597381279105945
1754820456508550032,6778,1754820456476562535,map,-6.176063864010237,-1.394866905886264,0.0,0.0,0.0,0.9911678033265329,0.1326136706710719,0.14774977619892127,0.04895089690764998,0.0,0.0,0.0,0.0,0.04895089690764998,0.8552553756204029,0.0,0.0,0.0,0.0,0.0,0.0,0.0,0.0,0.0,0.0,0.0,0.0,0.0,0.0,0.0,0.0,0.0,0.0,0.0,0.0,0.0,0.0,0.0,0.0,0.0,0.0,0.0,0.03511831366788721
1754820456748192810,6779,1754820456710048385,map,-6.551165602556249,-1.2747396125123223,0.0,0.0,0.0,0.9916879427378201,0.12866632903922423,0.17058944489505024,0.04768394067030535,0.0,0.0,0.0,0.0,0.04768394067030535,0.8759975367582451,0.0,0.0,0.0,0.0,0.0,0.0,0.0,0.0,0.0,0.0,0.0,0.0,0.0,0.0,0.0,0.0,0.0,0.0,0.0,0.0,0.0,0.0,0.0,0.0,0.0,0.0,0.0,0.03988515839005416
1754820456835076915,6780,1754820456805395192,map,-6.764742752382128,-1.2126663896641292,0.0,0.0,0.0,0.9917166802465405,0.1284446422424114,0.17350129766998634,0.046373007886970186,0.0,0.0,0.0,0.0,0.046373007886970186,0.892586652481892,0.0,0.0,0.0,0.0,0.0,0.0,0.0,0.0,0.0,0.0,0.0,0.0,0.0,0.0,0.0,0.0,0.0,0.0,0.0,0.0,0.0,0.0,0.0,0.0,0.0,0.0,0.0,0.038119267885323785
1754820456974416614,6781,1754820456941306011,map,-7.076466941701585,-1.1528893388029255,0.0,0.0,0.0,0.9923320902298856,0.12360025364046093,0.17614002098575554,0.07388266946526478,0.0,0.0,0.0,0.0,0.07388266946526478,0.8638030392380671,0.0,0.0,0.0,0.0,0.0,0.0,0.0,0.0,0.0,0.0,0.0,0.0,0.0,0.0,0.0,0.0,0.0,0.0,0.0,0.0,0.0,0.0,0.0,0.0,0.0,0.0,0.0,0.03770496173709434
1754820457075611664,6782,1754820457040974811,map,-7.305011583029867,-1.1350642184602007,0.0,0.0,0.0,0.9928201457952163,0.11961671331032919,0.18096634480438212,0.07465386038453481,0.0,0.0,0.0,0.0,0.07465386038453481,0.9530581369483828,0.0,0.0,0.0,0.0,0.0,0.0,0.0,0.0,0.0,0.0,0.0,0.0,0.0,0.0,0.0,0.0,0.0,0.0,0.0,0.0,0.0,0.0,0.0,0.0,0.0,0.0,0.0,0.03788717355486538
1754820457222423547,6783,1754820457180982711,map,-7.612411146959271,-1.1130420162059764,0.0,0.0,0.0,0.9935334333620548,0.11353993478863432,0.20199918659952942,0.07292498458246577,0.0,0.0,0.0,0.0,0.07292498458246399,1.0838388046971645,0.0,0.0,0.0,0.0,0.0,0.0,0.0,0.0,0.0,0.0,0.0,0.0,0.0,0.0,0.0,0.0,0.0,0.0,0.0,0.0,0.0,0.0,0.0,0.0,0.0,0.0,0.0,0.03989914660448814
1754820457312311133,6784,1754820457285675819,map,-7.8492598108806915,-1.036795944463008,0.0,0.0,0.0,0.9937100021874594,0.1119840682981259,0.1979983547928157,0.08543303963167759,0.0,0.0,0.0,0.0,0.08543303963167759,1.040313510387363,0.0,0.0,0.0,0.0,0.0,0.0,0.0,0.0,0.0,0.0,0.0,0.0,0.0,0.0,0.0,0.0,0.0,0.0,0.0,0.0,0.0,0.0,0.0,0.0,0.0,0.0,0.0,0.033729537142270144
1754820457451872780,6785,1754820457420797751,map,-8.11256418005213,-0.9732476024989848,0.0,0.0,0.0,0.9938534547395057,0.11070370591063892,0.20334447286629143,0.09575680215432225,0.0,0.0,0.0,0.0,0.09575680215432225,1.0797136803781897,0.0,0.0,0.0,0.0,0.0,0.0,0.0,0.0,0.0,0.0,0.0,0.0,0.0,0.0,0.0,0.0,0.0,0.0,0.0,0.0,0.0,0.0,0.0,0.0,0.0,0.0,0.0,0.035040319176599666
1754820457608390303,6786,1754820457550044891,map,-8.385009722861362,-0.9428351444556531,0.0,0.0,0.0,0.99401385740074,0.10925406763732579,0.21174145722652327,0.08593967710952022,0.0,0.0,0.0,0.0,0.08593967710952022,1.2833175066278226,0.0,0.0,0.0,0.0,0.0,0.0,0.0,0.0,0.0,0.0,0.0,0.0,0.0,0.0,0.0,0.0,0.0,0.0,0.0,0.0,0.0,0.0,0.0,0.0,0.0,0.0,0.0,0.03766098203981128
1754820457701841733,6787,1754820457645835554,map,-8.612336090908402,-0.8705988512953303,0.0,0.0,0.0,0.9940201609342789,0.10919670167267066,0.22896213424176892,0.12185396562474526,0.0,0.0,0.0,0.0,0.12185396562474438,1.3828642627092673,0.0,0.0,0.0,0.0,0.0,0.0,0.0,0.0,0.0,0.0,0.0,0.0,0.0,0.0,0.0,0.0,0.0,0.0,0.0,0.0,0.0,0.0,0.0,0.0,0.0,0.0,0.0,0.03991871333466634
1754820457758689665,6788,1754820457738341305,map,-8.805994915006798,-0.7837765908039537,0.0,0.0,0.0,0.9940916324491617,0.1085441214187161,0.24350550299568852,0.15116117474804724,0.0,0.0,0.0,0.0,0.15116117474804636,1.3957883670077487,0.0,0.0,0.0,0.0,0.0,0.0,0.0,0.0,0.0,0.0,0.0,0.0,0.0,0.0,0.0,0.0,0.0,0.0,0.0,0.0,0.0,0.0,0.0,0.0,0.0,0.0,0.0,0.038549820261073266
1754820457909481683,6789,1754820457846246642,map,-9.00579297373379,-0.7220456657853133,0.0,0.0,0.0,0.993809762417177,0.11109525698387894,0.2334936333000428,0.17299474948868898,0.0,0.0,0.0,0.0,0.17299474948868632,1.4204266063131943,0.0,0.0,0.0,0.0,0.0,0.0,0.0,0.0,0.0,0.0,0.0,0.0,0.0,0.0,0.0,0.0,0.0,0.0,0.0,0.0,0.0,0.0,0.0,0.0,0.0,0.0,0.0,0.03796605471615448
1754820458011542915,6790,1754820457974992770,map,-9.225997213440339,-0.6035002281563626,0.0,0.0,0.0,0.9933321687553512,0.11528747770590836,0.25359711174832,0.1902517844329914,0.0,0.0,0.0,0.0,0.1902517844329914,1.5230058677226093,0.0,0.0,0.0,0.0,0.0,0.0,0.0,0.0,0.0,0.0,0.0,0.0,0.0,0.0,0.0,0.0,0.0,0.0,0.0,0.0,0.0,0.0,0.0,0.0,0.0,0.0,0.0,0.04270122310024138
1754820458114745827,6791,1754820458080362117,map,-9.357030703062316,-0.5457312574903116,0.0,0.0,0.0,0.9929085823934413,0.1188803895074662,0.25756894646907824,0.19769840261828353,0.0,0.0,0.0,0.0,0.19769840261828264,1.6087303376614763,0.0,0.0,0.0,0.0,0.0,0.0,0.0,0.0,0.0,0.0,0.0,0.0,0.0,0.0,0.0,0.0,0.0,0.0,0.0,0.0,0.0,0.0,0.0,0.0,0.0,0.0,0.0,0.043764492407667624
1754820458258774500,6792,1754820458213337617,map,-9.545853211046618,-0.30448525857978653,0.0,0.0,0.0,0.9922316924177619,0.12440365172206126,0.27650134108614566,0.2045477195969374,0.0,0.0,0.0,0.0,0.2045477195969374,1.6704066164989912,0.0,0.0,0.0,0.0,0.0,0.0,0.0,0.0,0.0,0.0,0.0,0.0,0.0,0.0,0.0,0.0,0.0,0.0,0.0,0.0,0.0,0.0,0.0,0.0,0.0,0.0,0.0,0.046963753570894495
1754820458546312463,6793,1754820458457976101,map,-9.92961347357676,-0.46234681962427915,0.0,0.0,0.0,0.9936110635457988,0.11285855926506706,0.312270195676291,0.26483440608596887,0.0,0.0,0.0,0.0,0.26483440608596887,1.663271325692431,0.0,0.0,0.0,0.0,0.0,0.0,0.0,0.0,0.0,0.0,0.0,0.0,0.0,0.0,0.0,0.0,0.0,0.0,0.0,0.0,0.0,0.0,0.0,0.0,0.0,0.0,0.0,0.05306919462273111
1754820458708463451,6794,1754820458647928687,map,-10.18338872119571,-0.3201597322173996,0.0,0.0,0.0,0.9931060848133272,0.11721904412997344,0.33995250515084763,0.2881124904042718,0.0,0.0,0.0,0.0,0.2881124904042718,1.8038337881814839,0.0,0.0,0.0,0.0,0.0,0.0,0.0,0.0,0.0,0.0,0.0,0.0,0.0,0.0,0.0,0.0,0.0,0.0,0.0,0.0,0.0,0.0,0.0,0.0,0.0,0.0,0.0,0.05925574672208354
1754820458841042926,6795,1754820458783565939,map,-10.304691222622212,-0.22107730160672537,0.0,0.0,0.0,0.9925049604707722,0.12220435115375809,0.3323371796135888,0.31666775886747844,0.0,0.0,0.0,0.0,0.31666775886747844,1.7352935499318205,0.0,0.0,0.0,0.0,0.0,0.0,0.0,0.0,0.0,0.0,0.0,0.0,0.0,0.0,0.0,0.0,0.0,0.0,0.0,0.0,0.0,0.0,0.0,0.0,0.0,0.0,0.0,0.0550470014616534
1754820459110407153,6796,1754820459031078118,map,-10.507621851569402,-0.1385778688815303,0.0,0.0,0.0,0.9918125684527581,0.1277021106291631,0.35760616352069974,0.34815247583814557,0.0,0.0,0.0,0.0,0.34815247583814557,1.8244704503191884,0.0,0.0,0.0,0.0,0.0,0.0,0.0,0.0,0.0,0.0,0.0,0.0,0.0,0.0,0.0,0.0,0.0,0.0,0.0,0.0,0.0,0.0,0.0,0.0,0.0,0.0,0.0,0.055914885674031384
1754820459348697187,6797,1754820459256908469,map,-10.788831234910203,-0.051487084752801934,0.0,0.0,0.0,0.9918643367966531,0.12729940059142247,0.39183629991714497,0.3871124832434405,0.0,0.0,0.0,0.0,0.3871124832434405,2.0780531969311866,0.0,0.0,0.0,0.0,0.0,0.0,0.0,0.0,0.0,0.0,0.0,0.0,0.0,0.0,0.0,0.0,0.0,0.0,0.0,0.0,0.0,0.0,0.0,0.0,0.0,0.0,0.0,0.06067501846343142
1754820459449992785,6798,1754820459349410649,map,-10.92580675059088,0.011913347782953474,0.0,0.0,0.0,0.9914377655096429,0.13058007934308455,0.4062012763344711,0.4346840454102866,0.0,0.0,0.0,0.0,0.4346840454102864,2.1655873593063655,0.0,0.0,0.0,0.0,0.0,0.0,0.0,0.0,0.0,0.0,0.0,0.0,0.0,0.0,0.0,0.0,0.0,0.0,0.0,0.0,0.0,0.0,0.0,0.0,0.0,0.0,0.0,0.06719002799897011
1754820459540151251,6799,1754820459486496210,map,-11.220292255635167,0.06558917378764205,0.0,0.0,0.0,0.9919196644087711,0.1268675662223835,0.44810299887359406,0.4713952251498653,0.0,0.0,0.0,0.0,0.4713952251498652,1.982092918155846,0.0,0.0,0.0,0.0,0.0,0.0,0.0,0.0,0.0,0.0,0.0,0.0,0.0,0.0,0.0,0.0,0.0,0.0,0.0,0.0,0.0,0.0,0.0,0.0,0.0,0.0,0.0,0.0667468447112828
1754820459678433488,6800,1754820459624219129,map,-11.524540466591617,0.17844931660803579,0.0,0.0,0.0,0.9919989955060448,0.1262457639487286,0.44909121878922065,0.5091783578008613,0.0,0.0,0.0,0.0,0.5091783578008613,1.8515812112267456,0.0,0.0,0.0,0.0,0.0,0.0,0.0,0.0,0.0,0.0,0.0,0.0,0.0,0.0,0.0,0.0,0.0,0.0,0.0,0.0,0.0,0.0,0.0,0.0,0.0,0.0,0.0,0.07043625937483727
1754820459791970465,6801,1754820459754820185,map,-11.780961535132414,0.21189572526339248,0.0,0.0,0.0,0.9913549595991811,0.13120725619456466,0.4578495399992164,0.558920449313856,0.0,0.0,0.0,0.0,0.558920449313856,1.890453786096027,0.0,0.0,0.0,0.0,0.0,0.0,0.0,0.0,0.0,0.0,0.0,0.0,0.0,0.0,0.0,0.0,0.0,0.0,0.0,0.0,0.0,0.0,0.0,0.0,0.0,0.0,0.0,0.06961125023468731
1754820459875909833,6802,1754820459846009633,map,-11.981751615345262,0.267366520246543,0.0,0.0,0.0,0.991117600944533,0.1329883494820256,0.512518893709256,0.6786493516857854,0.0,0.0,0.0,0.0,0.6786493516857854,2.075645118907462,0.0,0.0,0.0,0.0,0.0,0.0,0.0,0.0,0.0,0.0,0.0,0.0,0.0,0.0,0.0,0.0,0.0,0.0,0.0,0.0,0.0,0.0,0.0,0.0,0.0,0.0,0.0,0.07665798431468128
1754820460049786834,6803,1754820459989310674,map,-12.29463869554685,0.39898471694895976,0.0,0.0,0.0,0.9907306680613712,0.1358408751542371,0.5239180415516103,0.707321129678955,0.0,0.0,0.0,0.0,0.707321129678955,2.103956857690692,0.0,0.0,0.0,0.0,0.0,0.0,0.0,0.0,0.0,0.0,0.0,0.0,0.0,0.0,0.0,0.0,0.0,0.0,0.0,0.0,0.0,0.0,0.0,0.0,0.0,0.0,0.0,0.08031326656287598
1754820460156576975,6804,1754820460121720461,map,-12.578822057427647,0.4098315222357086,0.0,0.0,0.0,0.991553784082502,0.12969615750542055,0.5228900101622571,0.7293572275648277,0.0,0.0,0.0,0.0,0.7293572275648277,2.1419172973924545,0.0,0.0,0.0,0.0,0.0,0.0,0.0,0.0,0.0,0.0,0.0,0.0,0.0,0.0,0.0,0.0,0.0,0.0,0.0,0.0,0.0,0.0,0.0,0.0,0.0,0.0,0.0,0.07978370434330875
1754820460261648443,6805,1754820460219289571,map,-12.835632806887585,0.34608941282223243,0.0,0.0,0.0,0.9923150793776354,0.12373674975429522,0.5722498485438337,0.7926262010169447,0.0,0.0,0.0,0.0,0.7926262010169447,2.2265323007753506,0.0,0.0,0.0,0.0,0.0,0.0,0.0,0.0,0.0,0.0,0.0,0.0,0.0,0.0,0.0,0.0,0.0,0.0,0.0,0.0,0.0,0.0,0.0,0.0,0.0,0.0,0.0,0.08401417054975387
1754820460391729186,6806,1754820460355703283,map,-13.012982837581665,0.5899072810775293,0.0,0.0,0.0,0.9903345634038195,0.13869914393306865,0.678038756027064,0.9392701646373558,0.0,0.0,0.0,0.0,0.9392701646373558,2.599627066844557,0.0,0.0,0.0,0.0,0.0,0.0,0.0,0.0,0.0,0.0,0.0,0.0,0.0,0.0,0.0,0.0,0.0,0.0,0.0,0.0,0.0,0.0,0.0,0.0,0.0,0.0,0.0,0.09807078454276708
1754820460491483302,6807,1754820460456359696,map,-13.233710465289159,0.6083950234492954,0.0,0.0,0.0,0.9905972612956485,0.13681032824155,0.7485994806211238,1.057473134943188,0.0,0.0,0.0,0.0,1.0574731349431863,2.8860504857057085,0.0,0.0,0.0,0.0,0.0,0.0,0.0,0.0,0.0,0.0,0.0,0.0,0.0,0.0,0.0,0.0,0.0,0.0,0.0,0.0,0.0,0.0,0.0,0.0,0.0,0.0,0.0,0.10310228987144626
1754820460594468690,6808,1754820460557867367,map,-13.540400860673254,0.5626418362690684,0.0,0.0,0.0,0.9919133633140682,0.12691682189124256,0.7522240366679682,1.0410941243628011,0.0,0.0,0.0,0.0,1.0410941243628011,2.792288393975097,0.0,0.0,0.0,0.0,0.0,0.0,0.0,0.0,0.0,0.0,0.0,0.0,0.0,0.0,0.0,0.0,0.0,0.0,0.0,0.0,0.0,0.0,0.0,0.0,0.0,0.0,0.0,0.1010036438516913
1754820460680862800,6809,1754820460653437521,map,-13.666091557019142,0.7551082561184657,0.0,0.0,0.0,0.9913774297490741,0.13103736789221537,0.7739242166398412,1.092024992994089,0.0,0.0,0.0,0.0,1.092024992994089,2.9385399730811086,0.0,0.0,0.0,0.0,0.0,0.0,0.0,0.0,0.0,0.0,0.0,0.0,0.0,0.0,0.0,0.0,0.0,0.0,0.0,0.0,0.0,0.0,0.0,0.0,0.0,0.0,0.0,0.10046615352308537
1754820460800739205,6810,1754820460759488585,map,-13.854121846647628,0.8407967976794977,0.0,0.0,0.0,0.9908041356701579,0.1353039716302195,0.7987702981355937,1.1424098606132276,0.0,0.0,0.0,0.0,1.1424098606132258,3.1207938911577746,0.0,0.0,0.0,0.0,0.0,0.0,0.0,0.0,0.0,0.0,0.0,0.0,0.0,0.0,0.0,0.0,0.0,0.0,0.0,0.0,0.0,0.0,0.0,0.0,0.0,0.0,0.0,0.10290028058420093
1754820460936329790,6811,1754820460899183549,map,-14.095425605892077,0.9337785014714155,0.0,0.0,0.0,0.9908068288315279,0.13528424867962763,0.9094028598498767,1.3107570513012785,0.0,0.0,0.0,0.0,1.3107570513012785,3.5544064038333927,0.0,0.0,0.0,0.0,0.0,0.0,0.0,0.0,0.0,0.0,0.0,0.0,0.0,0.0,0.0,0.0,0.0,0.0,0.0,0.0,0.0,0.0,0.0,0.0,0.0,0.0,0.0,0.11409645574445257
1754820461027449075,6812,1754820460994350915,map,-14.299616731667463,1.0213290003297788,0.0,0.0,0.0,0.9902246297711428,0.139481836074104,0.940123039365858,1.3765415069702147,0.0,0.0,0.0,0.0,1.3765415069702147,3.7536381331736974,0.0,0.0,0.0,0.0,0.0,0.0,0.0,0.0,0.0,0.0,0.0,0.0,0.0,0.0,0.0,0.0,0.0,0.0,0.0,0.0,0.0,0.0,0.0,0.0,0.0,0.0,0.0,0.11503058655563174
1754820461128592442,6813,1754820461095399802,map,-14.493369082749815,1.1445963986824141,0.0,0.0,0.0,0.9895971571658392,0.14386614101062603,1.0483036734596851,1.5407822053447813,0.0,0.0,0.0,0.0,1.540782205344783,3.861575617336499,0.0,0.0,0.0,0.0,0.0,0.0,0.0,0.0,0.0,0.0,0.0,0.0,0.0,0.0,0.0,0.0,0.0,0.0,0.0,0.0,0.0,0.0,0.0,0.0,0.0,0.0,0.0,0.11931273942477713
1754820461259366787,6814,1754820461227766820,map,-14.76959602722579,1.2243599695327751,0.0,0.0,0.0,0.9894689253180932,0.14474545184515408,1.116721047372664,1.6295119532251974,0.0,0.0,0.0,0.0,1.6295119532251974,4.048430765975253,0.0,0.0,0.0,0.0,0.0,0.0,0.0,0.0,0.0,0.0,0.0,0.0,0.0,0.0,0.0,0.0,0.0,0.0,0.0,0.0,0.0,0.0,0.0,0.0,0.0,0.0,0.0,0.12350376450350141
1754820461347181384,6815,1754820461319791766,map,-14.981169868680388,1.3022141514226058,0.0,0.0,0.0,0.9892635352109579,0.14614259441353125,1.169691355483451,1.699476551719382,0.0,0.0,0.0,0.0,1.699476551719382,4.17253168331198,0.0,0.0,0.0,0.0,0.0,0.0,0.0,0.0,0.0,0.0,0.0,0.0,0.0,0.0,0.0,0.0,0.0,0.0,0.0,0.0,0.0,0.0,0.0,0.0,0.0,0.0,0.0,0.12201471716330312
1754820461457933947,6816,1754820461425620473,map,-15.155640080506963,1.4157145433573484,0.0,0.0,0.0,0.9891034602605776,0.1472220937921752,1.2798666540784325,1.9175665555436794,0.0,0.0,0.0,0.0,1.9175665555436794,4.660178255630344,0.0,0.0,0.0,0.0,0.0,0.0,0.0,0.0,0.0,0.0,0.0,0.0,0.0,0.0,0.0,0.0,0.0,0.0,0.0,0.0,0.0,0.0,0.0,0.0,0.0,0.0,0.0,0.1310391650741166
1754820461597944902,6817,1754820461558428474,map,-15.427614614885124,1.5861614867407798,0.0,0.0,0.0,0.989030288765369,0.14771285626068809,1.344263267499997,2.0353844728021038,0.0,0.0,0.0,0.0,2.0353844728021038,5.020453912270742,0.0,0.0,0.0,0.0,0.0,0.0,0.0,0.0,0.0,0.0,0.0,0.0,0.0,0.0,0.0,0.0,0.0,0.0,0.0,0.0,0.0,0.0,0.0,0.0,0.0,0.0,0.0,0.13672099398246382
1754820461740678198,6818,1754820461700306886,map,-15.668633460498732,1.618359699881713,0.0,0.0,0.0,0.9897113516858488,0.14307844122777613,1.5276619511065235,2.29290946410924,0.0,0.0,0.0,0.0,2.2929094641092433,5.586646438729156,0.0,0.0,0.0,0.0,0.0,0.0,0.0,0.0,0.0,0.0,0.0,0.0,0.0,0.0,0.0,0.0,0.0,0.0,0.0,0.0,0.0,0.0,0.0,0.0,0.0,0.0,0.0,0.14396597521923862
1754820461863376310,6819,1754820461828951718,map,-15.890900727742006,1.671133755970509,0.0,0.0,0.0,0.9891012234366153,0.14723712098581243,1.713723402752862,2.5555861643623423,0.0,0.0,0.0,0.0,2.5555861643623423,6.007360192672021,0.0,0.0,0.0,0.0,0.0,0.0,0.0,0.0,0.0,0.0,0.0,0.0,0.0,0.0,0.0,0.0,0.0,0.0,0.0,0.0,0.0,0.0,0.0,0.0,0.0,0.0,0.0,0.1522960359664485
1754820461957169179,6820,1754820461923141419,map,-16.04937306685494,1.7467976736622073,0.0,0.0,0.0,0.9890425506145519,0.1476307321456527,1.726895942620331,2.554429891454504,0.0,0.0,0.0,0.0,2.554429891454504,6.015776116197367,0.0,0.0,0.0,0.0,0.0,0.0,0.0,0.0,0.0,0.0,0.0,0.0,0.0,0.0,0.0,0.0,0.0,0.0,0.0,0.0,0.0,0.0,0.0,0.0,0.0,0.0,0.0,0.1473212375560042
1754820462098437426,6821,1754820462059525888,map,-16.250978494254166,1.8430409844185287,0.0,0.0,0.0,0.9886410736730357,0.15029579983029248,1.6849791482173941,2.5098891032586366,0.0,0.0,0.0,0.0,2.5098891032586366,6.058833365634769,0.0,0.0,0.0,0.0,0.0,0.0,0.0,0.0,0.0,0.0,0.0,0.0,0.0,0.0,0.0,0.0,0.0,0.0,0.0,0.0,0.0,0.0,0.0,0.0,0.0,0.0,0.0,0.1397217011920198
1754820462204317807,6822,1754820462163553996,map,-16.36231224740815,1.9651091940068914,0.0,0.0,0.0,0.987272940950103,0.1590350278012187,1.969492794297139,2.850387374026294,0.0,0.0,0.0,0.0,2.8503873740262975,6.637886088516199,0.0,0.0,0.0,0.0,0.0,0.0,0.0,0.0,0.0,0.0,0.0,0.0,0.0,0.0,0.0,0.0,0.0,0.0,0.0,0.0,0.0,0.0,0.0,0.0,0.0,0.0,0.0,0.15357912777768118
1754820462321424453,6823,1754820462260801569,map,-16.88911166434602,1.5919177413498615,0.0,0.0,0.0,0.9919948134958865,0.12627862050743752,1.9615101875518235,2.788847461329979,0.0,0.0,0.0,0.0,2.788847461329979,6.661603515491922,0.0,0.0,0.0,0.0,0.0,0.0,0.0,0.0,0.0,0.0,0.0,0.0,0.0,0.0,0.0,0.0,0.0,0.0,0.0,0.0,0.0,0.0,0.0,0.0,0.0,0.0,0.0,0.14880465001521334
1754820462378316805,6824,1754820462355145412,map,-16.733226996047627,2.044772021763196,0.0,0.0,0.0,0.9874782756863677,0.1577550476133112,1.9002082751698595,2.691894892099576,0.0,0.0,0.0,0.0,2.691894892099576,6.538326525654482,0.0,0.0,0.0,0.0,0.0,0.0,0.0,0.0,0.0,0.0,0.0,0.0,0.0,0.0,0.0,0.0,0.0,0.0,0.0,0.0,0.0,0.0,0.0,0.0,0.0,0.0,0.0,0.14494747572591615
1754820462536502021,6825,1754820462495915195,map,-16.943493838525395,2.052515225659212,0.0,0.0,0.0,0.9879693860572433,0.15464957876979096,1.8951943945488665,2.724885881262594,0.0,0.0,0.0,0.0,2.7248858812625976,6.7844607685936165,0.0,0.0,0.0,0.0,0.0,0.0,0.0,0.0,0.0,0.0,0.0,0.0,0.0,0.0,0.0,0.0,0.0,0.0,0.0,0.0,0.0,0.0,0.0,0.0,0.0,0.0,0.0,0.14435103417700673
1754820462765362779,6826,1754820462734740257,map,-17.274742647480373,2.1691683281707426,0.0,0.0,0.0,0.9879404967356384,0.15483402374717226,1.9821173499282736,2.8055913245434922,0.0,0.0,0.0,0.0,2.8055913245434994,7.224365449403248,0.0,0.0,0.0,0.0,0.0,0.0,0.0,0.0,0.0,0.0,0.0,0.0,0.0,0.0,0.0,0.0,0.0,0.0,0.0,0.0,0.0,0.0,0.0,0.0,0.0,0.0,0.0,0.14951961250404341
1754820462873137929,6827,1754820462841117846,map,-17.379761429546956,2.266188303825792,0.0,0.0,0.0,0.986926454368982,0.1611712557085467,2.163575005082521,3.0888790673237594,0.0,0.0,0.0,0.0,3.0888790673237594,7.805360328147299,0.0,0.0,0.0,0.0,0.0,0.0,0.0,0.0,0.0,0.0,0.0,0.0,0.0,0.0,0.0,0.0,0.0,0.0,0.0,0.0,0.0,0.0,0.0,0.0,0.0,0.0,0.0,0.15540642998110504
1754820463028353446,6828,1754820462972887193,map,-17.5883144855767,2.444896473753598,0.0,0.0,0.0,0.9859461356812239,0.16706351347694592,2.1847276407870027,3.0958959433470383,0.0,0.0,0.0,0.0,3.0958959433470383,7.921485897069358,0.0,0.0,0.0,0.0,0.0,0.0,0.0,0.0,0.0,0.0,0.0,0.0,0.0,0.0,0.0,0.0,0.0,0.0,0.0,0.0,0.0,0.0,0.0,0.0,0.0,0.0,0.0,0.1555630513398831
1754820463229049340,6829,1754820463173959420,map,-18.020232671533208,2.118751518028401,0.0,0.0,0.0,0.9979047974349174,0.06469942238054704,2.061347539376129,3.056520422012042,0.0,0.0,0.0,0.0,3.056520422012042,8.47257225914636,0.0,0.0,0.0,0.0,0.0,0.0,0.0,0.0,0.0,0.0,0.0,0.0,0.0,0.0,0.0,0.0,0.0,0.0,0.0,0.0,0.0,0.0,0.0,0.0,0.0,0.0,0.0,0.15577135762876582
1754820463507183945,6830,1754820463470913298,map,-18.24629608495672,1.8784973465503392,0.0,0.0,0.0,0.9987772627040441,0.049436621096277555,2.21180511322666,3.2438043594341863,0.0,0.0,0.0,0.0,3.2438043594341934,9.014838368936928,0.0,0.0,0.0,0.0,0.0,0.0,0.0,0.0,0.0,0.0,0.0,0.0,0.0,0.0,0.0,0.0,0.0,0.0,0.0,0.0,0.0,0.0,0.0,0.0,0.0,0.0,0.0,0.1661352836059689
1754820463744044256,6831,1754820463698247795,map,-18.381731907151675,1.9689561565909088,0.0,0.0,0.0,0.9993557997360744,0.035888515347826236,2.2109656460227143,3.340706585812562,0.0,0.0,0.0,0.0,3.340706585812562,9.603904417307863,0.0,0.0,0.0,0.0,0.0,0.0,0.0,0.0,0.0,0.0,0.0,0.0,0.0,0.0,0.0,0.0,0.0,0.0,0.0,0.0,0.0,0.0,0.0,0.0,0.0,0.0,0.0,0.16315115679552883
1754820464066243979,6832,1754820464007692313,map,-18.385083690554367,2.144349499442457,0.0,0.0,0.0,-0.9993043513396856,0.03729361062662111,2.3134601599352322,3.5361353556370645,0.0,0.0,0.0,0.0,3.5361353556370574,9.89850742802836,0.0,0.0,0.0,0.0,0.0,0.0,0.0,0.0,0.0,0.0,0.0,0.0,0.0,0.0,0.0,0.0,0.0,0.0,0.0,0.0,0.0,0.0,0.0,0.0,0.0,0.0,0.0,0.16172279420964777
1754820464304832838,6833,1754820464242989234,map,-18.61932947250289,2.074237591815623,0.0,0.0,0.0,-0.9991414598694436,0.04142877224776282,2.283672693571191,3.5023915986998873,0.0,0.0,0.0,0.0,3.5023915986998873,10.0138697438319,0.0,0.0,0.0,0.0,0.0,0.0,0.0,0.0,0.0,0.0,0.0,0.0,0.0,0.0,0.0,0.0,0.0,0.0,0.0,0.0,0.0,0.0,0.0,0.0,0.0,0.0,0.0,0.15806949414922122
1754820464547742857,6834,1754820464506946564,map,-18.988263911117034,1.7208389623579334,0.0,0.0,0.0,-0.9793881571178645,0.20198722161877722,2.4435855715611865,3.863007282190466,0.0,0.0,0.0,0.0,3.863007282190466,11.084379556872573,0.0,0.0,0.0,0.0,0.0,0.0,0.0,0.0,0.0,0.0,0.0,0.0,0.0,0.0,0.0,0.0,0.0,0.0,0.0,0.0,0.0,0.0,0.0,0.0,0.0,0.0,0.0,0.1691377176954015
1754820464903298416,6835,1754820464844131961,map,-18.911606130687368,2.037259808000406,0.0,0.0,0.0,-0.9777527318555111,0.20976080508303957,2.3814510204031762,3.823923640416055,0.0,0.0,0.0,0.0,3.823923640416055,11.303971716217127,0.0,0.0,0.0,0.0,0.0,0.0,0.0,0.0,0.0,0.0,0.0,0.0,0.0,0.0,0.0,0.0,0.0,0.0,0.0,0.0,0.0,0.0,0.0,0.0,0.0,0.0,0.0,0.16319867677272984
1754820465183191304,6836,1754820465141503759,map,-19.09743497917489,1.9329014372333309,0.0,0.0,0.0,-0.9629580055949303,0.26965140359477857,2.258359995094736,3.7686841896089547,0.0,0.0,0.0,0.0,3.7686841896089547,11.334105209480123,0.0,0.0,0.0,0.0,0.0,0.0,0.0,0.0,0.0,0.0,0.0,0.0,0.0,0.0,0.0,0.0,0.0,0.0,0.0,0.0,0.0,0.0,0.0,0.0,0.0,0.0,0.0,0.16106655428367112
1754820465648651815,6837,1754820465611049599,map,-19.21649934405476,1.9577016479723564,0.0,0.0,0.0,-0.9458598592312558,0.32457530204103485,2.213190858291057,3.7243373965929294,0.0,0.0,0.0,0.0,3.7243373965929294,12.168160693351783,0.0,0.0,0.0,0.0,0.0,0.0,0.0,0.0,0.0,0.0,0.0,0.0,0.0,0.0,0.0,0.0,0.0,0.0,0.0,0.0,0.0,0.0,0.0,0.0,0.0,0.0,0.0,0.16620352208363806
1754820466085774512,6838,1754820466046134396,map,-19.368479704649967,1.837450574004299,0.0,0.0,0.0,-0.9024496079634536,0.430795432991819,2.2465861799946083,3.9156464939246973,0.0,0.0,0.0,0.0,3.9156464939246973,13.515927611932772,0.0,0.0,0.0,0.0,0.0,0.0,0.0,0.0,0.0,0.0,0.0,0.0,0.0,0.0,0.0,0.0,0.0,0.0,0.0,0.0,0.0,0.0,0.0,0.0,0.0,0.0,0.0,0.17718565003408895
1754820466509473918,6839,1754820466449864577,map,-19.412892100059363,1.930939824641975,0.0,0.0,0.0,-0.8852524637032401,0.4651108206732494,2.1674543376165616,3.8587548246128662,0.0,0.0,0.0,0.0,3.8587548246128662,14.46194793601057,0.0,0.0,0.0,0.0,0.0,0.0,0.0,0.0,0.0,0.0,0.0,0.0,0.0,0.0,0.0,0.0,0.0,0.0,0.0,0.0,0.0,0.0,0.0,0.0,0.0,0.0,0.0,0.1859020832812581
1754820466790101845,6840,1754820466748265666,map,-19.517364546881453,1.59598692116277,0.0,0.0,0.0,-0.8282762003506393,0.5603200299228179,2.059235011294902,3.6596511210999125,0.0,0.0,0.0,0.0,3.6596511210999125,14.8464081027713,0.0,0.0,0.0,0.0,0.0,0.0,0.0,0.0,0.0,0.0,0.0,0.0,0.0,0.0,0.0,0.0,0.0,0.0,0.0,0.0,0.0,0.0,0.0,0.0,0.0,0.0,0.0,0.1927100665861807
1754820467191248140,6841,1754820467157484870,map,-19.586090042301645,1.5009601666275194,0.0,0.0,0.0,-0.818514421405605,0.574485980639256,1.8757611607372837,3.2834424710138457,0.0,0.0,0.0,0.0,3.2834424710138386,15.083445737080222,0.0,0.0,0.0,0.0,0.0,0.0,0.0,0.0,0.0,0.0,0.0,0.0,0.0,0.0,0.0,0.0,0.0,0.0,0.0,0.0,0.0,0.0,0.0,0.0,0.0,0.0,0.0,0.19171604266742395
1754820467451054353,6842,1754820467393176256,map,-19.63560152536949,1.4953796287212655,0.0,0.0,0.0,-0.7621031131357463,0.6474556702576663,1.7953068512546224,2.943727819157001,0.0,0.0,0.0,0.0,2.943727819157001,14.80299804069533,0.0,0.0,0.0,0.0,0.0,0.0,0.0,0.0,0.0,0.0,0.0,0.0,0.0,0.0,0.0,0.0,0.0,0.0,0.0,0.0,0.0,0.0,0.0,0.0,0.0,0.0,0.0,0.18569051516861282
1754820467796845339,6843,1754820467756771260,map,-19.680381958289335,1.0029137264389334,0.0,0.0,0.0,-0.7372216198688393,0.6756510069540077,1.7569110154921646,2.733756731176996,0.0,0.0,0.0,0.0,2.7337567311769924,15.460938811806466,0.0,0.0,0.0,0.0,0.0,0.0,0.0,0.0,0.0,0.0,0.0,0.0,0.0,0.0,0.0,0.0,0.0,0.0,0.0,0.0,0.0,0.0,0.0,0.0,0.0,0.0,0.0,0.19026986019766548
1754820468030082397,6844,1754820467996004588,map,-19.727718933437604,0.6739728331304542,0.0,0.0,0.0,-0.6596935476123167,0.7515347119319745,1.7576663711402603,2.7909649560529015,0.0,0.0,0.0,0.0,2.790964956052898,16.29622177389512,0.0,0.0,0.0,0.0,0.0,0.0,0.0,0.0,0.0,0.0,0.0,0.0,0.0,0.0,0.0,0.0,0.0,0.0,0.0,0.0,0.0,0.0,0.0,0.0,0.0,0.0,0.0,0.1989582914313458
1754820468464013992,6845,1754820468384136388,map,-19.744754783824128,0.4243186528569369,0.0,0.0,0.0,-0.6245608186094849,0.7809761736812783,1.7958167940147405,2.641974278403314,0.0,0.0,0.0,0.0,2.6419742784033104,15.367532158787744,0.0,0.0,0.0,0.0,0.0,0.0,0.0,0.0,0.0,0.0,0.0,0.0,0.0,0.0,0.0,0.0,0.0,0.0,0.0,0.0,0.0,0.0,0.0,0.0,0.0,0.0,0.0,0.18945715556317355
1754820468687318821,6846,1754820468619670666,map,-19.664374014540417,0.21586257838692482,0.0,0.0,0.0,-0.622568700394472,0.7825651495493127,1.7763325685129985,2.6177297845633802,0.0,0.0,0.0,0.0,2.617729784563382,15.834826204148435,0.0,0.0,0.0,0.0,0.0,0.0,0.0,0.0,0.0,0.0,0.0,0.0,0.0,0.0,0.0,0.0,0.0,0.0,0.0,0.0,0.0,0.0,0.0,0.0,0.0,0.0,0.0,0.19105878616773858
1754820468982191100,6847,1754820468922473923,map,-19.53536287113622,0.25344100953236487,0.0,0.0,0.0,-0.6026346057385382,0.7980172504190349,1.746449623348724,2.5035720628769687,0.0,0.0,0.0,0.0,2.5035720628769678,16.11900938619219,0.0,0.0,0.0,0.0,0.0,0.0,0.0,0.0,0.0,0.0,0.0,0.0,0.0,0.0,0.0,0.0,0.0,0.0,0.0,0.0,0.0,0.0,0.0,0.0,0.0,0.0,0.0,0.1930685120104769
1754820469404466216,6848,1754820469357472100,map,-19.564328366400503,-0.20157729870772045,0.0,0.0,0.0,-0.5996914755637938,0.8002313003976537,1.560164146462057,1.8478846794497763,0.0,0.0,0.0,0.0,1.8478846794497759,15.257204538472754,0.0,0.0,0.0,0.0,0.0,0.0,0.0,0.0,0.0,0.0,0.0,0.0,0.0,0.0,0.0,0.0,0.0,0.0,0.0,0.0,0.0,0.0,0.0,0.0,0.0,0.0,0.0,0.18019692104385426
1754820470091938683,6849,1754820470037567110,map,-19.478435583211898,-0.1788797054502197,0.0,0.0,0.0,-0.6103125003634371,0.7921607487752278,1.4996861725006738,1.6587066017243588,0.0,0.0,0.0,0.0,1.6587066017243592,15.215040947596966,0.0,0.0,0.0,0.0,0.0,0.0,0.0,0.0,0.0,0.0,0.0,0.0,0.0,0.0,0.0,0.0,0.0,0.0,0.0,0.0,0.0,0.0,0.0,0.0,0.0,0.0,0.0,0.18171468310217267
1754820470978543584,6850,1754820470931459961,map,-19.41963372140719,-0.31240051657531875,0.0,0.0,0.0,-0.6309816356869271,0.775797767092591,1.4812531251565133,1.482888427362191,0.0,0.0,0.0,0.0,1.4828884273621918,15.56059693519141,0.0,0.0,0.0,0.0,0.0,0.0,0.0,0.0,0.0,0.0,0.0,0.0,0.0,0.0,0.0,0.0,0.0,0.0,0.0,0.0,0.0,0.0,0.0,0.0,0.0,0.0,0.0,0.18229209905512855
1754820471211645002,6851,1754820471167675807,map,-19.47641081091049,-0.06459446706880728,0.0,0.0,0.0,-0.6496404749211436,0.7602415756483138,1.4560578451930155,1.0219676476504418,0.0,0.0,0.0,0.0,1.0219676476504445,15.279673847762506,0.0,0.0,0.0,0.0,0.0,0.0,0.0,0.0,0.0,0.0,0.0,0.0,0.0,0.0,0.0,0.0,0.0,0.0,0.0,0.0,0.0,0.0,0.0,0.0,0.0,0.0,0.0,0.18989732415588356
1754820471303859774,6852,1754820471272124660,map,-19.576863044575642,-1.8842818006956916,0.0,0.0,0.0,-0.5905782787018543,0.8069803570878011,1.5122611661538485,1.0162026646476292,0.0,0.0,0.0,0.0,1.0162026646476265,15.889066736169232,0.0,0.0,0.0,0.0,0.0,0.0,0.0,0.0,0.0,0.0,0.0,0.0,0.0,0.0,0.0,0.0,0.0,0.0,0.0,0.0,0.0,0.0,0.0,0.0,0.0,0.0,0.0,0.19502467920681274
1754820471433471221,6853,1754820471367254755,map,-19.49897044109761,-1.8248108199537134,0.0,0.0,0.0,-0.5974062496764981,0.8019387587886382,1.4646618175859771,0.4611674442854312,0.0,0.0,0.0,0.0,0.46116744428543477,14.348004169844744,0.0,0.0,0.0,0.0,0.0,0.0,0.0,0.0,0.0,0.0,0.0,0.0,0.0,0.0,0.0,0.0,0.0,0.0,0.0,0.0,0.0,0.0,0.0,0.0,0.0,0.0,0.0,0.18288298999652308
1754820471536931483,6854,1754820471469458929,map,-19.522470639368727,-2.2130589220029226,0.0,0.0,0.0,-0.5938569577564021,0.80457063936258,1.5140607678868605,0.3854234425107812,0.0,0.0,0.0,0.0,0.38542344251078475,14.273159933405367,0.0,0.0,0.0,0.0,0.0,0.0,0.0,0.0,0.0,0.0,0.0,0.0,0.0,0.0,0.0,0.0,0.0,0.0,0.0,0.0,0.0,0.0,0.0,0.0,0.0,0.0,0.0,0.1855871344543056
1754820471673024901,6855,1754820471600656671,map,-19.296993201897333,-1.3319902926050637,0.0,0.0,0.0,-0.629990805227976,0.7766025916311421,1.5518376348800302,0.02119566975290965,0.0,0.0,0.0,0.0,0.02119566975290965,13.671953852370791,0.0,0.0,0.0,0.0,0.0,0.0,0.0,0.0,0.0,0.0,0.0,0.0,0.0,0.0,0.0,0.0,0.0,0.0,0.0,0.0,0.0,0.0,0.0,0.0,0.0,0.0,0.0,0.19149412544504435
1754820471759948775,6856,1754820471731011115,map,-19.43775041220886,-2.7420295848637344,0.0,0.0,0.0,-0.5936971418991986,0.8046885755997303,1.7076709924739362,-0.3758904345994303,0.0,0.0,0.0,0.0,-0.3758904345994267,13.385296186403384,0.0,0.0,0.0,0.0,0.0,0.0,0.0,0.0,0.0,0.0,0.0,0.0,0.0,0.0,0.0,0.0,0.0,0.0,0.0,0.0,0.0,0.0,0.0,0.0,0.0,0.0,0.0,0.1926875463969365
1754820471877938434,6857,1754820471837392409,map,-19.359685126264576,-1.6262832879374924,0.0,0.0,0.0,-0.6374746488030923,0.7704713311560489,1.7307459206016347,-0.5776863198546636,0.0,0.0,0.0,0.0,-0.5776863198546636,12.721704844907839,0.0,0.0,0.0,0.0,0.0,0.0,0.0,0.0,0.0,0.0,0.0,0.0,0.0,0.0,0.0,0.0,0.0,0.0,0.0,0.0,0.0,0.0,0.0,0.0,0.0,0.0,0.0,0.18569830753600525
1754820472042780689,6858,1754820471977800739,map,-19.299161109587835,-3.1848469110630977,0.0,0.0,0.0,-0.5917197747515349,0.8061437267435583,1.814672008117327,-1.009817614533155,0.0,0.0,0.0,0.0,-1.009817614533155,12.508124058027963,0.0,0.0,0.0,0.0,0.0,0.0,0.0,0.0,0.0,0.0,0.0,0.0,0.0,0.0,0.0,0.0,0.0,0.0,0.0,0.0,0.0,0.0,0.0,0.0,0.0,0.0,0.0,0.19260502801749563
1754820472093032987,6859,1754820472066865468,map,-19.159038074872427,-3.3874396162185345,0.0,0.0,0.0,-0.5863166961719647,0.8100819290602599,1.916585209554512,-1.1746532574707302,0.0,0.0,0.0,0.0,-1.1746532574707302,12.156925747590744,0.0,0.0,0.0,0.0,0.0,0.0,0.0,0.0,0.0,0.0,0.0,0.0,0.0,0.0,0.0,0.0,0.0,0.0,0.0,0.0,0.0,0.0,0.0,0.0,0.0,0.0,0.0,0.18581330439732557
1754820472268549544,6860,1754820472209469752,map,-19.12992723817866,-3.597545234138397,0.0,0.0,0.0,-0.5898849364045206,0.8074873137102742,2.0028709887203604,-1.336456410980361,0.0,0.0,0.0,0.0,-1.336456410980361,11.914917936787656,0.0,0.0,0.0,0.0,0.0,0.0,0.0,0.0,0.0,0.0,0.0,0.0,0.0,0.0,0.0,0.0,0.0,0.0,0.0,0.0,0.0,0.0,0.0,0.0,0.0,0.0,0.0,0.17992036385965796
1754820472367581492,6861,1754820472297285679,map,-19.234294390203193,-3.2222071190633916,0.0,0.0,0.0,-0.6111635985522681,0.7915042992963728,2.1659403413723908,-1.561482435777343,0.0,0.0,0.0,0.0,-1.561482435777343,11.688697613592279,0.0,0.0,0.0,0.0,0.0,0.0,0.0,0.0,0.0,0.0,0.0,0.0,0.0,0.0,0.0,0.0,0.0,0.0,0.0,0.0,0.0,0.0,0.0,0.0,0.0,0.0,0.0,0.17592919767698728
1754820472479116555,6862,1754820472437489499,map,-19.056144579095974,-3.797783760218574,0.0,0.0,0.0,-0.604806371668211,0.7963725590385029,2.3088993456307207,-1.6701477413972015,0.0,0.0,0.0,0.0,-1.6701477413972015,11.230853192427231,0.0,0.0,0.0,0.0,0.0,0.0,0.0,0.0,0.0,0.0,0.0,0.0,0.0,0.0,0.0,0.0,0.0,0.0,0.0,0.0,0.0,0.0,0.0,0.0,0.0,0.0,0.0,0.17217282518941399
1754820472627296215,6863,1754820472580228381,map,-18.95616995505769,-3.94344074087597,0.0,0.0,0.0,-0.6062287497433524,0.7952903262234565,2.718124836866025,-2.0334720024298747,0.0,0.0,0.0,0.0,-2.0334720024298747,11.442860586695511,0.0,0.0,0.0,0.0,0.0,0.0,0.0,0.0,0.0,0.0,0.0,0.0,0.0,0.0,0.0,0.0,0.0,0.0,0.0,0.0,0.0,0.0,0.0,0.0,0.0,0.0,0.0,0.18537509032768165
1754820472691358157,6864,1754820472667352221,map,-18.90644002908131,-4.466432866471434,0.0,0.0,0.0,-0.5960302778027026,0.8029619592125353,2.8365920946097845,-2.0894376549702116,0.0,0.0,0.0,0.0,-2.0894376549702116,11.197830306891117,0.0,0.0,0.0,0.0,0.0,0.0,0.0,0.0,0.0,0.0,0.0,0.0,0.0,0.0,0.0,0.0,0.0,0.0,0.0,0.0,0.0,0.0,0.0,0.0,0.0,0.0,0.0,0.1753332065334552
1754820472846369485,6865,1754820472811688529,map,-18.94055548047431,-4.632904722282317,0.0,0.0,0.0,-0.6005133861514428,0.7996147028744082,3.177301458423017,-2.097705293244445,0.0,0.0,0.0,0.0,-2.097705293244445,11.172920128147222,0.0,0.0,0.0,0.0,0.0,0.0,0.0,0.0,0.0,0.0,0.0,0.0,0.0,0.0,0.0,0.0,0.0,0.0,0.0,0.0,0.0,0.0,0.0,0.0,0.0,0.0,0.0,0.18104439573065817
1754820472980282992,6866,1754820472943935891,map,-18.946423044548556,-4.75556222762197,0.0,0.0,0.0,-0.602002280882746,0.7984943668003998,3.2426414100942225,-2.021135194482028,0.0,0.0,0.0,0.0,-2.021135194482028,10.49415390588221,0.0,0.0,0.0,0.0,0.0,0.0,0.0,0.0,0.0,0.0,0.0,0.0,0.0,0.0,0.0,0.0,0.0,0.0,0.0,0.0,0.0,0.0,0.0,0.0,0.0,0.0,0.0,0.17495412909839825
1754820473239948383,6867,1754820473181872987,map,-18.82120056035813,-4.28385027766764,0.0,0.0,0.0,-0.525806831377847,0.8506040066190543,3.660392680531345,-2.1862352349549923,0.0,0.0,0.0,0.0,-2.1862352349549923,10.093548643231166,0.0,0.0,0.0,0.0,0.0,0.0,0.0,0.0,0.0,0.0,0.0,0.0,0.0,0.0,0.0,0.0,0.0,0.0,0.0,0.0,0.0,0.0,0.0,0.0,0.0,0.0,0.0,0.17999299052002168
1754820473514618420,6868,1754820473475137319,map,-18.65626794536993,-5.052499210990218,0.0,0.0,0.0,-0.5049474503308985,0.8631500868356121,3.818267526427917,-2.170966459114524,0.0,0.0,0.0,0.0,-2.170966459114524,9.74518496205934,0.0,0.0,0.0,0.0,0.0,0.0,0.0,0.0,0.0,0.0,0.0,0.0,0.0,0.0,0.0,0.0,0.0,0.0,0.0,0.0,0.0,0.0,0.0,0.0,0.0,0.0,0.0,0.18080363866126484
1754820473780941416,6869,1754820473742879950,map,-18.603841347474237,-4.620828816995628,0.0,0.0,0.0,-0.5454172193837673,0.838164695510184,4.139397524604135,-2.3668362172682436,0.0,0.0,0.0,0.0,-2.3668362172682293,9.833074524507133,0.0,0.0,0.0,0.0,0.0,0.0,0.0,0.0,0.0,0.0,0.0,0.0,0.0,0.0,0.0,0.0,0.0,0.0,0.0,0.0,0.0,0.0,0.0,0.0,0.0,0.0,0.0,0.19189191995831964
1754820474018841341,6870,1754820473978867424,map,-18.46638202537913,-5.380104632320023,0.0,0.0,0.0,-0.5672874321008176,0.8235198658080206,4.128628030389791,-2.24627900917865,0.0,0.0,0.0,0.0,-2.24627900917865,9.722849974884937,0.0,0.0,0.0,0.0,0.0,0.0,0.0,0.0,0.0,0.0,0.0,0.0,0.0,0.0,0.0,0.0,0.0,0.0,0.0,0.0,0.0,0.0,0.0,0.0,0.0,0.0,0.0,0.18921050159054165
1754820474351158840,6871,1754820474277702944,map,-18.439736824412456,-4.896254132550298,0.0,0.0,0.0,-0.5873903405730279,0.8093037673219509,4.168712342138008,-2.223078393272715,0.0,0.0,0.0,0.0,-2.2230783932727007,9.163041285072616,0.0,0.0,0.0,0.0,0.0,0.0,0.0,0.0,0.0,0.0,0.0,0.0,0.0,0.0,0.0,0.0,0.0,0.0,0.0,0.0,0.0,0.0,0.0,0.0,0.0,0.0,0.0,0.17757776929762162
1754820474612890126,6872,1754820474526428226,map,-18.283853118322135,-5.719117165319567,0.0,0.0,0.0,-0.5008080845562137,0.8655583529971485,4.42891747765492,-2.4150691730899325,0.0,0.0,0.0,0.0,-2.4150691730899325,9.472866978548637,0.0,0.0,0.0,0.0,0.0,0.0,0.0,0.0,0.0,0.0,0.0,0.0,0.0,0.0,0.0,0.0,0.0,0.0,0.0,0.0,0.0,0.0,0.0,0.0,0.0,0.0,0.0,0.18317288135516097
1754820474895382199,6873,1754820474850201377,map,-18.208341945630256,-5.573994788877574,0.0,0.0,0.0,-0.5093139411505336,0.8605807976882303,4.568897251683779,-2.3754143386658058,0.0,0.0,0.0,0.0,-2.3754143386657915,9.091447784216648,0.0,0.0,0.0,0.0,0.0,0.0,0.0,0.0,0.0,0.0,0.0,0.0,0.0,0.0,0.0,0.0,0.0,0.0,0.0,0.0,0.0,0.0,0.0,0.0,0.0,0.0,0.0,0.17938722020120348
1754820475218188078,6874,1754820475151254888,map,-18.160942207232804,-5.832118258729763,0.0,0.0,0.0,-0.5096564377595706,0.8603780073027348,4.9741617887703455,-2.420303921238798,0.0,0.0,0.0,0.0,-2.420303921238798,9.119747068279718,0.0,0.0,0.0,0.0,0.0,0.0,0.0,0.0,0.0,0.0,0.0,0.0,0.0,0.0,0.0,0.0,0.0,0.0,0.0,0.0,0.0,0.0,0.0,0.0,0.0,0.0,0.0,0.19146257021135538
1754820475560752262,6875,1754820475520388141,map,-18.033694090487025,-6.141248578434875,0.0,0.0,0.0,-0.5012179823590779,0.8653210584285437,5.297576755483647,-2.277453533837175,0.0,0.0,0.0,0.0,-2.277453533837175,8.674754671754677,0.0,0.0,0.0,0.0,0.0,0.0,0.0,0.0,0.0,0.0,0.0,0.0,0.0,0.0,0.0,0.0,0.0,0.0,0.0,0.0,0.0,0.0,0.0,0.0,0.0,0.0,0.0,0.19303105780639365
1754820476120914872,6876,1754820476087287707,map,-18.027947006983073,-6.437998409284483,0.0,0.0,0.0,-0.470999823653276,0.8821333040525015,5.497864755687715,-2.087433109892771,0.0,0.0,0.0,0.0,-2.087433109892771,8.580809547517582,0.0,0.0,0.0,0.0,0.0,0.0,0.0,0.0,0.0,0.0,0.0,0.0,0.0,0.0,0.0,0.0,0.0,0.0,0.0,0.0,0.0,0.0,0.0,0.0,0.0,0.0,0.0,0.1915004088184888
1754820476460388681,6877,1754820476418908597,map,-17.881053680768584,-6.551804634577343,0.0,0.0,0.0,-0.4168276774343387,0.908985526466013,5.580364455985432,-2.0352703855162417,0.0,0.0,0.0,0.0,-2.0352703855162417,8.26562805272912,0.0,0.0,0.0,0.0,0.0,0.0,0.0,0.0,0.0,0.0,0.0,0.0,0.0,0.0,0.0,0.0,0.0,0.0,0.0,0.0,0.0,0.0,0.0,0.0,0.0,0.0,0.0,0.18959945939355105
1754820476795227650,6878,1754820476757051778,map,-17.759645350146357,-6.671120777365561,0.0,0.0,0.0,-0.28846638693113963,0.9574900227213305,5.959600388911497,-2.15167285323308,0.0,0.0,0.0,0.0,-2.15167285323308,8.832833924859116,0.0,0.0,0.0,0.0,0.0,0.0,0.0,0.0,0.0,0.0,0.0,0.0,0.0,0.0,0.0,0.0,0.0,0.0,0.0,0.0,0.0,0.0,0.0,0.0,0.0,0.0,0.0,0.2009617383155298
1754820477292669323,6879,1754820477224762474,map,-17.661709238874813,-6.823629534460702,0.0,0.0,0.0,-0.23146038606330913,0.9728443296249528,6.384650447557817,-2.2839220172829044,0.0,0.0,0.0,0.0,-2.2839220172828902,9.200465944900223,0.0,0.0,0.0,0.0,0.0,0.0,0.0,0.0,0.0,0.0,0.0,0.0,0.0,0.0,0.0,0.0,0.0,0.0,0.0,0.0,0.0,0.0,0.0,0.0,0.0,0.0,0.0,0.20954666463270444
1754820477599667306,6880,1754820477558668759,map,-17.44422141055342,-6.720589761573329,0.0,0.0,0.0,-0.13253253141424143,0.9911786560035144,6.699009973180068,-2.376024396731083,0.0,0.0,0.0,0.0,-2.3760243967310686,9.132132757952945,0.0,0.0,0.0,0.0,0.0,0.0,0.0,0.0,0.0,0.0,0.0,0.0,0.0,0.0,0.0,0.0,0.0,0.0,0.0,0.0,0.0,0.0,0.0,0.0,0.0,0.0,0.0,0.21533278338552275
1754820477904205003,6881,1754820477864672144,map,-17.31178582535427,-6.803274342519677,0.0,0.0,0.0,-0.07637759828777621,0.9970789650172102,6.6279522870103165,-2.1223592044787267,0.0,0.0,0.0,0.0,-2.1223592044787267,8.529699000677326,0.0,0.0,0.0,0.0,0.0,0.0,0.0,0.0,0.0,0.0,0.0,0.0,0.0,0.0,0.0,0.0,0.0,0.0,0.0,0.0,0.0,0.0,0.0,0.0,0.0,0.0,0.0,0.20861329690603858
1754820478265802509,6882,1754820478173406816,map,-17.14702490682276,-6.744747162855588,0.0,0.0,0.0,0.032904158561410435,0.9994585115698228,7.029323169297243,-2.1246534757542292,0.0,0.0,0.0,0.0,-2.1246534757542292,8.34519260578903,0.0,0.0,0.0,0.0,0.0,0.0,0.0,0.0,0.0,0.0,0.0,0.0,0.0,0.0,0.0,0.0,0.0,0.0,0.0,0.0,0.0,0.0,0.0,0.0,0.0,0.0,0.0,0.21158890640033534
1754820478697737502,6883,1754820478638966518,map,-17.079079040770996,-6.597077652442206,0.0,0.0,0.0,0.12808885833384334,0.991762695593423,6.905137243923491,-1.6934516455534094,0.0,0.0,0.0,0.0,-1.6934516455534094,7.553188678198481,0.0,0.0,0.0,0.0,0.0,0.0,0.0,0.0,0.0,0.0,0.0,0.0,0.0,0.0,0.0,0.0,0.0,0.0,0.0,0.0,0.0,0.0,0.0,0.0,0.0,0.0,0.0,0.2071888393106894
1754820478914999040,6884,1754820478872819805,map,-16.92380660195392,-6.5565329239069055,0.0,0.0,0.0,0.14132451441655622,0.9899633233736109,6.706400485205563,-1.3419175341719978,0.0,0.0,0.0,0.0,-1.3419175341719978,7.381997633615711,0.0,0.0,0.0,0.0,0.0,0.0,0.0,0.0,0.0,0.0,0.0,0.0,0.0,0.0,0.0,0.0,0.0,0.0,0.0,0.0,0.0,0.0,0.0,0.0,0.0,0.0,0.0,0.2043629481301996
1754820479270348985,6885,1754820479233583350,map,-16.761461741054365,-6.4396628973925205,0.0,0.0,0.0,0.2111371995324416,0.977456435332848,6.669402894945961,-1.3235076832105932,0.0,0.0,0.0,0.0,-1.3235076832105932,7.238689532700384,0.0,0.0,0.0,0.0,0.0,0.0,0.0,0.0,0.0,0.0,0.0,0.0,0.0,0.0,0.0,0.0,0.0,0.0,0.0,0.0,0.0,0.0,0.0,0.0,0.0,0.0,0.0,0.20126001858331308
1754820479847543664,6886,1754820479807405748,map,-16.345796911939814,-6.512024803405738,0.0,0.0,0.0,0.2961331001326951,0.9551466835024865,6.738904151879126,-1.1097536220989355,0.0,0.0,0.0,0.0,-1.1097536220989355,6.896540120107325,0.0,0.0,0.0,0.0,0.0,0.0,0.0,0.0,0.0,0.0,0.0,0.0,0.0,0.0,0.0,0.0,0.0,0.0,0.0,0.0,0.0,0.0,0.0,0.0,0.0,0.0,0.0,0.21082727309425786
1754820480210236115,6887,1754820480175679552,map,-16.019236181815828,-6.394654067438394,0.0,0.0,0.0,0.39186941776511003,0.9200208472749047,6.5889827098008595,-1.1705287831182716,0.0,0.0,0.0,0.0,-1.1705287831182716,7.0468187822622745,0.0,0.0,0.0,0.0,0.0,0.0,0.0,0.0,0.0,0.0,0.0,0.0,0.0,0.0,0.0,0.0,0.0,0.0,0.0,0.0,0.0,0.0,0.0,0.0,0.0,0.0,0.0,0.22062330128791144
1754820480721150953,6888,1754820480674577999,map,-16.351208562540897,-6.064746623068191,0.0,0.0,0.0,0.450450746235771,0.8928012798017468,5.796709473149747,-0.9322999781707324,0.0,0.0,0.0,0.0,-0.9322999781707324,6.970480041146406,0.0,0.0,0.0,0.0,0.0,0.0,0.0,0.0,0.0,0.0,0.0,0.0,0.0,0.0,0.0,0.0,0.0,0.0,0.0,0.0,0.0,0.0,0.0,0.0,0.0,0.0,0.0,0.20983534631642156
1754820481477525238,6889,1754820481415870807,map,-16.19832187721036,-5.957239743749065,0.0,0.0,0.0,0.5212256173271267,0.8534189216568588,5.485374212874206,-0.7100109469620861,0.0,0.0,0.0,0.0,-0.7100109469620861,6.960577791577236,0.0,0.0,0.0,0.0,0.0,0.0,0.0,0.0,0.0,0.0,0.0,0.0,0.0,0.0,0.0,0.0,0.0,0.0,0.0,0.0,0.0,0.0,0.0,0.0,0.0,0.0,0.0,0.20919177893492788
1754820481959180619,6890,1754820481913631140,map,-15.785665944770141,-5.767750918734172,0.0,0.0,0.0,0.5408835737365544,0.841097473341808,4.859676682108784,-0.4495491074993083,0.0,0.0,0.0,0.0,-0.4495491074993083,6.632347449631144,0.0,0.0,0.0,0.0,0.0,0.0,0.0,0.0,0.0,0.0,0.0,0.0,0.0,0.0,0.0,0.0,0.0,0.0,0.0,0.0,0.0,0.0,0.0,0.0,0.0,0.0,0.0,0.19656460093238315
1754820482158600235,6891,1754820482114163462,map,-15.714249182847094,-5.584703605129853,0.0,0.0,0.0,0.5447323422115177,0.8386099661635044,4.703155264691475,-0.5221302448887286,0.0,0.0,0.0,0.0,-0.5221302448887286,6.669661672967802,0.0,0.0,0.0,0.0,0.0,0.0,0.0,0.0,0.0,0.0,0.0,0.0,0.0,0.0,0.0,0.0,0.0,0.0,0.0,0.0,0.0,0.0,0.0,0.0,0.0,0.0,0.0,0.20175473320038514
1754820482310789888,6892,1754820482245746527,map,-15.66037829377913,-5.426352832968391,0.0,0.0,0.0,0.5430746453918086,0.8396844225853909,4.4000733857242835,-0.3717300034168858,0.0,0.0,0.0,0.0,-0.3717300034168858,6.516360667745172,0.0,0.0,0.0,0.0,0.0,0.0,0.0,0.0,0.0,0.0,0.0,0.0,0.0,0.0,0.0,0.0,0.0,0.0,0.0,0.0,0.0,0.0,0.0,0.0,0.0,0.0,0.0,0.19516332014350982
1754820482411347399,6893,1754820482375687053,map,-15.579682414760402,-5.218254993504207,0.0,0.0,0.0,0.572152241734844,0.8201474332568459,4.257928864095106,-0.189578972845851,0.0,0.0,0.0,0.0,-0.189578972845851,6.376859190680253,0.0,0.0,0.0,0.0,0.0,0.0,0.0,0.0,0.0,0.0,0.0,0.0,0.0,0.0,0.0,0.0,0.0,0.0,0.0,0.0,0.0,0.0,0.0,0.0,0.0,0.0,0.0,0.19632887020649853
1754820482619042493,6894,1754820482579671016,map,-15.548715865025283,-4.988632734036086,0.0,0.0,0.0,0.5695193531572419,0.8219779232919561,4.126667910978995,-0.023864511744619676,0.0,0.0,0.0,0.0,-0.023864511744619676,5.878028781904664,0.0,0.0,0.0,0.0,0.0,0.0,0.0,0.0,0.0,0.0,0.0,0.0,0.0,0.0,0.0,0.0,0.0,0.0,0.0,0.0,0.0,0.0,0.0,0.0,0.0,0.0,0.0,0.19442789971771848
1754820482820907781,6895,1754820482786634990,map,-15.886154257139259,-4.739333749174359,0.0,0.0,0.0,0.54396381556078,0.8391086743447226,4.198516465372762,0.176093243284285,0.0,0.0,0.0,0.0,0.1760932432842992,5.633149138887379,0.0,0.0,0.0,0.0,0.0,0.0,0.0,0.0,0.0,0.0,0.0,0.0,0.0,0.0,0.0,0.0,0.0,0.0,0.0,0.0,0.0,0.0,0.0,0.0,0.0,0.0,0.0,0.20863764085933642
1754820483056732797,6896,1754820483018888556,map,-15.764012789697695,-4.418878487852767,0.0,0.0,0.0,0.5440614561849151,0.8390453693894924,4.040145487517776,0.2651387188446037,0.0,0.0,0.0,0.0,0.2651387188446037,5.767270827002877,0.0,0.0,0.0,0.0,0.0,0.0,0.0,0.0,0.0,0.0,0.0,0.0,0.0,0.0,0.0,0.0,0.0,0.0,0.0,0.0,0.0,0.0,0.0,0.0,0.0,0.0,0.0,0.20301357247810695
1754820483215196793,6897,1754820483154357136,map,-15.707592487513674,-4.240216911865257,0.0,0.0,0.0,0.5466491664508789,0.8373617431066214,3.9458022109422473,0.2908061504414192,0.0,0.0,0.0,0.0,0.2908061504414121,5.877631064240699,0.0,0.0,0.0,0.0,0.0,0.0,0.0,0.0,0.0,0.0,0.0,0.0,0.0,0.0,0.0,0.0,0.0,0.0,0.0,0.0,0.0,0.0,0.0,0.0,0.0,0.0,0.0,0.2162176993400641
1754820483430869267,6898,1754820483392411442,map,-15.625110186290934,-4.006683421549052,0.0,0.0,0.0,0.5226207819824455,0.8525652574671672,3.7364131149414845,0.34396819972045733,0.0,0.0,0.0,0.0,0.34396819972045023,5.7362977954078715,0.0,0.0,0.0,0.0,0.0,0.0,0.0,0.0,0.0,0.0,0.0,0.0,0.0,0.0,0.0,0.0,0.0,0.0,0.0,0.0,0.0,0.0,0.0,0.0,0.0,0.0,0.0,0.22280724565648224
1754820483684876915,6899,1754820483625032244,map,-15.739495815583105,-3.8485399183804216,0.0,0.0,0.0,0.5261866271952372,0.8503691159495977,3.4823004335405017,0.2968271872990087,0.0,0.0,0.0,0.0,0.2968271872990016,5.796510835968945,0.0,0.0,0.0,0.0,0.0,0.0,0.0,0.0,0.0,0.0,0.0,0.0,0.0,0.0,0.0,0.0,0.0,0.0,0.0,0.0,0.0,0.0,0.0,0.0,0.0,0.0,0.0,0.210065403459764
1754820483892096045,6900,1754820483857666055,map,-15.517593309137377,-3.1724645626640955,0.0,0.0,0.0,0.4845477721762572,0.8747648006630273,3.1241561883737745,0.5267347890291347,0.0,0.0,0.0,0.0,0.5267347890291276,5.563067573373461,0.0,0.0,0.0,0.0,0.0,0.0,0.0,0.0,0.0,0.0,0.0,0.0,0.0,0.0,0.0,0.0,0.0,0.0,0.0,0.0,0.0,0.0,0.0,0.0,0.0,0.0,0.0,0.19440094590537918
1754820484194372140,6901,1754820484159403686,map,-15.39001880759723,-3.4147370125384144,0.0,0.0,0.0,0.5037653801532417,0.8638405187064682,3.2719082189062476,0.7576817625294012,0.0,0.0,0.0,0.0,0.7576817625294012,5.368989478490832,0.0,0.0,0.0,0.0,0.0,0.0,0.0,0.0,0.0,0.0,0.0,0.0,0.0,0.0,0.0,0.0,0.0,0.0,0.0,0.0,0.0,0.0,0.0,0.0,0.0,0.0,0.0,0.20519525283115908
1754820484564635497,6902,1754820484525247987,map,-15.219097508543662,-2.7189619463413535,0.0,0.0,0.0,0.4818488788685562,0.8762543340452676,3.114539668326813,0.8445057908183529,0.0,0.0,0.0,0.0,0.8445057908183529,5.807257714586011,0.0,0.0,0.0,0.0,0.0,0.0,0.0,0.0,0.0,0.0,0.0,0.0,0.0,0.0,0.0,0.0,0.0,0.0,0.0,0.0,0.0,0.0,0.0,0.0,0.0,0.0,0.0,0.21734330216599657
1754820484795913071,6903,1754820484757343820,map,-14.738615357204836,-2.5938058862112032,0.0,0.0,0.0,0.5064748639750272,0.8622547257982862,2.7677582296712444,0.8957488510122005,0.0,0.0,0.0,0.0,0.8957488510122005,5.653686593613594,0.0,0.0,0.0,0.0,0.0,0.0,0.0,0.0,0.0,0.0,0.0,0.0,0.0,0.0,0.0,0.0,0.0,0.0,0.0,0.0,0.0,0.0,0.0,0.0,0.0,0.0,0.0,0.21195573589855124
1754820484996538988,6904,1754820484959885821,map,-14.769430143108023,-2.183384397450355,0.0,0.0,0.0,0.48439610759065255,0.8748487931928722,2.690332251738141,0.9545636133025894,0.0,0.0,0.0,0.0,0.9545636133025894,5.736914875656135,0.0,0.0,0.0,0.0,0.0,0.0,0.0,0.0,0.0,0.0,0.0,0.0,0.0,0.0,0.0,0.0,0.0,0.0,0.0,0.0,0.0,0.0,0.0,0.0,0.0,0.0,0.0,0.21396070563236788
1754820485195970776,6905,1754820485161690163,map,-14.603238845679776,-2.177818850493631,0.0,0.0,0.0,0.5342060923358612,0.8453542753847344,2.572681599266133,0.9622161176547124,0.0,0.0,0.0,0.0,0.9622161176547124,5.969985688913337,0.0,0.0,0.0,0.0,0.0,0.0,0.0,0.0,0.0,0.0,0.0,0.0,0.0,0.0,0.0,0.0,0.0,0.0,0.0,0.0,0.0,0.0,0.0,0.0,0.0,0.0,0.0,0.20717878834833575
1754820485533727022,6906,1754820485496192931,map,-14.570478472732857,-1.9018061408578955,0.0,0.0,0.0,0.5936537803822091,0.8047205658102146,2.5481140037754244,1.1286258231941737,0.0,0.0,0.0,0.0,1.1286258231941737,5.893343587325288,0.0,0.0,0.0,0.0,0.0,0.0,0.0,0.0,0.0,0.0,0.0,0.0,0.0,0.0,0.0,0.0,0.0,0.0,0.0,0.0,0.0,0.0,0.0,0.0,0.0,0.0,0.0,0.20720237863854576
1754820485733333299,6907,1754820485695964589,map,-14.38282160047203,-1.7765485204927107,0.0,0.0,0.0,0.6423421286166755,0.7664180254953549,2.45714834998185,1.1854538652740985,0.0,0.0,0.0,0.0,1.1854538652740985,5.713858977221848,0.0,0.0,0.0,0.0,0.0,0.0,0.0,0.0,0.0,0.0,0.0,0.0,0.0,0.0,0.0,0.0,0.0,0.0,0.0,0.0,0.0,0.0,0.0,0.0,0.0,0.0,0.0,0.21212823812100565
1754820485939382511,6908,1754820485898832114,map,-14.368549245480112,-1.6233187098386206,0.0,0.0,0.0,0.7628122896389267,0.6466199894650785,2.300565823352656,1.0540481154796133,0.0,0.0,0.0,0.0,1.0540481154796169,5.683075270512489,0.0,0.0,0.0,0.0,0.0,0.0,0.0,0.0,0.0,0.0,0.0,0.0,0.0,0.0,0.0,0.0,0.0,0.0,0.0,0.0,0.0,0.0,0.0,0.0,0.0,0.0,0.0,0.2111152290320797
1754820486165680603,6909,1754820486129575278,map,-14.896230288479227,-1.9427695835797771,0.0,0.0,0.0,0.8594245189369578,0.5112626489877572,2.1799143496548936,0.9560501324664621,0.0,0.0,0.0,0.0,0.9560501324664621,5.921044782075332,0.0,0.0,0.0,0.0,0.0,0.0,0.0,0.0,0.0,0.0,0.0,0.0,0.0,0.0,0.0,0.0,0.0,0.0,0.0,0.0,0.0,0.0,0.0,0.0,0.0,0.0,0.0,0.20919907440957616
1754820486535955989,6910,1754820486498065978,map,-14.713233332431408,-1.1623034700307309,0.0,0.0,0.0,0.9202912529769156,0.3912339577467409,2.0953559310960657,0.7079195829901508,0.0,0.0,0.0,0.0,0.7079195829901508,5.9122435275391485,0.0,0.0,0.0,0.0,0.0,0.0,0.0,0.0,0.0,0.0,0.0,0.0,0.0,0.0,0.0,0.0,0.0,0.0,0.0,0.0,0.0,0.0,0.0,0.0,0.0,0.0,0.0,0.20617678708790665
1754820487001284220,6911,1754820486956041688,map,-15.321350113230283,-1.889768014185938,0.0,0.0,0.0,0.9690642765320573,0.24680848435457056,2.153680157953204,0.5972446457162981,0.0,0.0,0.0,0.0,0.5972446457162981,6.1388452542644565,0.0,0.0,0.0,0.0,0.0,0.0,0.0,0.0,0.0,0.0,0.0,0.0,0.0,0.0,0.0,0.0,0.0,0.0,0.0,0.0,0.0,0.0,0.0,0.0,0.0,0.0,0.0,0.2171095934636743
1754820487333591380,6912,1754820487299709728,map,-15.361848874225435,-1.775305355073891,0.0,0.0,0.0,0.9705890143563823,0.24074252887827316,2.1200616368429053,0.49133439916835897,0.0,0.0,0.0,0.0,0.49133439916835897,6.140213521385666,0.0,0.0,0.0,0.0,0.0,0.0,0.0,0.0,0.0,0.0,0.0,0.0,0.0,0.0,0.0,0.0,0.0,0.0,0.0,0.0,0.0,0.0,0.0,0.0,0.0,0.0,0.0,0.22052589482528442
1754820487564191098,6913,1754820487504276968,map,-15.204858547893705,-1.1800228811430638,0.0,0.0,0.0,0.9702459892992319,0.2421212924316134,2.2299815373089302,0.44368831707794243,0.0,0.0,0.0,0.0,0.443688317077946,5.641577071736923,0.0,0.0,0.0,0.0,0.0,0.0,0.0,0.0,0.0,0.0,0.0,0.0,0.0,0.0,0.0,0.0,0.0,0.0,0.0,0.0,0.0,0.0,0.0,0.0,0.0,0.0,0.0,0.2119164104363285
1754820487747017935,6914,1754820487709178435,map,-15.710061654489792,-1.2224593380834616,0.0,0.0,0.0,0.9909419938470789,0.1342905984437324,2.327379373721442,0.50825244241965,0.0,0.0,0.0,0.0,0.50825244241965,5.568882252858533,0.0,0.0,0.0,0.0,0.0,0.0,0.0,0.0,0.0,0.0,0.0,0.0,0.0,0.0,0.0,0.0,0.0,0.0,0.0,0.0,0.0,0.0,0.0,0.0,0.0,0.0,0.0,0.22861124406852024
1754820487968321135,6915,1754820487901201469,map,-15.919628224987179,-1.0945156908694156,0.0,0.0,0.0,-0.9984211601408287,0.05617105111213099,2.3193083039292333,0.48612133708223304,0.0,0.0,0.0,0.0,0.4861213370822366,5.2221725054282775,0.0,0.0,0.0,0.0,0.0,0.0,0.0,0.0,0.0,0.0,0.0,0.0,0.0,0.0,0.0,0.0,0.0,0.0,0.0,0.0,0.0,0.0,0.0,0.0,0.0,0.0,0.0,0.2327756361057896
1754820488175893033,6916,1754820488140483114,map,-16.083791651580537,-1.3401101163834013,0.0,0.0,0.0,-0.9987614472643319,0.049755114897437565,2.3281934870841496,0.4014521527397008,0.0,0.0,0.0,0.0,0.4014521527397008,5.028703777643217,0.0,0.0,0.0,0.0,0.0,0.0,0.0,0.0,0.0,0.0,0.0,0.0,0.0,0.0,0.0,0.0,0.0,0.0,0.0,0.0,0.0,0.0,0.0,0.0,0.0,0.0,0.0,0.22501426135831634
1754820488379511930,6917,1754820488344556208,map,-16.42489825680826,-1.3777620068666845,0.0,0.0,0.0,-0.9977011368836911,0.06776755463339536,2.387323194427779,0.42018740300343893,0.0,0.0,0.0,0.0,0.42018740300343893,4.725777117424002,0.0,0.0,0.0,0.0,0.0,0.0,0.0,0.0,0.0,0.0,0.0,0.0,0.0,0.0,0.0,0.0,0.0,0.0,0.0,0.0,0.0,0.0,0.0,0.0,0.0,0.0,0.0,0.2334147949761859
1754820488599910258,6918,1754820488551229655,map,-16.65305502014121,-1.4764457079146287,0.0,0.0,0.0,-0.9972000734864709,0.07477976623778017,2.3919359010461108,0.4241180713143109,0.0,0.0,0.0,0.0,0.4241180713143109,4.649731633824348,0.0,0.0,0.0,0.0,0.0,0.0,0.0,0.0,0.0,0.0,0.0,0.0,0.0,0.0,0.0,0.0,0.0,0.0,0.0,0.0,0.0,0.0,0.0,0.0,0.0,0.0,0.0,0.2347789976411049
1754820488885713470,6919,1754820488841437301,map,-16.84628150550922,-1.3404425293051778,0.0,0.0,0.0,-0.994484273471156,0.10488579416940606,2.3945886773074108,0.3541640124511609,0.0,0.0,0.0,0.0,0.3541640124511609,4.910571780020381,0.0,0.0,0.0,0.0,0.0,0.0,0.0,0.0,0.0,0.0,0.0,0.0,0.0,0.0,0.0,0.0,0.0,0.0,0.0,0.0,0.0,0.0,0.0,0.0,0.0,0.0,0.0,0.23222552730007343
1754820489082170967,6920,1754820489043805476,map,-17.26587664000648,-1.4337613833894807,0.0,0.0,0.0,-0.996567368061321,0.0827857530939446,2.5058632298153043,0.209598431976584,0.0,0.0,0.0,0.0,0.209598431976584,5.001909863319749,0.0,0.0,0.0,0.0,0.0,0.0,0.0,0.0,0.0,0.0,0.0,0.0,0.0,0.0,0.0,0.0,0.0,0.0,0.0,0.0,0.0,0.0,0.0,0.0,0.0,0.0,0.0,0.23706291132678475
1754820489348022639,6921,1754820489279104776,map,-17.224753967963125,-1.5565121309535057,0.0,0.0,0.0,-0.9964903024889562,0.08370828540514111,2.5268619921474738,0.23950249842085114,0.0,0.0,0.0,0.0,0.2395024984208476,4.944876460529839,0.0,0.0,0.0,0.0,0.0,0.0,0.0,0.0,0.0,0.0,0.0,0.0,0.0,0.0,0.0,0.0,0.0,0.0,0.0,0.0,0.0,0.0,0.0,0.0,0.0,0.0,0.0,0.24594901100690214
1754820489513216750,6922,1754820489478673378,map,-17.57301216022814,-1.6392277757635134,0.0,0.0,0.0,-0.996929113149052,0.07830928013872183,2.613129165239741,0.3728084994043641,0.0,0.0,0.0,0.0,0.3728084994043641,4.9532502428914595,0.0,0.0,0.0,0.0,0.0,0.0,0.0,0.0,0.0,0.0,0.0,0.0,0.0,0.0,0.0,0.0,0.0,0.0,0.0,0.0,0.0,0.0,0.0,0.0,0.0,0.0,0.0,0.24522923423714113
1754820489659023389,6923,1754820489614170283,map,-17.762695658319984,-1.6335117395391863,0.0,0.0,0.0,-0.9977022121597517,0.06775172212968228,2.6581609229582455,0.3845335694927421,0.0,0.0,0.0,0.0,0.38453356949274564,5.014475181631092,0.0,0.0,0.0,0.0,0.0,0.0,0.0,0.0,0.0,0.0,0.0,0.0,0.0,0.0,0.0,0.0,0.0,0.0,0.0,0.0,0.0,0.0,0.0,0.0,0.0,0.0,0.0,0.2418980277646522
1754820489850640068,6924,1754820489813174885,map,-17.883410066725045,-1.1671064332818364,0.0,0.0,0.0,-0.9932098473685289,0.11633657675118095,2.732956698892224,0.43029606862400627,0.0,0.0,0.0,0.0,0.4302960686240098,5.173554421780807,0.0,0.0,0.0,0.0,0.0,0.0,0.0,0.0,0.0,0.0,0.0,0.0,0.0,0.0,0.0,0.0,0.0,0.0,0.0,0.0,0.0,0.0,0.0,0.0,0.0,0.0,0.0,0.248392176080413
1754820490086065172,6925,1754820490048028247,map,-18.307631054903,-1.3568274959800815,0.0,0.0,0.0,-0.9956261562838808,0.09342674629561558,2.819094275111297,0.43777154596604007,0.0,0.0,0.0,0.0,0.43777154596604007,5.249958407630339,0.0,0.0,0.0,0.0,0.0,0.0,0.0,0.0,0.0,0.0,0.0,0.0,0.0,0.0,0.0,0.0,0.0,0.0,0.0,0.0,0.0,0.0,0.0,0.0,0.0,0.0,0.0,0.25665412093092466
1754820490425150991,6926,1754820490379618288,map,-18.659935967668876,-1.3025728627872086,0.0,0.0,0.0,-0.9948667800780956,0.1011933293109886,2.8527151422673,0.36307089330594877,0.0,0.0,0.0,0.0,0.3630708933059452,5.456365777401884,0.0,0.0,0.0,0.0,0.0,0.0,0.0,0.0,0.0,0.0,0.0,0.0,0.0,0.0,0.0,0.0,0.0,0.0,0.0,0.0,0.0,0.0,0.0,0.0,0.0,0.0,0.0,0.24510560322350547
1754820490624957959,6927,1754820490580361435,map,-18.60069259809908,-1.330591105031193,0.0,0.0,0.0,-0.9990541435849903,0.043483539249485316,2.9224155589601537,0.22728520096772797,0.0,0.0,0.0,0.0,0.22728520096772797,5.428008355416674,0.0,0.0,0.0,0.0,0.0,0.0,0.0,0.0,0.0,0.0,0.0,0.0,0.0,0.0,0.0,0.0,0.0,0.0,0.0,0.0,0.0,0.0,0.0,0.0,0.0,0.0,0.0,0.2539024683474371
1754820490878618765,6928,1754820490821897343,map,-18.83984743736026,-1.4715076758731018,0.0,0.0,0.0,0.9970267109897011,0.07705671659926316,2.7798740666324875,0.13044647632086992,0.0,0.0,0.0,0.0,0.13044647632086637,5.415684126608523,0.0,0.0,0.0,0.0,0.0,0.0,0.0,0.0,0.0,0.0,0.0,0.0,0.0,0.0,0.0,0.0,0.0,0.0,0.0,0.0,0.0,0.0,0.0,0.0,0.0,0.0,0.0,0.25523681886633387
1754820491259947806,6929,1754820491220455081,map,-18.882640723972216,-1.2368017816493364,0.0,0.0,0.0,0.9834861866168169,0.18098320566812715,2.829670793528237,0.0843010775348283,0.0,0.0,0.0,0.0,0.08430107753482474,5.146241044130547,0.0,0.0,0.0,0.0,0.0,0.0,0.0,0.0,0.0,0.0,0.0,0.0,0.0,0.0,0.0,0.0,0.0,0.0,0.0,0.0,0.0,0.0,0.0,0.0,0.0,0.0,0.0,0.24899151632506425
1754820491927221601,6930,1754820491886885596,map,-19.18045461042233,-1.2285053765089322,0.0,0.0,0.0,0.953847443710572,0.3002916151456901,2.869433175390384,0.08379524804421479,0.0,0.0,0.0,0.0,0.08379524804421479,5.289162985089513,0.0,0.0,0.0,0.0,0.0,0.0,0.0,0.0,0.0,0.0,0.0,0.0,0.0,0.0,0.0,0.0,0.0,0.0,0.0,0.0,0.0,0.0,0.0,0.0,0.0,0.0,0.0,0.2630627120697047
1754820493102610911,6931,1754820493056681165,map,-19.157255975751873,-1.296569980946188,0.0,0.0,0.0,0.9287530277444614,0.3706990874759415,2.680061518368973,0.09411915809993232,0.0,0.0,0.0,0.0,0.09411915809992877,5.388480845116819,0.0,0.0,0.0,0.0,0.0,0.0,0.0,0.0,0.0,0.0,0.0,0.0,0.0,0.0,0.0,0.0,0.0,0.0,0.0,0.0,0.0,0.0,0.0,0.0,0.0,0.0,0.0,0.2622063369202361
1754820493501018835,6932,1754820493465210028,map,-19.467967113631893,-1.2000323234446904,0.0,0.0,0.0,0.8575320080151257,0.5144306126481456,2.791002123111525,0.059772797070703376,0.0,0.0,0.0,0.0,0.059772797070703376,5.515369532411251,0.0,0.0,0.0,0.0,0.0,0.0,0.0,0.0,0.0,0.0,0.0,0.0,0.0,0.0,0.0,0.0,0.0,0.0,0.0,0.0,0.0,0.0,0.0,0.0,0.0,0.0,0.0,0.2517899849475846
1754820494070235489,6933,1754820494027781421,map,-19.516391731656995,-1.0453767593944603,0.0,0.0,0.0,0.7862289669352067,0.6179352810383929,2.6503132124342414,0.2936941138020366,0.0,0.0,0.0,0.0,0.2936941138020366,6.0191642943595305,0.0,0.0,0.0,0.0,0.0,0.0,0.0,0.0,0.0,0.0,0.0,0.0,0.0,0.0,0.0,0.0,0.0,0.0,0.0,0.0,0.0,0.0,0.0,0.0,0.0,0.0,0.0,0.2435865169613491
1754820494812145157,6934,1754820494767260499,map,-19.31980229694729,-0.6559229557710549,0.0,0.0,0.0,0.7055922089947011,0.7086181161993941,2.722848845530393,0.2814692799638916,0.0,0.0,0.0,0.0,0.28146927996388804,5.9716097341239145,0.0,0.0,0.0,0.0,0.0,0.0,0.0,0.0,0.0,0.0,0.0,0.0,0.0,0.0,0.0,0.0,0.0,0.0,0.0,0.0,0.0,0.0,0.0,0.0,0.0,0.0,0.0,0.2615707315399186
1754820495606071288,6935,1754820495571867302,map,-19.32254982379401,-0.583179025456934,0.0,0.0,0.0,0.6329371757313287,0.7742031591108688,2.941141244497601,0.3804468954393858,0.0,0.0,0.0,0.0,0.3804468954393858,6.212914029363015,0.0,0.0,0.0,0.0,0.0,0.0,0.0,0.0,0.0,0.0,0.0,0.0,0.0,0.0,0.0,0.0,0.0,0.0,0.0,0.0,0.0,0.0,0.0,0.0,0.0,0.0,0.0,0.28072254696030935
1754820496704409422,6936,1754820496646291854,map,-19.282990743293805,-0.3689901332330147,0.0,0.0,0.0,0.5819865017629341,0.813198445501307,2.9598053424224418,0.4029912026322995,0.0,0.0,0.0,0.0,0.4029912026322995,5.976867162521286,0.0,0.0,0.0,0.0,0.0,0.0,0.0,0.0,0.0,0.0,0.0,0.0,0.0,0.0,0.0,0.0,0.0,0.0,0.0,0.0,0.0,0.0,0.0,0.0,0.0,0.0,0.0,0.2786138689714587
1754820496909544701,6937,1754820496838989051,map,-19.113705212738054,-0.031065742266260722,0.0,0.0,0.0,0.5706154157325471,0.8212174178184315,3.1307506991958576,0.5229746113640239,0.0,0.0,0.0,0.0,0.5229746113640246,5.94580141464903,0.0,0.0,0.0,0.0,0.0,0.0,0.0,0.0,0.0,0.0,0.0,0.0,0.0,0.0,0.0,0.0,0.0,0.0,0.0,0.0,0.0,0.0,0.0,0.0,0.0,0.0,0.0,0.278634585010025
1754820497002973563,6938,1754820496935232689,map,-18.977167855407266,0.19788427892917376,0.0,0.0,0.0,0.5645045536857367,0.8254299539440444,3.344818534004844,0.7263408592775926,0.0,0.0,0.0,0.0,0.7263408592775931,5.913317055533335,0.0,0.0,0.0,0.0,0.0,0.0,0.0,0.0,0.0,0.0,0.0,0.0,0.0,0.0,0.0,0.0,0.0,0.0,0.0,0.0,0.0,0.0,0.0,0.0,0.0,0.0,0.0,0.2795157155791497
1754820497107413743,6939,1754820497072457278,map,-19.095252689896032,0.2292012839958571,0.0,0.0,0.0,0.5692268485052668,0.8221805123820206,3.4726390264443694,0.7402429246990776,0.0,0.0,0.0,0.0,0.7402429246990785,5.642824580036988,0.0,0.0,0.0,0.0,0.0,0.0,0.0,0.0,0.0,0.0,0.0,0.0,0.0,0.0,0.0,0.0,0.0,0.0,0.0,0.0,0.0,0.0,0.0,0.0,0.0,0.0,0.0,0.2905256874321187
1754820497210695030,6940,1754820497179489574,map,-19.090799239924937,0.4012513502270917,0.0,0.0,0.0,0.5711990430982258,0.8208115820111649,3.5344452986660713,0.8098659974323414,0.0,0.0,0.0,0.0,0.8098659974323414,5.474486303775838,0.0,0.0,0.0,0.0,0.0,0.0,0.0,0.0,0.0,0.0,0.0,0.0,0.0,0.0,0.0,0.0,0.0,0.0,0.0,0.0,0.0,0.0,0.0,0.0,0.0,0.0,0.0,0.2963013266600345
1754820497343478773,6941,1754820497309412474,map,-18.96043929394201,0.5746162593530313,0.0,0.0,0.0,0.5594545247140252,0.8288610467243614,3.570801560863117,0.6923711136706672,0.0,0.0,0.0,0.0,0.6923711136706672,5.301137470498155,0.0,0.0,0.0,0.0,0.0,0.0,0.0,0.0,0.0,0.0,0.0,0.0,0.0,0.0,0.0,0.0,0.0,0.0,0.0,0.0,0.0,0.0,0.0,0.0,0.0,0.0,0.0,0.2915984335397681
1754820497503540364,6942,1754820497446369283,map,-18.536890933209307,1.369092997599434,0.0,0.0,0.0,0.5350556790066113,0.8448167969227257,3.7839588708859537,0.7767551591453596,0.0,0.0,0.0,0.0,0.7767551591453561,5.393704535026718,0.0,0.0,0.0,0.0,0.0,0.0,0.0,0.0,0.0,0.0,0.0,0.0,0.0,0.0,0.0,0.0,0.0,0.0,0.0,0.0,0.0,0.0,0.0,0.0,0.0,0.0,0.0,0.3043475294890405
1754820497558809572,6943,1754820497535625460,map,-19.062732937116415,1.1316114305995575,0.0,0.0,0.0,0.5888566988398745,0.8082374578249918,4.097224059158805,0.651304975668566,0.0,0.0,0.0,0.0,0.6513049756685625,5.599090179270874,0.0,0.0,0.0,0.0,0.0,0.0,0.0,0.0,0.0,0.0,0.0,0.0,0.0,0.0,0.0,0.0,0.0,0.0,0.0,0.0,0.0,0.0,0.0,0.0,0.0,0.0,0.0,0.32708767930772364
1754820497687989799,6944,1754820497651434383,map,-19.105160347439284,1.310347488654304,0.0,0.0,0.0,0.5893305674094973,0.8078919991662251,4.260370782259713,0.761947126245456,0.0,0.0,0.0,0.0,0.761947126245456,5.567669467825226,0.0,0.0,0.0,0.0,0.0,0.0,0.0,0.0,0.0,0.0,0.0,0.0,0.0,0.0,0.0,0.0,0.0,0.0,0.0,0.0,0.0,0.0,0.0,0.0,0.0,0.0,0.0,0.3285273088802386
1754820497770380984,6945,1754820497741041469,map,-19.049983726542326,1.495393988649172,0.0,0.0,0.0,0.5833348095670373,0.8122318018567042,4.3101973274843886,0.6628808633117025,0.0,0.0,0.0,0.0,0.6628808633117025,5.452900288951456,0.0,0.0,0.0,0.0,0.0,0.0,0.0,0.0,0.0,0.0,0.0,0.0,0.0,0.0,0.0,0.0,0.0,0.0,0.0,0.0,0.0,0.0,0.0,0.0,0.0,0.0,0.0,0.3247509199760251
1754820497922909095,6946,1754820497881100634,map,-19.066097306184346,1.5710635911016944,0.0,0.0,0.0,0.5811386649489498,0.8138045539939871,4.550197364695464,0.6693722875024726,0.0,0.0,0.0,0.0,0.6693722875024832,5.566837560034412,0.0,0.0,0.0,0.0,0.0,0.0,0.0,0.0,0.0,0.0,0.0,0.0,0.0,0.0,0.0,0.0,0.0,0.0,0.0,0.0,0.0,0.0,0.0,0.0,0.0,0.0,0.0,0.30907377590265356
1754820498076989385,6947,1754820498015402560,map,-18.957239197160572,1.8271912297233301,0.0,0.0,0.0,0.5788687461291903,0.8154207348080003,4.641119590830783,0.6208369641048854,0.0,0.0,0.0,0.0,0.6208369641048819,5.549248535362645,0.0,0.0,0.0,0.0,0.0,0.0,0.0,0.0,0.0,0.0,0.0,0.0,0.0,0.0,0.0,0.0,0.0,0.0,0.0,0.0,0.0,0.0,0.0,0.0,0.0,0.0,0.0,0.31153637571317716
1754820498172845387,6948,1754820498104323296,map,-18.880965910406346,2.0633148696513848,0.0,0.0,0.0,0.5745096465231978,0.818497810657909,4.870271380999441,0.36343857842972227,0.0,0.0,0.0,0.0,0.36343857842972227,5.506436890825929,0.0,0.0,0.0,0.0,0.0,0.0,0.0,0.0,0.0,0.0,0.0,0.0,0.0,0.0,0.0,0.0,0.0,0.0,0.0,0.0,0.0,0.0,0.0,0.0,0.0,0.0,0.0,0.3116109694192064
1754820498312554045,6949,1754820498244660599,map,-18.844649077236163,2.2743227511537047,0.0,0.0,0.0,0.5696128902539087,0.8219131068772346,5.272946053633291,0.30431551804409196,0.0,0.0,0.0,0.0,0.30431551804408485,5.655443147182826,0.0,0.0,0.0,0.0,0.0,0.0,0.0,0.0,0.0,0.0,0.0,0.0,0.0,0.0,0.0,0.0,0.0,0.0,0.0,0.0,0.0,0.0,0.0,0.0,0.0,0.0,0.0,0.3203485777960764
1754820498424464645,6950,1754820498379996660,map,-18.80578673633828,2.3906700771883895,0.0,0.0,0.0,0.5734398076222519,0.8192476957759203,5.6195231711057545,0.2118908369564707,0.0,0.0,0.0,0.0,0.2118908369564707,5.822924206559013,0.0,0.0,0.0,0.0,0.0,0.0,0.0,0.0,0.0,0.0,0.0,0.0,0.0,0.0,0.0,0.0,0.0,0.0,0.0,0.0,0.0,0.0,0.0,0.0,0.0,0.0,0.0,0.3287139070856521
1754820498546060809,6951,1754820498479529386,map,-18.725339226956574,2.548640116120861,0.0,0.0,0.0,0.609910545129366,0.7924702688050824,5.736384587991097,0.3323142350374084,0.0,0.0,0.0,0.0,0.33231423503741553,5.708316723410378,0.0,0.0,0.0,0.0,0.0,0.0,0.0,0.0,0.0,0.0,0.0,0.0,0.0,0.0,0.0,0.0,0.0,0.0,0.0,0.0,0.0,0.0,0.0,0.0,0.0,0.0,0.0,0.3316626020349621
1754820498681285870,6952,1754820498611734002,map,-18.76657525693287,2.6255665096941696,0.0,0.0,0.0,0.7137554597586413,0.7003949911762152,6.01144535700837,0.35320924519060526,0.0,0.0,0.0,0.0,0.35320924519060526,5.866453017972829,0.0,0.0,0.0,0.0,0.0,0.0,0.0,0.0,0.0,0.0,0.0,0.0,0.0,0.0,0.0,0.0,0.0,0.0,0.0,0.0,0.0,0.0,0.0,0.0,0.0,0.0,0.0,0.3326270089601262
1754820498812565656,6953,1754820498746103362,map,-18.66585039122461,2.7972267510369746,0.0,0.0,0.0,0.7841872580068568,0.6205242496306549,6.303902880088515,0.6212964138936385,0.0,0.0,0.0,0.0,0.6212964138936385,5.969736966142102,0.0,0.0,0.0,0.0,0.0,0.0,0.0,0.0,0.0,0.0,0.0,0.0,0.0,0.0,0.0,0.0,0.0,0.0,0.0,0.0,0.0,0.0,0.0,0.0,0.0,0.0,0.0,0.33390642119494335
1754820499031005727,6954,1754820498984134714,map,-18.76737775384839,2.949819282776683,0.0,0.0,0.0,0.8398105925188246,0.5428795158165214,6.7961284036356915,0.831583963876362,0.0,0.0,0.0,0.0,0.831583963876362,5.962796241073063,0.0,0.0,0.0,0.0,0.0,0.0,0.0,0.0,0.0,0.0,0.0,0.0,0.0,0.0,0.0,0.0,0.0,0.0,0.0,0.0,0.0,0.0,0.0,0.0,0.0,0.0,0.0,0.3167154730372547
1754820499350688403,6955,1754820499313364994,map,-18.546056004917837,3.6558814695665207,0.0,0.0,0.0,0.8701551643180314,0.49277783027512484,7.0242100653069315,0.9441279684342021,0.0,0.0,0.0,0.0,0.9441279684342163,6.030002225259484,0.0,0.0,0.0,0.0,0.0,0.0,0.0,0.0,0.0,0.0,0.0,0.0,0.0,0.0,0.0,0.0,0.0,0.0,0.0,0.0,0.0,0.0,0.0,0.0,0.0,0.0,0.0,0.3102194512625222
1754820499695690542,6956,1754820499655986397,map,-19.132354072258437,3.3370664200712903,0.0,0.0,0.0,0.9328774095314928,0.36019402935891576,7.23327155186837,1.0454571638179573,0.0,0.0,0.0,0.0,1.0454571638179573,6.5033852382324895,0.0,0.0,0.0,0.0,0.0,0.0,0.0,0.0,0.0,0.0,0.0,0.0,0.0,0.0,0.0,0.0,0.0,0.0,0.0,0.0,0.0,0.0,0.0,0.0,0.0,0.0,0.0,0.32240089196418864
1754820500057636978,6957,1754820500019567117,map,-19.01996187759847,3.840101909024693,0.0,0.0,0.0,0.9443254379651053,0.32901286785171807,7.547341393566171,1.2499259642305844,0.0,0.0,0.0,0.0,1.2499259642305844,6.474738991269419,0.0,0.0,0.0,0.0,0.0,0.0,0.0,0.0,0.0,0.0,0.0,0.0,0.0,0.0,0.0,0.0,0.0,0.0,0.0,0.0,0.0,0.0,0.0,0.0,0.0,0.0,0.0,0.3182688589240882
1754820500400265426,6958,1754820500357274759,map,-19.093702131471996,4.267348649600867,0.0,0.0,0.0,0.9785967424361068,0.20578730692984923,7.743599147418195,1.2629609890043838,0.0,0.0,0.0,0.0,1.2629609890043838,6.602738140137291,0.0,0.0,0.0,0.0,0.0,0.0,0.0,0.0,0.0,0.0,0.0,0.0,0.0,0.0,0.0,0.0,0.0,0.0,0.0,0.0,0.0,0.0,0.0,0.0,0.0,0.0,0.0,0.3190074301135759
1754820500822598241,6959,1754820500757126133,map,-19.10323224927754,3.746951935404578,0.0,0.0,0.0,0.9940764985312041,0.1086826346199848,8.320130500526943,1.5980903606742913,0.0,0.0,0.0,0.0,1.5980903606742913,6.967961677335024,0.0,0.0,0.0,0.0,0.0,0.0,0.0,0.0,0.0,0.0,0.0,0.0,0.0,0.0,0.0,0.0,0.0,0.0,0.0,0.0,0.0,0.0,0.0,0.0,0.0,0.0,0.0,0.32769407866858474
1754820501030566173,6960,1754820500991762609,map,-19.89418920720873,4.016556801655227,0.0,0.0,0.0,0.999194753307841,0.040122873302926985,8.700030128122478,1.7710653639202008,0.0,0.0,0.0,0.0,1.7710653639202008,7.210511270698193,0.0,0.0,0.0,0.0,0.0,0.0,0.0,0.0,0.0,0.0,0.0,0.0,0.0,0.0,0.0,0.0,0.0,0.0,0.0,0.0,0.0,0.0,0.0,0.0,0.0,0.0,0.0,0.33096254386539137
1754820501426695080,6961,1754820501365215452,map,-19.760078938477825,4.348932842018686,0.0,0.0,0.0,0.9997223162945396,0.023564598504548413,8.725887916997408,1.8767521197152917,0.0,0.0,0.0,0.0,1.8767521197152917,7.698482610876839,0.0,0.0,0.0,0.0,0.0,0.0,0.0,0.0,0.0,0.0,0.0,0.0,0.0,0.0,0.0,0.0,0.0,0.0,0.0,0.0,0.0,0.0,0.0,0.0,0.0,0.0,0.0,0.3520149561571463
1754820501866595685,6962,1754820501827065170,map,-20.06398668042082,4.21313760898252,0.0,0.0,0.0,-0.9998998324395914,0.014153624527913085,8.949394786537084,2.3421820864736134,0.0,0.0,0.0,0.0,2.342182086473599,8.209304600547654,0.0,0.0,0.0,0.0,0.0,0.0,0.0,0.0,0.0,0.0,0.0,0.0,0.0,0.0,0.0,0.0,0.0,0.0,0.0,0.0,0.0,0.0,0.0,0.0,0.0,0.0,0.0,0.3585738661901658
1754820502069576599,6963,1754820502032467295,map,-20.19817230152276,4.2324794876843255,0.0,0.0,0.0,-0.9973713532164358,0.07245953203834343,9.001343188044643,2.325278123495906,0.0,0.0,0.0,0.0,2.32527812349592,8.24547687809952,0.0,0.0,0.0,0.0,0.0,0.0,0.0,0.0,0.0,0.0,0.0,0.0,0.0,0.0,0.0,0.0,0.0,0.0,0.0,0.0,0.0,0.0,0.0,0.0,0.0,0.0,0.0,0.3569701667680343
1754820502462247752,6964,1754820502400270237,map,-20.57477874014411,4.089304456004481,0.0,0.0,0.0,-0.9924065489126124,0.12300098241623438,9.001046966693593,2.4666854820761586,0.0,0.0,0.0,0.0,2.4666854820761586,8.485917847560886,0.0,0.0,0.0,0.0,0.0,0.0,0.0,0.0,0.0,0.0,0.0,0.0,0.0,0.0,0.0,0.0,0.0,0.0,0.0,0.0,0.0,0.0,0.0,0.0,0.0,0.0,0.0,0.37182780573876656
1754820502873449993,6965,1754820502830455058,map,-20.75047218055696,4.026412705545407,0.0,0.0,0.0,-0.9922844639842092,0.12398202505028962,8.991303502366748,2.775554658249092,0.0,0.0,0.0,0.0,2.775554658249078,8.752317610814371,0.0,0.0,0.0,0.0,0.0,0.0,0.0,0.0,0.0,0.0,0.0,0.0,0.0,0.0,0.0,0.0,0.0,0.0,0.0,0.0,0.0,0.0,0.0,0.0,0.0,0.0,0.0,0.37831933424941905
1754820503108897079,6966,1754820503064307291,map,-20.031970996260934,4.684593269980659,0.0,0.0,0.0,-0.9959860949175492,0.08950809310275105,9.37019793039525,2.9828416539143916,0.0,0.0,0.0,0.0,2.9828416539143916,9.288335439704786,0.0,0.0,0.0,0.0,0.0,0.0,0.0,0.0,0.0,0.0,0.0,0.0,0.0,0.0,0.0,0.0,0.0,0.0,0.0,0.0,0.0,0.0,0.0,0.0,0.0,0.0,0.0,0.3981323272082926
1754820503309963343,6967,1754820503265017704,map,-21.318133539356143,3.631586796042581,0.0,0.0,0.0,-0.980833026119165,0.19485013439544097,9.180167359738277,2.9860117944312066,0.0,0.0,0.0,0.0,2.9860117944312066,9.17427544907343,0.0,0.0,0.0,0.0,0.0,0.0,0.0,0.0,0.0,0.0,0.0,0.0,0.0,0.0,0.0,0.0,0.0,0.0,0.0,0.0,0.0,0.0,0.0,0.0,0.0,0.0,0.0,0.4023757758212203
1754820503672626507,6968,1754820503636791785,map,-21.468509845662076,3.686753776545559,0.0,0.0,0.0,-0.9828344724413848,0.18448956550673784,9.258381962585872,3.0015766798523273,0.0,0.0,0.0,0.0,3.0015766798523273,9.581469009747703,0.0,0.0,0.0,0.0,0.0,0.0,0.0,0.0,0.0,0.0,0.0,0.0,0.0,0.0,0.0,0.0,0.0,0.0,0.0,0.0,0.0,0.0,0.0,0.0,0.0,0.0,0.0,0.40684652211150707
1754820503905960115,6969,1754820503867691542,map,-21.913683746001272,3.2684697237357536,0.0,0.0,0.0,-0.9781029015873978,0.20812187272440466,9.681934857018007,3.401754882265294,0.0,0.0,0.0,0.0,3.401754882265301,10.055754058354307,0.0,0.0,0.0,0.0,0.0,0.0,0.0,0.0,0.0,0.0,0.0,0.0,0.0,0.0,0.0,0.0,0.0,0.0,0.0,0.0,0.0,0.0,0.0,0.0,0.0,0.0,0.0,0.4103331106181037
1754820504202926966,6970,1754820504137785113,map,-22.218376421093275,3.075876763100048,0.0,0.0,0.0,-0.9769343439896992,0.2135398968188757,9.726307331100884,3.2124612138802178,0.0,0.0,0.0,0.0,3.2124612138802178,10.667681198648555,0.0,0.0,0.0,0.0,0.0,0.0,0.0,0.0,0.0,0.0,0.0,0.0,0.0,0.0,0.0,0.0,0.0,0.0,0.0,0.0,0.0,0.0,0.0,0.0,0.0,0.0,0.0,0.4307115689742829
1754820504379285216,6971,1754820504341142621,map,-22.196813076622178,2.953242381036356,0.0,0.0,0.0,-0.977599168588276,0.21047533246324013,9.560081045168147,2.9012331741256148,0.0,0.0,0.0,0.0,2.9012331741256148,11.030997780257795,0.0,0.0,0.0,0.0,0.0,0.0,0.0,0.0,0.0,0.0,0.0,0.0,0.0,0.0,0.0,0.0,0.0,0.0,0.0,0.0,0.0,0.0,0.0,0.0,0.0,0.0,0.0,0.44903170767008294
1754820504608172785,6972,1754820504571100831,map,-22.474596967029495,3.0690468587105286,0.0,0.0,0.0,-0.9860547698326861,0.16642112513202253,9.406072181540992,2.875156878932941,0.0,0.0,0.0,0.0,2.875156878932941,11.818377580713856,0.0,0.0,0.0,0.0,0.0,0.0,0.0,0.0,0.0,0.0,0.0,0.0,0.0,0.0,0.0,0.0,0.0,0.0,0.0,0.0,0.0,0.0,0.0,0.0,0.0,0.0,0.0,0.4457031778555169
1754820504846405996,6973,1754820504807353687,map,-22.865222352783075,2.8067383368313417,0.0,0.0,0.0,-0.9954977424925391,0.09478525566910868,10.025817128203698,3.0863335505255876,0.0,0.0,0.0,0.0,3.0863335505255733,12.212192153609717,0.0,0.0,0.0,0.0,0.0,0.0,0.0,0.0,0.0,0.0,0.0,0.0,0.0,0.0,0.0,0.0,0.0,0.0,0.0,0.0,0.0,0.0,0.0,0.0,0.0,0.0,0.0,0.45338340471844685
1754820505182116828,6974,1754820505145606068,map,-22.78341891469531,2.834554789226595,0.0,0.0,0.0,-0.9996826668960008,0.025190583710972658,9.937606838504905,3.1317754337340844,0.0,0.0,0.0,0.0,3.1317754337340986,12.91543247151986,0.0,0.0,0.0,0.0,0.0,0.0,0.0,0.0,0.0,0.0,0.0,0.0,0.0,0.0,0.0,0.0,0.0,0.0,0.0,0.0,0.0,0.0,0.0,0.0,0.0,0.0,0.0,0.4729570982594312
1754820505538156280,6975,1754820505479143552,map,-22.761030202552167,3.450991788827419,0.0,0.0,0.0,0.9922111072389627,0.12456772724759738,10.328176481125752,3.563271625103816,0.0,0.0,0.0,0.0,3.563271625103816,13.349435999968824,0.0,0.0,0.0,0.0,0.0,0.0,0.0,0.0,0.0,0.0,0.0,0.0,0.0,0.0,0.0,0.0,0.0,0.0,0.0,0.0,0.0,0.0,0.0,0.0,0.0,0.0,0.0,0.4605158163777935
1754820505949208121,6976,1754820505883712917,map,-23.232796987569067,3.0185930668585415,0.0,0.0,0.0,0.9750833844561618,0.22183866515446976,10.869400312278458,3.8683534339839696,0.0,0.0,0.0,0.0,3.8683534339839696,13.831631443737432,0.0,0.0,0.0,0.0,0.0,0.0,0.0,0.0,0.0,0.0,0.0,0.0,0.0,0.0,0.0,0.0,0.0,0.0,0.0,0.0,0.0,0.0,0.0,0.0,0.0,0.0,0.0,0.4717350760100672
1754820506281157620,6977,1754820506214668624,map,-23.28595116854891,3.3116728723905706,0.0,0.0,0.0,0.9211561660935266,0.38919316241151425,11.639763339561512,4.5633402728852985,0.0,0.0,0.0,0.0,4.5633402728852985,14.51680836594466,0.0,0.0,0.0,0.0,0.0,0.0,0.0,0.0,0.0,0.0,0.0,0.0,0.0,0.0,0.0,0.0,0.0,0.0,0.0,0.0,0.0,0.0,0.0,0.0,0.0,0.0,0.0,0.5009758298645047
1754820506684471679,6978,1754820506647942792,map,-23.529666399163958,3.3879687536930856,0.0,0.0,0.0,0.9245892860346654,0.3809654211997562,12.820552196620326,5.496663749012868,0.0,0.0,0.0,0.0,5.496663749012882,14.880886162023025,0.0,0.0,0.0,0.0,0.0,0.0,0.0,0.0,0.0,0.0,0.0,0.0,0.0,0.0,0.0,0.0,0.0,0.0,0.0,0.0,0.0,0.0,0.0,0.0,0.0,0.0,0.0,0.4950670154684988
1754820507057183837,6979,1754820507021532660,map,-23.893884561769877,3.2733249204259094,0.0,0.0,0.0,0.8621393110337267,0.5066713020986003,13.604052272371575,5.964116182423851,0.0,0.0,0.0,0.0,5.964116182423865,15.291807290877276,0.0,0.0,0.0,0.0,0.0,0.0,0.0,0.0,0.0,0.0,0.0,0.0,0.0,0.0,0.0,0.0,0.0,0.0,0.0,0.0,0.0,0.0,0.0,0.0,0.0,0.0,0.0,0.5038760006112026
1754820507496125699,6980,1754820507457729260,map,-23.784197119899297,3.7438311444727277,0.0,0.0,0.0,0.780616319875592,0.625010528826425,14.075665202113441,6.117867836978178,0.0,0.0,0.0,0.0,6.117867836978178,15.301086284511868,0.0,0.0,0.0,0.0,0.0,0.0,0.0,0.0,0.0,0.0,0.0,0.0,0.0,0.0,0.0,0.0,0.0,0.0,0.0,0.0,0.0,0.0,0.0,0.0,0.0,0.0,0.0,0.5061519322239296
1754820508060965166,6981,1754820508020450117,map,-22.380865597014534,4.836922985285271,0.0,0.0,0.0,0.6848320816653415,0.7287009125299042,15.260777547551754,6.19309866976549,0.0,0.0,0.0,0.0,6.19309866976549,14.716718495504788,0.0,0.0,0.0,0.0,0.0,0.0,0.0,0.0,0.0,0.0,0.0,0.0,0.0,0.0,0.0,0.0,0.0,0.0,0.0,0.0,0.0,0.0,0.0,0.0,0.0,0.0,0.0,0.508497579808063
1754820508296180606,6982,1754820508251433222,map,-24.269314035793663,3.9765550858112486,0.0,0.0,0.0,0.7507976365010938,0.6605322921889372,15.826529215194341,6.41605640079338,0.0,0.0,0.0,0.0,6.416056400793352,15.09464842807331,0.0,0.0,0.0,0.0,0.0,0.0,0.0,0.0,0.0,0.0,0.0,0.0,0.0,0.0,0.0,0.0,0.0,0.0,0.0,0.0,0.0,0.0,0.0,0.0,0.0,0.0,0.0,0.5282268597080677
1754820508432163600,6983,1754820508386478514,map,-24.44455427915514,4.147583377691733,0.0,0.0,0.0,0.7679464042931202,0.6405141061157572,16.92158563833715,6.486535186486137,0.0,0.0,0.0,0.0,6.486535186486137,14.898204804578835,0.0,0.0,0.0,0.0,0.0,0.0,0.0,0.0,0.0,0.0,0.0,0.0,0.0,0.0,0.0,0.0,0.0,0.0,0.0,0.0,0.0,0.0,0.0,0.0,0.0,0.0,0.0,0.5407450185611539
1754820508659979391,6984,1754820508621747105,map,-24.240434307464085,4.084489987658997,0.0,0.0,0.0,0.7960095267279539,0.6052840930987191,17.83601264192879,6.706752618806476,0.0,0.0,0.0,0.0,6.706752618806448,14.924910055539836,0.0,0.0,0.0,0.0,0.0,0.0,0.0,0.0,0.0,0.0,0.0,0.0,0.0,0.0,0.0,0.0,0.0,0.0,0.0,0.0,0.0,0.0,0.0,0.0,0.0,0.0,0.0,0.5445285419408022
1754820508919553088,6985,1754820508860797470,map,-24.266838067424036,4.633317843737299,0.0,0.0,0.0,0.7938560382124145,0.6081057396486976,18.59057176712531,7.158339492547739,0.0,0.0,0.0,0.0,7.158339492547739,15.015540614749323,0.0,0.0,0.0,0.0,0.0,0.0,0.0,0.0,0.0,0.0,0.0,0.0,0.0,0.0,0.0,0.0,0.0,0.0,0.0,0.0,0.0,0.0,0.0,0.0,0.0,0.0,0.0,0.5167120331661308
1754820509130390040,6986,1754820509086976316,map,-25.33577717689649,3.66876852910759,0.0,0.0,0.0,0.8471163215762207,0.5314075062691277,19.49487963373724,7.613482627933024,0.0,0.0,0.0,0.0,7.61348262793301,15.435961197372134,0.0,0.0,0.0,0.0,0.0,0.0,0.0,0.0,0.0,0.0,0.0,0.0,0.0,0.0,0.0,0.0,0.0,0.0,0.0,0.0,0.0,0.0,0.0,0.0,0.0,0.0,0.0,0.5058575713342013
1754820509334147405,6987,1754820509289815028,map,-24.704500991617657,5.028222303979231,0.0,0.0,0.0,0.8055786883604964,0.5924887989315766,21.090203995740808,7.605837416927827,0.0,0.0,0.0,0.0,7.605837416927827,14.829642725128863,0.0,0.0,0.0,0.0,0.0,0.0,0.0,0.0,0.0,0.0,0.0,0.0,0.0,0.0,0.0,0.0,0.0,0.0,0.0,0.0,0.0,0.0,0.0,0.0,0.0,0.0,0.0,0.5086540748008687
1754820509559394585,6988,1754820509498717280,map,-24.725735746322314,5.186978430958011,0.0,0.0,0.0,0.7452976988342344,0.666731835232423,22.233535680221507,7.692841676421168,0.0,0.0,0.0,0.0,7.692841676421168,14.837444079882417,0.0,0.0,0.0,0.0,0.0,0.0,0.0,0.0,0.0,0.0,0.0,0.0,0.0,0.0,0.0,0.0,0.0,0.0,0.0,0.0,0.0,0.0,0.0,0.0,0.0,0.0,0.0,0.5335038370970955
1754820509762478183,6989,1754820509729655205,map,-24.586394558535417,5.635521137767154,0.0,0.0,0.0,0.7401213962790627,0.6724732848001701,22.291806082607366,7.578997392045295,0.0,0.0,0.0,0.0,7.578997392045295,14.971674496363025,0.0,0.0,0.0,0.0,0.0,0.0,0.0,0.0,0.0,0.0,0.0,0.0,0.0,0.0,0.0,0.0,0.0,0.0,0.0,0.0,0.0,0.0,0.0,0.0,0.0,0.0,0.0,0.5128141168443324
1754820510008793662,6990,1754820509961033154,map,-24.6493070091248,5.685382446172441,0.0,0.0,0.0,0.7456849631681174,0.6662986835533772,23.81450475750887,8.235532844048123,0.0,0.0,0.0,0.0,8.235532844048123,14.956063396480996,0.0,0.0,0.0,0.0,0.0,0.0,0.0,0.0,0.0,0.0,0.0,0.0,0.0,0.0,0.0,0.0,0.0,0.0,0.0,0.0,0.0,0.0,0.0,0.0,0.0,0.0,0.0,0.5200890161953985
1754820510236084788,6991,1754820510199567873,map,-25.447788204685203,5.025920073554473,0.0,0.0,0.0,0.7847281581696824,0.6198400743543594,25.21247664730447,8.59821653047733,0.0,0.0,0.0,0.0,8.598216530477345,14.31772420317155,0.0,0.0,0.0,0.0,0.0,0.0,0.0,0.0,0.0,0.0,0.0,0.0,0.0,0.0,0.0,0.0,0.0,0.0,0.0,0.0,0.0,0.0,0.0,0.0,0.0,0.0,0.0,0.5143730592349833
1754820510493960630,6992,1754820510437146128,map,-25.429127989899975,5.3231847003585,0.0,0.0,0.0,0.7847040113911808,0.619870643365686,26.22837136222688,8.72726833670383,0.0,0.0,0.0,0.0,8.72726833670383,14.44826685735623,0.0,0.0,0.0,0.0,0.0,0.0,0.0,0.0,0.0,0.0,0.0,0.0,0.0,0.0,0.0,0.0,0.0,0.0,0.0,0.0,0.0,0.0,0.0,0.0,0.0,0.0,0.0,0.5107171357886401
1754820510703460838,6993,1754820510663996854,map,-25.519330003639894,5.578913027601442,0.0,0.0,0.0,0.7865226588735612,0.6175614196810417,27.629889102278923,8.375851517860042,0.0,0.0,0.0,0.0,8.375851517860042,14.279765928426592,0.0,0.0,0.0,0.0,0.0,0.0,0.0,0.0,0.0,0.0,0.0,0.0,0.0,0.0,0.0,0.0,0.0,0.0,0.0,0.0,0.0,0.0,0.0,0.0,0.0,0.0,0.0,0.5139784646001899
1754820510939503887,6994,1754820510901325842,map,-25.00523004402639,6.103244291104494,0.0,0.0,0.0,0.6925060719651609,0.7214120461230069,28.396777842437075,8.491725324928595,0.0,0.0,0.0,0.0,8.491725324928595,14.066671913355869,0.0,0.0,0.0,0.0,0.0,0.0,0.0,0.0,0.0,0.0,0.0,0.0,0.0,0.0,0.0,0.0,0.0,0.0,0.0,0.0,0.0,0.0,0.0,0.0,0.0,0.0,0.0,0.5067552013403164
1754820511300187225,6995,1754820511238415094,map,-25.578580211462107,5.871359469230633,0.0,0.0,0.0,0.6959718071425978,0.7180691078598679,30.0713831641836,8.750771134261129,0.0,0.0,0.0,0.0,8.750771134261129,14.174705353513723,0.0,0.0,0.0,0.0,0.0,0.0,0.0,0.0,0.0,0.0,0.0,0.0,0.0,0.0,0.0,0.0,0.0,0.0,0.0,0.0,0.0,0.0,0.0,0.0,0.0,0.0,0.0,0.5035291162863268
1754820511612180618,6996,1754820511567961371,map,-25.540772688124616,6.071813711308291,0.0,0.0,0.0,0.607941738117015,0.7939816389912696,30.67813288258492,9.066107324434157,0.0,0.0,0.0,0.0,9.066107324434157,14.9306946378111,0.0,0.0,0.0,0.0,0.0,0.0,0.0,0.0,0.0,0.0,0.0,0.0,0.0,0.0,0.0,0.0,0.0,0.0,0.0,0.0,0.0,0.0,0.0,0.0,0.0,0.0,0.0,0.5255152582133772
1754820511968401771,6997,1754820511907639844,map,-25.081693481950303,6.522185840753575,0.0,0.0,0.0,0.4519936333412044,0.8920211631004148,31.662824421561993,8.688054082710408,0.0,0.0,0.0,0.0,8.688054082710437,14.734837516064552,0.0,0.0,0.0,0.0,0.0,0.0,0.0,0.0,0.0,0.0,0.0,0.0,0.0,0.0,0.0,0.0,0.0,0.0,0.0,0.0,0.0,0.0,0.0,0.0,0.0,0.0,0.0,0.5419325571857138
1754820512339294417,6998,1754820512302020838,map,-25.5691341653401,6.116616672719567,0.0,0.0,0.0,0.344315407819002,0.9388540354807207,32.52260388170589,7.906125203141926,0.0,0.0,0.0,0.0,7.906125203141954,12.97147151466303,0.0,0.0,0.0,0.0,0.0,0.0,0.0,0.0,0.0,0.0,0.0,0.0,0.0,0.0,0.0,0.0,0.0,0.0,0.0,0.0,0.0,0.0,0.0,0.0,0.0,0.0,0.0,0.5163429148657928
1754820512748580072,6999,1754820512710105631,map,-25.049623472600903,6.757725267098261,0.0,0.0,0.0,0.16855360017823687,0.985692489505198,33.01862046121079,7.852567584001548,0.0,0.0,0.0,0.0,7.852567584001548,12.24849729861296,0.0,0.0,0.0,0.0,0.0,0.0,0.0,0.0,0.0,0.0,0.0,0.0,0.0,0.0,0.0,0.0,0.0,0.0,0.0,0.0,0.0,0.0,0.0,0.0,0.0,0.0,0.0,0.5095679524338307
1754820513054561938,7000,1754820513013589789,map,-24.77460580373393,6.667776612289449,0.0,0.0,0.0,0.14319386842318538,0.9896946579859889,32.119329960687935,7.33775272562886,0.0,0.0,0.0,0.0,7.33775272562886,11.781049934967157,0.0,0.0,0.0,0.0,0.0,0.0,0.0,0.0,0.0,0.0,0.0,0.0,0.0,0.0,0.0,0.0,0.0,0.0,0.0,0.0,0.0,0.0,0.0,0.0,0.0,0.0,0.0,0.49930861350404243
1754820513346989948,7001,1754820513311308869,map,-24.897192757772828,6.609159646057854,0.0,0.0,0.0,0.17144470845857737,0.9851937433528257,32.50940859766496,6.533349245266436,0.0,0.0,0.0,0.0,6.533349245266436,11.353594720112575,0.0,0.0,0.0,0.0,0.0,0.0,0.0,0.0,0.0,0.0,0.0,0.0,0.0,0.0,0.0,0.0,0.0,0.0,0.0,0.0,0.0,0.0,0.0,0.0,0.0,0.0,0.0,0.5179398311521572
1754820513556644045,7002,1754820513512654446,map,-24.628725832670703,6.721036659690696,0.0,0.0,0.0,0.04787668101343272,0.9988532541945979,32.40199839426094,5.633034236057654,0.0,0.0,0.0,0.0,5.633034236057654,10.419026076279053,0.0,0.0,0.0,0.0,0.0,0.0,0.0,0.0,0.0,0.0,0.0,0.0,0.0,0.0,0.0,0.0,0.0,0.0,0.0,0.0,0.0,0.0,0.0,0.0,0.0,0.0,0.0,0.5168333929468011
1754820513781652900,7003,1754820513748666496,map,-24.572368298667662,6.599911617471486,0.0,0.0,0.0,-0.028795233646388595,0.9995853312845532,31.211813455848244,4.861093388631815,0.0,0.0,0.0,0.0,4.861093388631872,9.472519203101427,0.0,0.0,0.0,0.0,0.0,0.0,0.0,0.0,0.0,0.0,0.0,0.0,0.0,0.0,0.0,0.0,0.0,0.0,0.0,0.0,0.0,0.0,0.0,0.0,0.0,0.0,0.0,0.49782251145312234
1754820514180002464,7004,1754820514119762839,map,-24.410138252241623,6.5413836315678235,0.0,0.0,0.0,-0.021514566512896918,0.9997685349258408,31.02056173239356,4.5965541112051085,0.0,0.0,0.0,0.0,4.596554111205137,9.473973069615411,0.0,0.0,0.0,0.0,0.0,0.0,0.0,0.0,0.0,0.0,0.0,0.0,0.0,0.0,0.0,0.0,0.0,0.0,0.0,0.0,0.0,0.0,0.0,0.0,0.0,0.0,0.0,0.514710079099906
1754820514548200226,7005,1754820514489688481,map,-24.013252551460194,6.754958395311519,0.0,0.0,0.0,-0.03933941975313076,0.9992259054155307,30.428471691202333,4.240954114585946,0.0,0.0,0.0,0.0,4.240954114585946,9.187772699245684,0.0,0.0,0.0,0.0,0.0,0.0,0.0,0.0,0.0,0.0,0.0,0.0,0.0,0.0,0.0,0.0,0.0,0.0,0.0,0.0,0.0,0.0,0.0,0.0,0.0,0.0,0.0,0.5202886234612741
1754820514980032767,7006,1754820514917138453,map,-24.10925090362725,6.45130394373169,0.0,0.0,0.0,-0.02719375070835081,0.9996301815783736,30.210164315182624,3.6254053784479936,0.0,0.0,0.0,0.0,3.6254053784479936,8.945929706129675,0.0,0.0,0.0,0.0,0.0,0.0,0.0,0.0,0.0,0.0,0.0,0.0,0.0,0.0,0.0,0.0,0.0,0.0,0.0,0.0,0.0,0.0,0.0,0.0,0.0,0.0,0.0,0.5228600738676914
1754820515556778004,7007,1754820515519984205,map,-23.922452320254823,6.527055605830249,0.0,0.0,0.0,-0.024440796243159823,0.9997012791224188,29.42416764246633,2.668992184782539,0.0,0.0,0.0,0.0,2.6689921847825673,8.444596977837108,0.0,0.0,0.0,0.0,0.0,0.0,0.0,0.0,0.0,0.0,0.0,0.0,0.0,0.0,0.0,0.0,0.0,0.0,0.0,0.0,0.0,0.0,0.0,0.0,0.0,0.0,0.0,0.5053311361444627
1754820515926891297,7008,1754820515886790259,map,-23.6138844123328,6.57510360997454,0.0,0.0,0.0,-0.04039392209432922,0.9991838324641954,28.474082471258896,1.7920045358435033,0.0,0.0,0.0,0.0,1.7920045358435033,8.336811255164463,0.0,0.0,0.0,0.0,0.0,0.0,0.0,0.0,0.0,0.0,0.0,0.0,0.0,0.0,0.0,0.0,0.0,0.0,0.0,0.0,0.0,0.0,0.0,0.0,0.0,0.0,0.0,0.5099487344513088
1754820516057696216,7009,1754820516016020192,map,-23.449973895377767,6.621846201171071,0.0,0.0,0.0,-0.04753825744374532,0.9988694179316995,27.949945311728698,1.4878964452336874,0.0,0.0,0.0,0.0,1.4878964452336874,7.871378082522234,0.0,0.0,0.0,0.0,0.0,0.0,0.0,0.0,0.0,0.0,0.0,0.0,0.0,0.0,0.0,0.0,0.0,0.0,0.0,0.0,0.0,0.0,0.0,0.0,0.0,0.0,0.0,0.5072829544735615
1754820516192679372,7010,1754820516114500311,map,-23.626397207072305,6.63531953726771,0.0,0.0,0.0,-0.012042562753022007,0.9999274857120087,28.190868261568596,0.8539259281729699,0.0,0.0,0.0,0.0,0.8539259281729557,8.032923191120062,0.0,0.0,0.0,0.0,0.0,0.0,0.0,0.0,0.0,0.0,0.0,0.0,0.0,0.0,0.0,0.0,0.0,0.0,0.0,0.0,0.0,0.0,0.0,0.0,0.0,0.0,0.0,0.5200549703778546
1754820516288538395,7011,1754820516211592954,map,-22.808992382899923,6.780597441742717,0.0,0.0,0.0,-0.09270435388178574,0.9956936791862047,27.39025137646837,0.7718498046493352,0.0,0.0,0.0,0.0,0.7718498046493352,7.9604674213284525,0.0,0.0,0.0,0.0,0.0,0.0,0.0,0.0,0.0,0.0,0.0,0.0,0.0,0.0,0.0,0.0,0.0,0.0,0.0,0.0,0.0,0.0,0.0,0.0,0.0,0.0,0.0,0.4993024656831368
1754820516387134063,7012,1754820516347729900,map,-22.51771479457749,6.765324856537307,0.0,0.0,0.0,-0.09876870373269528,0.995110417573328,25.796479752212292,-0.09509140043148534,0.0,0.0,0.0,0.0,-0.09509140043148534,7.593940584523878,0.0,0.0,0.0,0.0,0.0,0.0,0.0,0.0,0.0,0.0,0.0,0.0,0.0,0.0,0.0,0.0,0.0,0.0,0.0,0.0,0.0,0.0,0.0,0.0,0.0,0.0,0.0,0.49914098391978484
1754820516533288775,7013,1754820516488675469,map,-22.676503244802586,6.51559543991532,0.0,0.0,0.0,-0.05033318720468796,0.9987324818317556,24.534349814017048,-0.8988172189711747,0.0,0.0,0.0,0.0,-0.8988172189711747,7.120143856744384,0.0,0.0,0.0,0.0,0.0,0.0,0.0,0.0,0.0,0.0,0.0,0.0,0.0,0.0,0.0,0.0,0.0,0.0,0.0,0.0,0.0,0.0,0.0,0.0,0.0,0.0,0.0,0.48509946526307907
1754820516655618713,7014,1754820516585917932,map,-22.113055975128667,6.636193329190666,0.0,0.0,0.0,-0.08976185980683571,0.9959632566134244,24.76015151280245,-1.2610867069884222,0.0,0.0,0.0,0.0,-1.2610867069884222,7.041745962674824,0.0,0.0,0.0,0.0,0.0,0.0,0.0,0.0,0.0,0.0,0.0,0.0,0.0,0.0,0.0,0.0,0.0,0.0,0.0,0.0,0.0,0.0,0.0,0.0,0.0,0.0,0.0,0.5048082321827408
1754820516749299287,7015,1754820516682544102,map,-22.358490908089905,6.502789060734493,0.0,0.0,0.0,-0.040300027897800135,0.9991876238982529,24.74418750805279,-1.9226811246067683,0.0,0.0,0.0,0.0,-1.9226811246067683,7.001926941759336,0.0,0.0,0.0,0.0,0.0,0.0,0.0,0.0,0.0,0.0,0.0,0.0,0.0,0.0,0.0,0.0,0.0,0.0,0.0,0.0,0.0,0.0,0.0,0.0,0.0,0.0,0.0,0.5197363482044819
1754820516864363566,7016,1754820516816110762,map,-22.114492586857054,6.419726681568868,0.0,0.0,0.0,-0.03934195121439714,0.9992258057489528,24.174702865396853,-2.3839526220521066,0.0,0.0,0.0,0.0,-2.3839526220521066,6.88225823819262,0.0,0.0,0.0,0.0,0.0,0.0,0.0,0.0,0.0,0.0,0.0,0.0,0.0,0.0,0.0,0.0,0.0,0.0,0.0,0.0,0.0,0.0,0.0,0.0,0.0,0.0,0.0,0.5382451787363616
1754820516972093182,7017,1754820516913976016,map,-21.84323325070129,6.4344156976055675,0.0,0.0,0.0,-0.04785607035492249,0.9988542418842624,23.49585664195564,-2.958635874934913,0.0,0.0,0.0,0.0,-2.958635874934913,6.806145505973589,0.0,0.0,0.0,0.0,0.0,0.0,0.0,0.0,0.0,0.0,0.0,0.0,0.0,0.0,0.0,0.0,0.0,0.0,0.0,0.0,0.0,0.0,0.0,0.0,0.0,0.0,0.0,0.5137572680981436
1754820517119422393,7018,1754820517015107714,map,-21.630151941396036,6.4131001040287545,0.0,0.0,0.0,-0.053203730498874134,0.9985836785472728,22.51693475033551,-3.2880011015216297,0.0,0.0,0.0,0.0,-3.2880011015216297,7.239710875262801,0.0,0.0,0.0,0.0,0.0,0.0,0.0,0.0,0.0,0.0,0.0,0.0,0.0,0.0,0.0,0.0,0.0,0.0,0.0,0.0,0.0,0.0,0.0,0.0,0.0,0.0,0.0,0.5102838974988486
1754820517185718077,7019,1754820517126912682,map,-21.40116309560291,6.34605396295273,0.0,0.0,0.0,-0.059068065574721024,0.9982539574823935,21.71808932240691,-3.4213051832911106,0.0,0.0,0.0,0.0,-3.4213051832911106,7.335900372431865,0.0,0.0,0.0,0.0,0.0,0.0,0.0,0.0,0.0,0.0,0.0,0.0,0.0,0.0,0.0,0.0,0.0,0.0,0.0,0.0,0.0,0.0,0.0,0.0,0.0,0.0,0.0,0.5055344673460446
1754820517298966284,7020,1754820517258143470,map,-20.819059850156457,6.666816305096573,0.0,0.0,0.0,-0.06079452209830232,0.9981503023507227,20.980352389076813,-3.821875795435588,0.0,0.0,0.0,0.0,-3.8218757954355738,8.243297852157792,0.0,0.0,0.0,0.0,0.0,0.0,0.0,0.0,0.0,0.0,0.0,0.0,0.0,0.0,0.0,0.0,0.0,0.0,0.0,0.0,0.0,0.0,0.0,0.0,0.0,0.0,0.0,0.5167835402307853
1754820517438771817,7021,1754820517393511471,map,-20.010889654520106,6.669968969084496,0.0,0.0,0.0,-0.12056528107495093,0.9927054009117298,20.66178228166666,-4.68421692680333,0.0,0.0,0.0,0.0,-4.68421692680333,8.471589216585574,0.0,0.0,0.0,0.0,0.0,0.0,0.0,0.0,0.0,0.0,0.0,0.0,0.0,0.0,0.0,0.0,0.0,0.0,0.0,0.0,0.0,0.0,0.0,0.0,0.0,0.0,0.0,0.5256737889890459
1754820517564196426,7022,1754820517484560302,map,-20.198492191420677,6.716696006444907,0.0,0.0,0.0,-0.07341576667935915,0.9973014214383141,19.77441409394487,-4.1371017882014485,0.0,0.0,0.0,0.0,-4.1371017882014485,8.720649176967122,0.0,0.0,0.0,0.0,0.0,0.0,0.0,0.0,0.0,0.0,0.0,0.0,0.0,0.0,0.0,0.0,0.0,0.0,0.0,0.0,0.0,0.0,0.0,0.0,0.0,0.0,0.0,0.5138474503746449
1754820517643000335,7023,1754820517617854647,map,-20.25249788233104,6.246375029630596,0.0,0.0,0.0,-0.08798219641439972,0.9961220472984713,18.395064162004587,-4.421828431130535,0.0,0.0,0.0,0.0,-4.421828431130535,8.54853929689979,0.0,0.0,0.0,0.0,0.0,0.0,0.0,0.0,0.0,0.0,0.0,0.0,0.0,0.0,0.0,0.0,0.0,0.0,0.0,0.0,0.0,0.0,0.0,0.0,0.0,0.0,0.0,0.49096055926636745
1754820517771145856,7024,1754820517726862887,map,-20.034502856837413,6.238360595047162,0.0,0.0,0.0,-0.09618585267499777,0.995363391804814,17.492077672921937,-4.758076897941905,0.0,0.0,0.0,0.0,-4.758076897941905,8.752903965435415,0.0,0.0,0.0,0.0,0.0,0.0,0.0,0.0,0.0,0.0,0.0,0.0,0.0,0.0,0.0,0.0,0.0,0.0,0.0,0.0,0.0,0.0,0.0,0.0,0.0,0.0,0.0,0.4825961658321881
1754820517895602074,7025,1754820517827072123,map,-18.858914724853964,6.672286255998526,0.0,0.0,0.0,-0.1544524543170555,0.9880002223458444,16.86340498038254,-5.081569052539564,0.0,0.0,0.0,0.0,-5.081569052539564,9.055079885782067,0.0,0.0,0.0,0.0,0.0,0.0,0.0,0.0,0.0,0.0,0.0,0.0,0.0,0.0,0.0,0.0,0.0,0.0,0.0,0.0,0.0,0.0,0.0,0.0,0.0,0.0,0.0,0.4775819604162222
1754820517993235976,7026,1754820517919157665,map,-19.30051927421813,6.409846202453989,0.0,0.0,0.0,-0.11652082836289032,0.9931882482981894,16.418676081596004,-4.976083705425239,0.0,0.0,0.0,0.0,-4.976083705425239,9.29926621281659,0.0,0.0,0.0,0.0,0.0,0.0,0.0,0.0,0.0,0.0,0.0,0.0,0.0,0.0,0.0,0.0,0.0,0.0,0.0,0.0,0.0,0.0,0.0,0.0,0.0,0.0,0.0,0.4550778248215581
1754820518094876420,7027,1754820518027786461,map,-11.64990998641468,2.4959450372626075,0.0,0.0,0.0,-0.5900211563223478,0.8073877848295945,16.302478037661984,-5.057555499942978,0.0,0.0,0.0,0.0,-5.057555499942978,9.987413662260966,0.0,0.0,0.0,0.0,0.0,0.0,0.0,0.0,0.0,0.0,0.0,0.0,0.0,0.0,0.0,0.0,0.0,0.0,0.0,0.0,0.0,0.0,0.0,0.0,0.0,0.0,0.0,0.4612309472491859
1754820518202376600,7028,1754820518162661859,map,-18.888365132218844,6.261887644114302,0.0,0.0,0.0,-0.1341576203366206,0.9909600057043751,16.018523855566883,-5.668450986525798,0.0,0.0,0.0,0.0,-5.668450986525798,10.140845305626438,0.0,0.0,0.0,0.0,0.0,0.0,0.0,0.0,0.0,0.0,0.0,0.0,0.0,0.0,0.0,0.0,0.0,0.0,0.0,0.0,0.0,0.0,0.0,0.0,0.0,0.0,0.0,0.43755748277073975
1754820518340982317,7029,1754820518304311874,map,-18.724889683128417,6.1760090884185574,0.0,0.0,0.0,-0.13104809505485698,0.9913760118050533,15.756254455425335,-5.9716503499686695,0.0,0.0,0.0,0.0,-5.971650349968684,10.255599416456217,0.0,0.0,0.0,0.0,0.0,0.0,0.0,0.0,0.0,0.0,0.0,0.0,0.0,0.0,0.0,0.0,0.0,0.0,0.0,0.0,0.0,0.0,0.0,0.0,0.0,0.0,0.0,0.4415341617439956
1754820518538431226,7030,1754820518497349770,map,-18.512462096742794,6.3260739618323045,0.0,0.0,0.0,-0.1175353888301959,0.9930686946896145,15.399465306310304,-6.311404428351807,0.0,0.0,0.0,0.0,-6.311404428351807,11.31688160041529,0.0,0.0,0.0,0.0,0.0,0.0,0.0,0.0,0.0,0.0,0.0,0.0,0.0,0.0,0.0,0.0,0.0,0.0,0.0,0.0,0.0,0.0,0.0,0.0,0.0,0.0,0.0,0.44096749127395374
1754820518666503116,7031,1754820518626997448,map,-18.574171833322573,6.196278206598178,0.0,0.0,0.0,-0.10712920654058249,0.9942451071571764,14.948966416635074,-5.958333188517955,0.0,0.0,0.0,0.0,-5.958333188517955,11.884856474681118,0.0,0.0,0.0,0.0,0.0,0.0,0.0,0.0,0.0,0.0,0.0,0.0,0.0,0.0,0.0,0.0,0.0,0.0,0.0,0.0,0.0,0.0,0.0,0.0,0.0,0.0,0.0,0.4526734986137866
1754820518933296621,7032,1754820518866789573,map,-18.23820659451313,6.072949453452155,0.0,0.0,0.0,-0.24378981144703296,0.969828091898054,14.583043326987905,-6.045220697672036,0.0,0.0,0.0,0.0,-6.045220697672036,12.468853802142768,0.0,0.0,0.0,0.0,0.0,0.0,0.0,0.0,0.0,0.0,0.0,0.0,0.0,0.0,0.0,0.0,0.0,0.0,0.0,0.0,0.0,0.0,0.0,0.0,0.0,0.0,0.0,0.47341182140006005
1754820519203240515,7033,1754820519164375445,map,-17.933522609349243,6.049413106431329,0.0,0.0,0.0,-0.32979925181850855,0.9440510862765595,14.158518378514799,-6.038640363197217,0.0,0.0,0.0,0.0,-6.038640363197231,12.667064228371586,0.0,0.0,0.0,0.0,0.0,0.0,0.0,0.0,0.0,0.0,0.0,0.0,0.0,0.0,0.0,0.0,0.0,0.0,0.0,0.0,0.0,0.0,0.0,0.0,0.0,0.0,0.0,0.4872019462136358
1754820519678626895,7034,1754820519637991692,map,-18.268487612948554,6.367584916316554,0.0,0.0,0.0,-0.43447799779244617,0.9006824465005784,13.38284079943864,-6.00623072047199,0.0,0.0,0.0,0.0,-6.00623072047199,12.422809740146668,0.0,0.0,0.0,0.0,0.0,0.0,0.0,0.0,0.0,0.0,0.0,0.0,0.0,0.0,0.0,0.0,0.0,0.0,0.0,0.0,0.0,0.0,0.0,0.0,0.0,0.0,0.0,0.4994051820043223
1754820520043778924,7035,1754820520002159283,map,-18.192531511648678,6.191211094922258,0.0,0.0,0.0,-0.5391235871801047,0.842226666489524,13.128426557451604,-5.715611560866918,0.0,0.0,0.0,0.0,-5.715611560866918,12.120649091512437,0.0,0.0,0.0,0.0,0.0,0.0,0.0,0.0,0.0,0.0,0.0,0.0,0.0,0.0,0.0,0.0,0.0,0.0,0.0,0.0,0.0,0.0,0.0,0.0,0.0,0.0,0.0,0.5002064110156731
1754820520400924880,7036,1754820520346320809,map,-17.35041047651537,5.887829803608216,0.0,0.0,0.0,-0.6993246848686676,0.7148041585870488,12.023989009322264,-5.163829158033423,0.0,0.0,0.0,0.0,-5.163829158033423,11.5869122803215,0.0,0.0,0.0,0.0,0.0,0.0,0.0,0.0,0.0,0.0,0.0,0.0,0.0,0.0,0.0,0.0,0.0,0.0,0.0,0.0,0.0,0.0,0.0,0.0,0.0,0.0,0.0,0.4716100198888501
1754820520678405063,7037,1754820520637739607,map,-18.119164415771586,5.751522170827979,0.0,0.0,0.0,-0.7325468525666134,0.6807166141609504,11.771997056536662,-4.781161616159039,0.0,0.0,0.0,0.0,-4.781161616159039,11.196872339776068,0.0,0.0,0.0,0.0,0.0,0.0,0.0,0.0,0.0,0.0,0.0,0.0,0.0,0.0,0.0,0.0,0.0,0.0,0.0,0.0,0.0,0.0,0.0,0.0,0.0,0.0,0.0,0.48104617524986565
1754820521134069888,7038,1754820521073990578,map,-18.182365292809607,5.267728755442133,0.0,0.0,0.0,-0.8111542997363211,0.5848321998823923,11.297515584813112,-3.8205470840547235,0.0,0.0,0.0,0.0,-3.8205470840547378,11.112330259479926,0.0,0.0,0.0,0.0,0.0,0.0,0.0,0.0,0.0,0.0,0.0,0.0,0.0,0.0,0.0,0.0,0.0,0.0,0.0,0.0,0.0,0.0,0.0,0.0,0.0,0.0,0.0,0.49253561532451495
1754820521681197657,7039,1754820521641721072,map,-17.894109039057675,4.497038771139607,0.0,0.0,0.0,-0.8961660707278444,0.44371880022849625,11.724022617704378,-3.2193589764263777,0.0,0.0,0.0,0.0,-3.2193589764263777,11.266047818736766,0.0,0.0,0.0,0.0,0.0,0.0,0.0,0.0,0.0,0.0,0.0,0.0,0.0,0.0,0.0,0.0,0.0,0.0,0.0,0.0,0.0,0.0,0.0,0.0,0.0,0.0,0.0,0.5042597571504279
1754820521916487248,7040,1754820521877079255,map,-18.44641391160444,4.901463236438689,0.0,0.0,0.0,-0.8653636214857263,0.5011444927454641,11.283292663736233,-2.911115581820866,0.0,0.0,0.0,0.0,-2.911115581820866,10.936737327027174,0.0,0.0,0.0,0.0,0.0,0.0,0.0,0.0,0.0,0.0,0.0,0.0,0.0,0.0,0.0,0.0,0.0,0.0,0.0,0.0,0.0,0.0,0.0,0.0,0.0,0.0,0.0,0.5087303157248959
1754820522173647653,7041,1754820522110792330,map,-12.833640278226392,1.0898065247251818,0.0,0.0,0.0,0.9998508319840478,0.01727176252753157,11.090691021087167,-2.916242518604534,0.0,0.0,0.0,0.0,-2.916242518604534,10.598411931059026,0.0,0.0,0.0,0.0,0.0,0.0,0.0,0.0,0.0,0.0,0.0,0.0,0.0,0.0,0.0,0.0,0.0,0.0,0.0,0.0,0.0,0.0,0.0,0.0,0.0,0.0,0.0,0.4832736958200236
1754820522482329886,7042,1754820522441690775,map,-18.735010301205868,4.681084398157704,0.0,0.0,0.0,-0.8572245004275194,0.514942866604432,10.96897403846799,-2.73645945897902,0.0,0.0,0.0,0.0,-2.73645945897902,10.257643657525445,0.0,0.0,0.0,0.0,0.0,0.0,0.0,0.0,0.0,0.0,0.0,0.0,0.0,0.0,0.0,0.0,0.0,0.0,0.0,0.0,0.0,0.0,0.0,0.0,0.0,0.0,0.0,0.48497585547942096
1754820522707556664,7043,1754820522643313253,map,-18.96738060260421,4.65950018274447,0.0,0.0,0.0,-0.8596874969141435,0.5108203281482586,10.41311312319283,-2.2770172687461,0.0,0.0,0.0,0.0,-2.2770172687460857,9.707014257109497,0.0,0.0,0.0,0.0,0.0,0.0,0.0,0.0,0.0,0.0,0.0,0.0,0.0,0.0,0.0,0.0,0.0,0.0,0.0,0.0,0.0,0.0,0.0,0.0,0.0,0.0,0.0,0.484497189829628
1754820522820223749,7044,1754820522778615225,map,-19.149588808373768,4.36964967056613,0.0,0.0,0.0,-0.8616970103212587,0.5074231591121997,9.914167246455008,-1.9819101175488,0.0,0.0,0.0,0.0,-1.9819101175488,8.455527414003805,0.0,0.0,0.0,0.0,0.0,0.0,0.0,0.0,0.0,0.0,0.0,0.0,0.0,0.0,0.0,0.0,0.0,0.0,0.0,0.0,0.0,0.0,0.0,0.0,0.0,0.0,0.0,0.5008270737143143
1754820522915972231,7045,1754820522875848098,map,-19.15720260797988,4.364242167316897,0.0,0.0,0.0,-0.8598003295983426,0.5106303880720197,9.67837049756099,-1.9223968498725128,0.0,0.0,0.0,0.0,-1.9223968498725128,8.141332502407579,0.0,0.0,0.0,0.0,0.0,0.0,0.0,0.0,0.0,0.0,0.0,0.0,0.0,0.0,0.0,0.0,0.0,0.0,0.0,0.0,0.0,0.0,0.0,0.0,0.0,0.0,0.0,0.4985157324842234
1754820522997374860,7046,1754820522972797700,map,-18.27064682735634,5.708281433179367,0.0,0.0,0.0,-0.8264367306021022,0.5630295998539583,9.372018887487854,-1.711037972923954,0.0,0.0,0.0,0.0,-1.711037972923954,7.760968720089679,0.0,0.0,0.0,0.0,0.0,0.0,0.0,0.0,0.0,0.0,0.0,0.0,0.0,0.0,0.0,0.0,0.0,0.0,0.0,0.0,0.0,0.0,0.0,0.0,0.0,0.0,0.0,0.5379313144511231
1754820523113266359,7047,1754820523079985839,map,-18.877566847060628,4.121259939100717,0.0,0.0,0.0,-0.8668194267316103,0.4986221830611656,9.274409420490372,-1.2516469639415746,0.0,0.0,0.0,0.0,-1.2516469639415746,7.986654699006213,0.0,0.0,0.0,0.0,0.0,0.0,0.0,0.0,0.0,0.0,0.0,0.0,0.0,0.0,0.0,0.0,0.0,0.0,0.0,0.0,0.0,0.0,0.0,0.0,0.0,0.0,0.0,0.5454098205801666
1754820523223877291,7048,1754820523180337161,map,-19.40193159956127,3.7932155445791564,0.0,0.0,0.0,-0.8558419345685246,0.5172374532398105,9.156041927702006,-0.9453442673217936,0.0,0.0,0.0,0.0,-0.9453442673217936,7.694174193731907,0.0,0.0,0.0,0.0,0.0,0.0,0.0,0.0,0.0,0.0,0.0,0.0,0.0,0.0,0.0,0.0,0.0,0.0,0.0,0.0,0.0,0.0,0.0,0.0,0.0,0.0,0.0,0.5589980593616815
1754820523355389941,7049,1754820523314269127,map,-19.460579737801755,3.6533830060601176,0.0,0.0,0.0,-0.853537526365766,0.5210313724579445,9.032429467029203,-0.43842275797738495,0.0,0.0,0.0,0.0,-0.43842275797737784,7.398217815801077,0.0,0.0,0.0,0.0,0.0,0.0,0.0,0.0,0.0,0.0,0.0,0.0,0.0,0.0,0.0,0.0,0.0,0.0,0.0,0.0,0.0,0.0,0.0,0.0,0.0,0.0,0.0,0.583623217492582
1754820523487739230,7050,1754820523444876873,map,-18.977138972095517,3.7091947729689525,0.0,0.0,0.0,-0.8562051960584172,0.5166359087815784,8.751873692964352,-0.17876769177377838,0.0,0.0,0.0,0.0,-0.17876769177377838,7.029221054121811,0.0,0.0,0.0,0.0,0.0,0.0,0.0,0.0,0.0,0.0,0.0,0.0,0.0,0.0,0.0,0.0,0.0,0.0,0.0,0.0,0.0,0.0,0.0,0.0,0.0,0.0,0.0,0.5591781616088165
1754820524322050267,7051,1754820524284679578,map,-19.65311974141288,3.0282192884572647,0.0,0.0,0.0,-0.8666779255843485,0.4988680920892921,8.397180641335297,-0.3436545498498731,0.0,0.0,0.0,0.0,-0.3436545498498731,6.288722564809317,0.0,0.0,0.0,0.0,0.0,0.0,0.0,0.0,0.0,0.0,0.0,0.0,0.0,0.0,0.0,0.0,0.0,0.0,0.0,0.0,0.0,0.0,0.0,0.0,0.0,0.0,0.0,0.5645436350377965
1754820525363599835,7052,1754820525318715443,map,-19.547709659633274,2.973748550160382,0.0,0.0,0.0,-0.866423662623548,0.4993095601387944,8.2334604668589,-0.2648832342375158,0.0,0.0,0.0,0.0,-0.2648832342375158,6.066733066908398,0.0,0.0,0.0,0.0,0.0,0.0,0.0,0.0,0.0,0.0,0.0,0.0,0.0,0.0,0.0,0.0,0.0,0.0,0.0,0.0,0.0,0.0,0.0,0.0,0.0,0.0,0.0,0.5825886145886434
