%time,field.transforms0.header.seq,field.transforms0.header.stamp,field.transforms0.header.frame_id,field.transforms0.child_frame_id,field.transforms0.transform.translation.x,field.transforms0.transform.translation.y,field.transforms0.transform.translation.z,field.transforms0.transform.rotation.x,field.transforms0.transform.rotation.y,field.transforms0.transform.rotation.z,field.transforms0.transform.rotation.w
1754723695449295654,0,1754723695448997259,map,MoraiInfo,-21.052170181121827,-0.6439802486267094,0.001033102422952653,0.0,0.0,0.0,1.0
1754723695472083606,0,1754723695471866369,map,MoraiInfo,-21.052170181121827,-0.6439807254638676,0.001033102422952653,0.0,0.0,0.0,1.0
1754723695493454889,0,1754723695493224859,map,MoraiInfo,-21.052170181121827,-0.6439807254638676,0.001033102422952653,0.0,0.0,0.0,1.0
1754723695506592483,0,1754723695506320238,map,MoraiInfo,-21.052170181121827,-0.6439802486267094,0.001033102422952653,0.0,0.0,0.0,1.0
1754723695540620480,0,1754723695540423393,map,MoraiInfo,-21.052170181121827,-0.6439802486267094,0.001033102422952653,0.0,0.0,0.0,1.0
1754723695562188599,0,1754723695561945199,map,MoraiInfo,-21.052170181121827,-0.6439802486267094,0.001033102422952653,0.0,0.0,0.0,1.0
1754723695576981945,0,1754723695576774120,map,MoraiInfo,-21.052170181121827,-0.6439802486267094,0.001033102422952653,0.0,0.0,0.0,1.0
1754723695611500726,0,1754723695610981941,map,MoraiInfo,-21.052170181121827,-0.6439802486267094,0.0010331061482429515,0.0,0.0,0.0,1.0
1754723695651329177,0,1754723695651129961,map,MoraiInfo,-21.052170181121827,-0.6439802486267094,0.0010331061482429515,0.0,0.0,0.0,1.0
1754723695657572991,0,1754723695657380819,map,MoraiInfo,-21.052170181121827,-0.6439802486267094,0.0010331061482429515,0.0,0.0,0.0,1.0
1754723695701992370,0,1754723695701784133,map,MoraiInfo,-21.052170181121827,-0.6439802486267094,0.0010331005603075039,0.0,0.0,0.0,1.0
1754723695708818141,0,1754723695708626031,map,MoraiInfo,-21.052170181121827,-0.6439802486267094,0.0010331005603075039,0.0,0.0,0.0,1.0
1754723695732374702,0,1754723695732094526,map,MoraiInfo,-21.052170181121827,-0.6439802486267094,0.0010331080108881008,0.0,0.0,0.0,1.0
1754723695741566231,0,1754723695741340398,map,MoraiInfo,-21.052170181121827,-0.6439802486267094,0.0010331042855978023,0.0,0.0,0.0,1.0
1754723695770392813,0,1754723695770077228,map,MoraiInfo,-21.052170181121827,-0.6439802486267094,0.0010331042855978023,0.0,0.0,0.0,1.0
1754723695775353790,0,1754723695775158643,map,MoraiInfo,-21.052170181121827,-0.6439802486267094,0.0010331005603075039,0.0,0.0,0.0,1.0
1754723695813468536,0,1754723695813199520,map,MoraiInfo,-21.052170181121827,-0.6439802486267094,0.0010330986976623546,0.0,0.0,0.0,1.0
1754723695820219913,0,1754723695819958209,map,MoraiInfo,-21.052170181121827,-0.6439802486267094,0.0010330986976623546,0.0,0.0,0.0,1.0
1754723695876148133,0,1754723695875798702,map,MoraiInfo,-21.052170181121827,-0.6439802486267094,0.0010331042855978023,0.0,0.0,0.0,1.0
1754723695913113577,0,1754723695912715435,map,MoraiInfo,-21.052170181121827,-0.6439802486267094,0.0010330986976623546,0.0,0.0,0.0,1.0
1754723695935139482,0,1754723695934884071,map,MoraiInfo,-21.052170181121827,-0.6439802486267094,0.0010330986976623546,0.0,0.0,0.0,1.0
1754723695948125825,0,1754723695947869777,map,MoraiInfo,-21.052170181121827,-0.6439802486267094,0.0010331061482429515,0.0,0.0,0.0,1.0
1754723695972640802,0,1754723695972332000,map,MoraiInfo,-21.052170181121827,-0.6439802486267094,0.001033102422952653,0.0,0.0,0.0,1.0
1754723695972771897,0,1754723695972460746,map,MoraiInfo,-21.052170181121827,-0.6439802486267094,0.001033102422952653,0.0,0.0,0.0,1.0
1754723696025386963,0,1754723696025136709,map,MoraiInfo,-21.052170181121827,-0.6439802486267094,0.0010331061482429515,0.0,0.0,0.0,1.0
1754723696063670921,0,1754723696063457489,map,MoraiInfo,-21.052170181121827,-0.6439802486267094,0.0010331061482429515,0.0,0.0,0.0,1.0
1754723696063813322,0,1754723696063635826,map,MoraiInfo,-21.052170181121827,-0.6439802486267094,0.0010331061482429515,0.0,0.0,0.0,1.0
1754723696076459487,0,1754723696076218366,map,MoraiInfo,-21.052170181121827,-0.6439802486267094,0.00103310987353325,0.0,0.0,0.0,1.0
1754723696105604579,0,1754723696105377197,map,MoraiInfo,-21.052170181121827,-0.6439802486267094,0.00103310987353325,0.0,0.0,0.0,1.0
1754723696111926298,0,1754723696111712217,map,MoraiInfo,-21.052170181121827,-0.6439802486267094,0.001033102422952653,0.0,0.0,0.0,1.0
1754723696146929649,0,1754723696146682739,map,MoraiInfo,-21.052169942703248,-0.6439802486267094,0.0010331042855978023,0.0,0.0,0.0,1.0
1754723696190605661,0,1754723696190399885,map,MoraiInfo,-21.052169942703248,-0.6439802486267094,0.0010331042855978023,0.0,0.0,0.0,1.0
1754723696194613755,0,1754723696194411277,map,MoraiInfo,-21.052170181121827,-0.6439802486267094,0.0010331061482429515,0.0,0.0,0.0,1.0
1754723696198639606,0,1754723696198433876,map,MoraiInfo,-21.052170181121827,-0.6439802486267094,0.001033102422952653,0.0,0.0,0.0,1.0
1754723696199291002,0,1754723696199086427,map,MoraiInfo,-21.052170181121827,-0.6439802486267094,0.001033102422952653,0.0,0.0,0.0,1.0
1754723696223441648,0,1754723696222853422,map,MoraiInfo,-21.052170181121827,-0.6439802486267094,0.0010331117361783992,0.0,0.0,0.0,1.0
1754723696279560473,0,1754723696279324531,map,MoraiInfo,-21.052170181121827,-0.6439802486267094,0.0010331061482429515,0.0,0.0,0.0,1.0
1754723696282325165,0,1754723696282102108,map,MoraiInfo,-21.052170181121827,-0.6439802486267094,0.0010331061482429515,0.0,0.0,0.0,1.0
1754723696289798311,0,1754723696289501905,map,MoraiInfo,-21.052170181121827,-0.6439802486267094,0.0010330986976623546,0.0,0.0,0.0,1.0
1754723696351504315,0,1754723696351309776,map,MoraiInfo,-21.052170181121827,-0.6439802486267094,0.0010331061482429515,0.0,0.0,0.0,1.0
1754723696356506520,0,1754723696356309652,map,MoraiInfo,-21.052170181121827,-0.6439802486267094,0.0010331061482429515,0.0,0.0,0.0,1.0
1754723696363017566,0,1754723696362660884,map,MoraiInfo,-21.052170181121827,-0.6439802486267094,0.0010331042855978023,0.0,0.0,0.0,1.0
1754723696412663070,0,1754723696412420034,map,MoraiInfo,-21.052170181121827,-0.6439797717895512,0.0010331061482429515,0.0,0.0,0.0,1.0
1754723696415552262,0,1754723696415210008,map,MoraiInfo,-21.052170181121827,-0.6439797717895512,0.0010331061482429515,0.0,0.0,0.0,1.0
1754723696422907549,0,1754723696422241687,map,MoraiInfo,-21.052170181121827,-0.6439802486267094,0.001033102422952653,0.0,0.0,0.0,1.0
1754723696471879769,0,1754723696471584320,map,MoraiInfo,-21.052170181121827,-0.6439802486267094,0.0010331061482429515,0.0,0.0,0.0,1.0
1754723696475093507,0,1754723696474838972,map,MoraiInfo,-21.052170181121827,-0.6439802486267094,0.0010331061482429515,0.0,0.0,0.0,1.0
1754723696490534107,0,1754723696490211725,map,MoraiInfo,-21.052170181121827,-0.6439802486267094,0.0010331061482429515,0.0,0.0,0.0,1.0
1754723696538452656,0,1754723696538149833,map,MoraiInfo,-21.052170181121827,-0.6439802486267094,0.0010331005603075039,0.0,0.0,0.0,1.0
1754723696543281438,0,1754723696543049812,map,MoraiInfo,-21.052170181121827,-0.6439802486267094,0.0010331005603075039,0.0,0.0,0.0,1.0
1754723696564191508,0,1754723696563629627,map,MoraiInfo,-21.052170181121827,-0.6439802486267094,0.0010331061482429515,0.0,0.0,0.0,1.0
1754723696626490057,0,1754723696626270294,map,MoraiInfo,-21.052170181121827,-0.6439807254638676,0.0010331061482429515,0.0,0.0,0.0,1.0
1754723696644126663,0,1754723696643872022,map,MoraiInfo,-21.052170181121827,-0.6439807254638676,0.0010331061482429515,0.0,0.0,0.0,1.0
1754723696649217119,0,1754723696649037361,map,MoraiInfo,-21.052170181121827,-0.6439797717895512,0.0010331080108881008,0.0,0.0,0.0,1.0
1754723696656396411,0,1754723696656103372,map,MoraiInfo,-21.052170181121827,-0.6439802486267094,0.0010331061482429515,0.0,0.0,0.0,1.0
1754723696678516547,0,1754723696678324937,map,MoraiInfo,-21.052170181121827,-0.6439802486267094,0.0010331061482429515,0.0,0.0,0.0,1.0
1754723696728469289,0,1754723696728213548,map,MoraiInfo,-21.052170181121827,-0.6439802486267094,0.0010331042855978023,0.0,0.0,0.0,1.0
1754723696741781592,0,1754723696741571426,map,MoraiInfo,-21.052170181121827,-0.6439802486267094,0.0010330986976623546,0.0,0.0,0.0,1.0
1754723696745985231,0,1754723696745784759,map,MoraiInfo,-21.052170181121827,-0.6439802486267094,0.0010330986976623546,0.0,0.0,0.0,1.0
1754723696754381024,0,1754723696753900527,map,MoraiInfo,-21.052170181121827,-0.6439802486267094,0.0010331061482429515,0.0,0.0,0.0,1.0
1754723696804833934,0,1754723696804498910,map,MoraiInfo,-21.052170181121827,-0.6439802486267094,0.001033102422952653,0.0,0.0,0.0,1.0
1754723696816075531,0,1754723696815808296,map,MoraiInfo,-21.052170181121827,-0.6439802486267094,0.001033102422952653,0.0,0.0,0.0,1.0
1754723696821751569,0,1754723696821439504,map,MoraiInfo,-21.052170181121827,-0.6439802486267094,0.0010331042855978023,0.0,0.0,0.0,1.0
1754723696857313020,0,1754723696857023239,map,MoraiInfo,-21.052170181121827,-0.6439802486267094,0.0010331061482429515,0.0,0.0,0.0,1.0
1754723696885005230,0,1754723696884743213,map,MoraiInfo,-21.052170181121827,-0.6439802486267094,0.0010331061482429515,0.0,0.0,0.0,1.0
1754723696898567324,0,1754723696898332595,map,MoraiInfo,-21.052170181121827,-0.6439802486267094,0.0010331005603075039,0.0,0.0,0.0,1.0
1754723696924781852,0,1754723696924514532,map,MoraiInfo,-21.052170181121827,-0.6439802486267094,0.0010331080108881008,0.0,0.0,0.0,1.0
1754723696952076662,0,1754723696951822519,map,MoraiInfo,-21.052170181121827,-0.6439802486267094,0.0010331080108881008,0.0,0.0,0.0,1.0
1754723696958625710,0,1754723696958393096,map,MoraiInfo,-21.052170181121827,-0.6439802486267094,0.0010331005603075039,0.0,0.0,0.0,1.0
1754723696994286266,0,1754723696994091987,map,MoraiInfo,-21.052170181121827,-0.6439802486267094,0.0010331061482429515,0.0,0.0,0.0,1.0
1754723697011345867,0,1754723697011117935,map,MoraiInfo,-21.052170181121827,-0.6439802486267094,0.0010331061482429515,0.0,0.0,0.0,1.0
1754723697041312288,0,1754723697041064262,map,MoraiInfo,-21.052170181121827,-0.6439802486267094,0.001033102422952653,0.0,0.0,0.0,1.0
1754723697080169907,0,1754723697079974412,map,MoraiInfo,-21.052170181121827,-0.6439802486267094,0.0010331061482429515,0.0,0.0,0.0,1.0
1754723697105749466,0,1754723697105566978,map,MoraiInfo,-21.052170181121827,-0.6439802486267094,0.0010331061482429515,0.0,0.0,0.0,1.0
1754723697107687303,0,1754723697107439279,map,MoraiInfo,-21.052170181121827,-0.6439807254638676,0.0010331061482429515,0.0,0.0,0.0,1.0
1754723697124100108,0,1754723697123876810,map,MoraiInfo,-21.052170181121827,-0.6439802486267094,0.0010331005603075039,0.0,0.0,0.0,1.0
1754723697146897944,0,1754723697146670341,map,MoraiInfo,-21.052170181121827,-0.6439802486267094,0.0010331005603075039,0.0,0.0,0.0,1.0
1754723697151723780,0,1754723697151405811,map,MoraiInfo,-21.052170181121827,-0.6439802486267094,0.0010331042855978023,0.0,0.0,0.0,1.0
1754723697197453654,0,1754723697197231054,map,MoraiInfo,-21.052170181121827,-0.6439802486267094,0.0010331042855978023,0.0,0.0,0.0,1.0
1754723697219472355,0,1754723697219235181,map,MoraiInfo,-21.052170181121827,-0.6439802486267094,0.0010331042855978023,0.0,0.0,0.0,1.0
1754723697231210840,0,1754723697230987071,map,MoraiInfo,-21.052170181121827,-0.6439802486267094,0.0010331042855978023,0.0,0.0,0.0,1.0
1754723697252486231,0,1754723697252285957,map,MoraiInfo,-21.052170181121827,-0.6439802486267094,0.0010331042855978023,0.0,0.0,0.0,1.0
1754723697284154192,0,1754723697283725500,map,MoraiInfo,-21.052170181121827,-0.6439802486267094,0.001033102422952653,0.0,0.0,0.0,1.0
1754723697312827042,0,1754723697312451839,map,MoraiInfo,-21.052170181121827,-0.6439802486267094,0.001033102422952653,0.0,0.0,0.0,1.0
1754723697336008930,0,1754723697335788249,map,MoraiInfo,-21.052170181121827,-0.6439802486267094,0.001033102422952653,0.0,0.0,0.0,1.0
1754723697366543855,0,1754723697366292953,map,MoraiInfo,-21.052170181121827,-0.6439802486267094,0.0010330968350172054,0.0,0.0,0.0,1.0
1754723697374492212,0,1754723697374277830,map,MoraiInfo,-21.052170181121827,-0.6439802486267094,0.0010330968350172054,0.0,0.0,0.0,1.0
1754723697383337556,0,1754723697383116960,map,MoraiInfo,-21.052170181121827,-0.6439797717895512,0.001033102422952653,0.0,0.0,0.0,1.0
1754723697414187602,0,1754723697413977861,map,MoraiInfo,-21.052170181121827,-0.6439802486267094,0.0010331005603075039,0.0,0.0,0.0,1.0
1754723697438289791,0,1754723697438056707,map,MoraiInfo,-21.052170181121827,-0.6439802486267094,0.0010331005603075039,0.0,0.0,0.0,1.0
1754723697442982214,0,1754723697442783832,map,MoraiInfo,-21.052170181121827,-0.6439797717895512,0.001033102422952653,0.0,0.0,0.0,1.0
1754723697481988638,0,1754723697481494426,map,MoraiInfo,-21.052170181121827,-0.6439802486267094,0.0010331042855978023,0.0,0.0,0.0,1.0
1754723697509166485,0,1754723697508945941,map,MoraiInfo,-21.052170181121827,-0.6439802486267094,0.0010331042855978023,0.0,0.0,0.0,1.0
1754723697522974759,0,1754723697522788763,map,MoraiInfo,-21.052170181121827,-0.6439807254638676,0.00103310987353325,0.0,0.0,0.0,1.0
1754723697565574046,0,1754723697565306901,map,MoraiInfo,-21.052170181121827,-0.6439802486267094,0.0010331061482429515,0.0,0.0,0.0,1.0
1754723697573947634,0,1754723697573693037,map,MoraiInfo,-21.052170181121827,-0.6439802486267094,0.0010331061482429515,0.0,0.0,0.0,1.0
1754723697579910309,0,1754723697579669237,map,MoraiInfo,-21.052170181121827,-0.6439802486267094,0.001033102422952653,0.0,0.0,0.0,1.0
1754723697622592349,0,1754723697622381687,map,MoraiInfo,-21.052170181121827,-0.6439802486267094,0.0010330986976623546,0.0,0.0,0.0,1.0
1754723697633481134,0,1754723697633234262,map,MoraiInfo,-21.052170181121827,-0.6439802486267094,0.0010330986976623546,0.0,0.0,0.0,1.0
1754723697640432499,0,1754723697640219926,map,MoraiInfo,-21.052169942703248,-0.6439802486267094,0.0010331042855978023,0.0,0.0,0.0,1.0
1754723697670144830,0,1754723697669932365,map,MoraiInfo,-21.052170181121827,-0.6439807254638676,0.0010331061482429515,0.0,0.0,0.0,1.0
1754723697694103807,0,1754723697693911552,map,MoraiInfo,-21.052170181121827,-0.6439807254638676,0.0010331061482429515,0.0,0.0,0.0,1.0
1754723697706648596,0,1754723697706407785,map,MoraiInfo,-21.052170181121827,-0.6439802486267094,0.0010331042855978023,0.0,0.0,0.0,1.0
1754723697736164676,0,1754723697735928773,map,MoraiInfo,-21.052170181121827,-0.6439802486267094,0.0010331080108881008,0.0,0.0,0.0,1.0
1754723697760672248,0,1754723697760471105,map,MoraiInfo,-21.052170181121827,-0.6439802486267094,0.0010331080108881008,0.0,0.0,0.0,1.0
1754723697770846279,0,1754723697770633220,map,MoraiInfo,-21.052170181121827,-0.6439807254638676,0.001033102422952653,0.0,0.0,0.0,1.0
1754723697803183750,0,1754723697802975654,map,MoraiInfo,-21.052170181121827,-0.6439807254638676,0.0010331042855978023,0.0,0.0,0.0,1.0
1754723697827372233,0,1754723697827120065,map,MoraiInfo,-21.052170181121827,-0.6439807254638676,0.0010331042855978023,0.0,0.0,0.0,1.0
1754723697833767852,0,1754723697833539009,map,MoraiInfo,-21.052170181121827,-0.6439802486267094,0.0010331042855978023,0.0,0.0,0.0,1.0
1754723697869492840,0,1754723697869201421,map,MoraiInfo,-21.052170181121827,-0.6439802486267094,0.0010331061482429515,0.0,0.0,0.0,1.0
1754723697895225774,0,1754723697894952774,map,MoraiInfo,-21.052170181121827,-0.6439802486267094,0.0010331061482429515,0.0,0.0,0.0,1.0
1754723697902626522,0,1754723697902416229,map,MoraiInfo,-21.052170181121827,-0.6439802486267094,0.0010331005603075039,0.0,0.0,0.0,1.0
1754723697931551731,0,1754723697931312322,map,MoraiInfo,-21.052170181121827,-0.6439802486267094,0.0010331061482429515,0.0,0.0,0.0,1.0
1754723697953123396,0,1754723697952854156,map,MoraiInfo,-21.052170181121827,-0.6439802486267094,0.0010331061482429515,0.0,0.0,0.0,1.0
1754723697966883030,0,1754723697966599702,map,MoraiInfo,-21.052170181121827,-0.6439802486267094,0.0010331080108881008,0.0,0.0,0.0,1.0
1754723697998599643,0,1754723697998353481,map,MoraiInfo,-21.052170181121827,-0.6439797717895512,0.0010331061482429515,0.0,0.0,0.0,1.0
1754723698013529208,0,1754723698013300418,map,MoraiInfo,-21.052170181121827,-0.6439797717895512,0.0010331061482429515,0.0,0.0,0.0,1.0
1754723698028521826,0,1754723698028286218,map,MoraiInfo,-21.052170181121827,-0.6439807254638676,0.0010331080108881008,0.0,0.0,0.0,1.0
1754723698069430457,0,1754723698068927288,map,MoraiInfo,-21.052170181121827,-0.6439802486267094,0.0010330986976623546,0.0,0.0,0.0,1.0
1754723698106442631,0,1754723698106074094,map,MoraiInfo,-21.052170181121827,-0.6439802486267094,0.0010330986976623546,0.0,0.0,0.0,1.0
1754723698124447615,0,1754723698124196529,map,MoraiInfo,-21.052170181121827,-0.6439807254638676,0.001033102422952653,0.0,0.0,0.0,1.0
1754723698139677588,0,1754723698139403820,map,MoraiInfo,-21.052170181121827,-0.6439802486267094,0.0010330986976623546,0.0,0.0,0.0,1.0
1754723698174037189,0,1754723698173848628,map,MoraiInfo,-21.052170181121827,-0.6439802486267094,0.0010330986976623546,0.0,0.0,0.0,1.0
1754723698181825043,0,1754723698181583881,map,MoraiInfo,-21.052170181121827,-0.6439802486267094,0.0010330986976623546,0.0,0.0,0.0,1.0
1754723698208447371,0,1754723698208165407,map,MoraiInfo,-21.051748895492555,-0.6439888316955571,0.0009278219938278209,0.0,0.0,0.0,1.0
1754723698228655994,0,1754723698228460788,map,MoraiInfo,-21.051748895492555,-0.6439888316955571,0.0009278219938278209,0.0,0.0,0.0,1.0
1754723698234123895,0,1754723698233943700,map,MoraiInfo,-21.04709329589844,-0.6440856296386723,0.00045070916414260975,0.0,0.0,0.0,1.0
1754723698259023234,0,1754723698258823633,map,MoraiInfo,-21.037023925628663,-0.6442906696166997,0.0001276594400405895,0.0,0.0,0.0,1.0
1754723698280398641,0,1754723698280194282,map,MoraiInfo,-21.037023925628663,-0.6442906696166997,0.0001276594400405895,0.0,0.0,0.0,1.0
1754723698292960920,0,1754723698292729377,map,MoraiInfo,-21.02397408470154,-0.6445510227050786,-6.531246006488689e-05,0.0,0.0,0.0,1.0
1754723698327268109,0,1754723698326894998,map,MoraiInfo,-21.003367090072633,-0.6449553806152348,-0.00021896392107009777,0.0,0.0,0.0,1.0
1754723698347087316,0,1754723698346832036,map,MoraiInfo,-21.003367090072633,-0.6449553806152348,-0.00021896392107009777,0.0,0.0,0.0,1.0
1754723698376121675,0,1754723698375877618,map,MoraiInfo,-20.98315420135498,-0.6453416187133794,-0.0002245499938726414,0.0,0.0,0.0,1.0
1754723698392464539,0,1754723698392083644,map,MoraiInfo,-20.959208154525758,-0.6457860309448247,5.3500086069108166e-05,0.0,0.0,0.0,1.0
1754723698406754071,0,1754723698406455039,map,MoraiInfo,-20.959208154525758,-0.6457860309448247,5.3500086069108166e-05,0.0,0.0,0.0,1.0
1754723698448695334,0,1754723698448474884,map,MoraiInfo,-20.934131526794435,-0.6462471324768071,0.0004776914417743694,0.0,0.0,0.0,1.0
1754723698454535946,0,1754723698454337835,map,MoraiInfo,-20.91365709289551,-0.6466204959716801,0.000749015510082246,0.0,0.0,0.0,1.0
1754723698480263500,0,1754723698480050802,map,MoraiInfo,-20.91365709289551,-0.6466204959716801,0.000749015510082246,0.0,0.0,0.0,1.0
1754723698488793891,0,1754723698488563299,map,MoraiInfo,-20.89200558647156,-0.6470148403015141,0.0009358742088079464,0.0,0.0,0.0,1.0
1754723698517336963,0,1754723698517084836,map,MoraiInfo,-20.87123455986023,-0.6473915416564946,0.0010565270483493816,0.0,0.0,0.0,1.0
1754723698535589143,0,1754723698535387992,map,MoraiInfo,-20.87123455986023,-0.6473915416564946,0.0010565270483493816,0.0,0.0,0.0,1.0
1754723698550947224,0,1754723698550688982,map,MoraiInfo,-20.85055198654175,-0.6477677661743169,0.0008441612869501125,0.0,0.0,0.0,1.0
1754723698589388721,0,1754723698588975667,map,MoraiInfo,-20.825979614105226,-0.6482207614746098,0.0004954238235950481,0.0,0.0,0.0,1.0
1754723698611275629,0,1754723698611009597,map,MoraiInfo,-20.825979614105226,-0.6482207614746098,0.0004954238235950481,0.0,0.0,0.0,1.0
1754723698626273114,0,1754723698626014232,map,MoraiInfo,-20.79377605899811,-0.6488153774108891,0.00018134646117687336,0.0,0.0,0.0,1.0
1754723698669577391,0,1754723698669346332,map,MoraiInfo,-20.759464883651734,-0.6494438487854008,1.9327998161317028e-05,0.0,0.0,0.0,1.0
1754723698673746661,0,1754723698673542499,map,MoraiInfo,-20.759464883651734,-0.6494438487854008,1.9327998161317028e-05,0.0,0.0,0.0,1.0
1754723698686251238,0,1754723698686004161,map,MoraiInfo,-20.72606959327698,-0.650047524627686,-7.495164871215709e-05,0.0,0.0,0.0,1.0
1754723698713396484,0,1754723698713192939,map,MoraiInfo,-20.683834338035584,-0.6508018810119633,-0.00013640403747558483,0.0,0.0,0.0,1.0
1754723698736068061,0,1754723698735805511,map,MoraiInfo,-20.683834338035584,-0.6508018810119633,-0.00013640403747558483,0.0,0.0,0.0,1.0
1754723698753017892,0,1754723698752659082,map,MoraiInfo,-20.641959333267213,-0.6515376407470708,4.911169409752003e-05,0.0,0.0,0.0,1.0
1754723698781565696,0,1754723698781324386,map,MoraiInfo,-20.59730615600586,-0.6523120242919926,0.00059060499072075,0.0,0.0,0.0,1.0
1754723698803983877,0,1754723698803731441,map,MoraiInfo,-20.59730615600586,-0.6523120242919926,0.00059060499072075,0.0,0.0,0.0,1.0
1754723698816482152,0,1754723698816249847,map,MoraiInfo,-20.55833377822876,-0.6529815036621098,0.0009072043746709835,0.0,0.0,0.0,1.0
1754723698849950320,0,1754723698849409818,map,MoraiInfo,-20.514812493171693,-0.6537244159545903,0.0011462823301553737,0.0,0.0,0.0,1.0
1754723698888674872,0,1754723698888391017,map,MoraiInfo,-20.514812493171693,-0.6537244159545903,0.0011462823301553737,0.0,0.0,0.0,1.0
1754723698912074317,0,1754723698911807060,map,MoraiInfo,-20.48188581451416,-0.654284699615479,0.0012774330377578746,0.0,0.0,0.0,1.0
1754723698913136799,0,1754723698912903785,map,MoraiInfo,-20.44805898651123,-0.6548592883911137,0.0013829854130744945,0.0,0.0,0.0,1.0
1754723698935900756,0,1754723698935665369,map,MoraiInfo,-20.44805898651123,-0.6548592883911137,0.0013829854130744945,0.0,0.0,0.0,1.0
1754723698963180641,0,1754723698962982654,map,MoraiInfo,-20.413865709152223,-0.6554386455383305,0.0014547605812549602,0.0,0.0,0.0,1.0
1754723698979159442,0,1754723698978968381,map,MoraiInfo,-20.379611158218385,-0.6560180026855473,0.0014983129501342785,0.0,0.0,0.0,1.0
1754723699007059645,0,1754723699006871461,map,MoraiInfo,-20.379611158218385,-0.6560180026855473,0.0014983129501342785,0.0,0.0,0.0,1.0
1754723699013098868,0,1754723699012917280,map,MoraiInfo,-20.350702190246583,-0.6565062839355473,0.0014604081213474285,0.0,0.0,0.0,1.0
1754723699064031534,0,1754723699063832283,map,MoraiInfo,-20.318842077102662,-0.6570503551330571,0.0008714136481285106,0.0,0.0,0.0,1.0
1754723699065862805,0,1754723699065629959,map,MoraiInfo,-20.318842077102662,-0.6570503551330571,0.0008714136481285106,0.0,0.0,0.0,1.0
1754723699078936843,0,1754723699078733682,map,MoraiInfo,-20.27788236125946,-0.6577508289184575,0.0006398663669824611,0.0,0.0,0.0,1.0
1754723699112023126,0,1754723699111799478,map,MoraiInfo,-20.241799616661073,-0.6583592731323247,0.0009849586337804805,0.0,0.0,0.0,1.0
1754723699133004528,0,1754723699132793664,map,MoraiInfo,-20.241799616661073,-0.6583592731323247,0.0009849586337804805,0.0,0.0,0.0,1.0
1754723699138792502,0,1754723699138565301,map,MoraiInfo,-20.207876109924317,-0.6589243251647954,0.0011583448201417934,0.0,0.0,0.0,1.0
1754723699176385488,0,1754723699175908327,map,MoraiInfo,-20.17740049346924,-0.6594288188781743,0.0012642753124237072,0.0,0.0,0.0,1.0
1754723699184296817,0,1754723699184019088,map,MoraiInfo,-20.17740049346924,-0.6594288188781743,0.0012642753124237072,0.0,0.0,0.0,1.0
1754723699208621236,0,1754723699208360433,map,MoraiInfo,-20.146339201774598,-0.6599414188232426,0.0013586443662643444,0.0,0.0,0.0,1.0
1754723699238737098,0,1754723699238493442,map,MoraiInfo,-20.11571803077698,-0.6604454356994633,0.001422507017850877,0.0,0.0,0.0,1.0
1754723699246851980,0,1754723699246675252,map,MoraiInfo,-20.11571803077698,-0.6604454356994633,0.001422507017850877,0.0,0.0,0.0,1.0
1754723699271900680,0,1754723699271675109,map,MoraiInfo,-20.084405684318543,-0.6609651882019048,0.0009091582894325267,0.0,0.0,0.0,1.0
1754723699322309536,0,1754723699322078704,map,MoraiInfo,-20.052694344367982,-0.6614901859130864,0.0011760175973176967,0.0,0.0,0.0,1.0
1754723699325823105,0,1754723699325623512,map,MoraiInfo,-20.052694344367982,-0.6614901859130864,0.0011760175973176967,0.0,0.0,0.0,1.0
1754723699340198821,0,1754723699339904785,map,MoraiInfo,-20.019010448303224,-0.662040932830811,0.0012769860029220592,0.0,0.0,0.0,1.0
1754723699370299558,0,1754723699370061397,map,MoraiInfo,-19.989603900756837,-0.6625192005004887,0.001341172754764558,0.0,0.0,0.0,1.0
1754723699391400607,0,1754723699391168594,map,MoraiInfo,-19.989603900756837,-0.6625192005004887,0.001341172754764558,0.0,0.0,0.0,1.0
1754723699404790604,0,1754723699404560089,map,MoraiInfo,-19.964210653152467,-0.662930710968018,0.0013857533037662517,0.0,0.0,0.0,1.0
1754723699435749549,0,1754723699435525655,map,MoraiInfo,-19.936814808692933,-0.6633746463623051,0.0014195901155471813,0.0,0.0,0.0,1.0
1754723699456848024,0,1754723699456658601,map,MoraiInfo,-19.936814808692933,-0.6633746463623051,0.0014195901155471813,0.0,0.0,0.0,1.0
1754723699487351179,0,1754723699486928939,map,MoraiInfo,-19.907392406311036,-0.6638557750549321,0.0008217406272888195,0.0,0.0,0.0,1.0
1754723699516403181,0,1754723699516156196,map,MoraiInfo,-19.87039890274048,-0.6644637424316411,0.000462889000773431,0.0,0.0,0.0,1.0
1754723699528084952,0,1754723699527852296,map,MoraiInfo,-19.87039890274048,-0.6644637424316411,0.000462889000773431,0.0,0.0,0.0,1.0
1754723699543253168,0,1754723699542979240,map,MoraiInfo,-19.836840891685487,-0.6650121051635747,0.00025319986045360676,0.0,0.0,0.0,1.0
1754723699571163163,0,1754723699570934534,map,MoraiInfo,-19.796149873580934,-0.6656682330932622,0.00010348230600357167,0.0,0.0,0.0,1.0
1754723699593868712,0,1754723699593586921,map,MoraiInfo,-19.796149873580934,-0.6656682330932622,0.00010348230600357167,0.0,0.0,0.0,1.0
1754723699622022796,0,1754723699621803998,map,MoraiInfo,-19.750342035140992,-0.6663968402709965,3.0123889446259655e-05,0.0,0.0,0.0,1.0
1754723699637866468,0,1754723699637634038,map,MoraiInfo,-19.698953056182862,-0.6671931583251958,0.00035202063620090596,0.0,0.0,0.0,1.0
1754723699641700108,0,1754723699641495466,map,MoraiInfo,-19.698953056182862,-0.6671931583251958,0.00035202063620090596,0.0,0.0,0.0,1.0
1754723699673824133,0,1754723699673551321,map,MoraiInfo,-19.656631672229768,-0.6678445178833012,0.0007448394596576702,0.0,0.0,0.0,1.0
1754723699700418540,0,1754723699700199842,map,MoraiInfo,-19.617994749393464,-0.6684377033081059,0.0010182608664035808,0.0,0.0,0.0,1.0
1754723699722717927,0,1754723699722502470,map,MoraiInfo,-19.617994749393464,-0.6684377033081059,0.0010182608664035808,0.0,0.0,0.0,1.0
1754723699730892012,0,1754723699730639219,map,MoraiInfo,-19.57779076084137,-0.669052823242188,0.0012090273946523677,0.0,0.0,0.0,1.0
1754723699767521833,0,1754723699767143487,map,MoraiInfo,-19.53974475845337,-0.6696345645751958,0.0013394889235496532,0.0,0.0,0.0,1.0
1754723699803064030,0,1754723699802826404,map,MoraiInfo,-19.53974475845337,-0.6696345645751958,0.0013394889235496532,0.0,0.0,0.0,1.0
1754723699805719389,0,1754723699805484771,map,MoraiInfo,-19.501574361171723,-0.6702167827453618,0.0014380116760730755,0.0,0.0,0.0,1.0
1754723699836436567,0,1754723699836199283,map,MoraiInfo,-19.46507617219925,-0.6707722980346684,0.001502325087785722,0.0,0.0,0.0,1.0
1754723699857238309,0,1754723699856998682,map,MoraiInfo,-19.46507617219925,-0.6707722980346684,0.001502325087785722,0.0,0.0,0.0,1.0
1754723699865357902,0,1754723699865134239,map,MoraiInfo,-19.433745884742738,-0.6712477046813969,0.0015362811088562023,0.0,0.0,0.0,1.0
1754723699897186231,0,1754723699896946430,map,MoraiInfo,-19.401066207733155,-0.6715962726440434,0.0016384658217430126,0.0,0.0,0.0,1.0
1754723699923140882,0,1754723699922910690,map,MoraiInfo,-19.401066207733155,-0.6715962726440434,0.0016384658217430126,0.0,0.0,0.0,1.0
1754723699926437056,0,1754723699926206827,map,MoraiInfo,-19.37147482618332,-0.6707494098510747,0.0016626168787479412,0.0,0.0,0.0,1.0
1754723699961576016,0,1754723699961369037,map,MoraiInfo,-19.343523049201966,-0.6690966922607426,0.001654752790927888,0.0,0.0,0.0,1.0
1754723699984925735,0,1754723699984691619,map,MoraiInfo,-19.343523049201966,-0.6690966922607426,0.001654752790927888,0.0,0.0,0.0,1.0
1754723699992989374,0,1754723699992798805,map,MoraiInfo,-19.319135928001405,-0.6672117549743657,0.0015841734409332286,0.0,0.0,0.0,1.0
1754723700029580036,0,1754723700029116868,map,MoraiInfo,-19.294759684648515,-0.6656820613708501,0.0015485559403896343,0.0,0.0,0.0,1.0
1754723700064483545,0,1754723700064238071,map,MoraiInfo,-19.294759684648515,-0.6656820613708501,0.0015485559403896343,0.0,0.0,0.0,1.0
1754723700066963057,0,1754723700066717624,map,MoraiInfo,-19.270620339956285,-0.6641008693542485,0.001518656760454179,0.0,0.0,0.0,1.0
1754723700092122041,0,1754723700091891765,map,MoraiInfo,-19.2484761117363,-0.6625864345397954,0.0014892791211605083,0.0,0.0,0.0,1.0
1754723700112063205,0,1754723700111828327,map,MoraiInfo,-19.2484761117363,-0.6625864345397954,0.0014892791211605083,0.0,0.0,0.0,1.0
1754723700146943779,0,1754723700146747112,map,MoraiInfo,-19.226273739185334,-0.6610295612182622,0.0014586348831653606,0.0,0.0,0.0,1.0
1754723700157141698,0,1754723700156871795,map,MoraiInfo,-19.203207099285127,-0.6593944866027837,0.0014253680408000957,0.0,0.0,0.0,1.0
1754723700180830362,0,1754723700180582761,map,MoraiInfo,-19.203207099285127,-0.6593944866027837,0.0014253680408000957,0.0,0.0,0.0,1.0
1754723700190578403,0,1754723700190355062,map,MoraiInfo,-19.18698539718628,-0.6583664256896977,0.0014527601003646862,0.0,0.0,0.0,1.0
1754723700221535423,0,1754723700221322774,map,MoraiInfo,-19.168819451179505,-0.6577899295654301,0.0014362272620201122,0.0,0.0,0.0,1.0
1754723700243432362,0,1754723700243200063,map,MoraiInfo,-19.168819451179505,-0.6577899295654301,0.0014362272620201122,0.0,0.0,0.0,1.0
1754723700280198600,0,1754723700279943227,map,MoraiInfo,-19.151579582538606,-0.6575743991699223,0.00141414374113083,0.0,0.0,0.0,1.0
1754723700315724407,0,1754723700315526485,map,MoraiInfo,-19.133051717128755,-0.657517178710938,0.001355164945125581,0.0,0.0,0.0,1.0
1754723700317346383,0,1754723700317126989,map,MoraiInfo,-19.133051717128755,-0.657517178710938,0.001355164945125581,0.0,0.0,0.0,1.0
1754723700323411237,0,1754723700323226213,map,MoraiInfo,-19.118452215042115,-0.657191022094727,0.0013282497227191936,0.0,0.0,0.0,1.0
1754723700354377333,0,1754723700354129552,map,MoraiInfo,-19.103206688013078,-0.6568677265014653,0.001302236020565034,0.0,0.0,0.0,1.0
1754723700380291953,0,1754723700380044221,map,MoraiInfo,-19.103206688013078,-0.6568677265014653,0.001302236020565034,0.0,0.0,0.0,1.0
1754723700391493595,0,1754723700391262292,map,MoraiInfo,-19.087793433513642,-0.6565558750000005,0.0012773771584033977,0.0,0.0,0.0,1.0
1754723700421030566,0,1754723700420814514,map,MoraiInfo,-19.07236435398102,-0.6562583286132817,0.0012557779252529155,0.0,0.0,0.0,1.0
1754723700445560430,0,1754723700445294380,map,MoraiInfo,-19.07236435398102,-0.6562583286132817,0.0012557779252529155,0.0,0.0,0.0,1.0
1754723700452427414,0,1754723700452229261,map,MoraiInfo,-19.059436315145494,-0.6560118038024907,0.0012407910823822033,0.0,0.0,0.0,1.0
1754723700513893971,0,1754723700513658761,map,MoraiInfo,-19.04564669116974,-0.6556985217895512,0.0010275256633758556,0.0,0.0,0.0,1.0
1754723700524956131,0,1754723700524710893,map,MoraiInfo,-19.04564669116974,-0.6556985217895512,0.0010275256633758556,0.0,0.0,0.0,1.0
1754723700529345306,0,1754723700529121398,map,MoraiInfo,-19.028143295493127,-0.6553780872192387,0.0006050255894660961,0.0,0.0,0.0,1.0
1754723700550592082,0,1754723700550335407,map,MoraiInfo,-19.003578775968553,-0.654925568756104,0.0002408970892429363,0.0,0.0,0.0,1.0
1754723700575474318,0,1754723700575195312,map,MoraiInfo,-19.003578775968553,-0.654925568756104,0.0002408970892429363,0.0,0.0,0.0,1.0
1754723700585285037,0,1754723700585029363,map,MoraiInfo,-18.975275808420182,-0.6544320422973637,3.55236977338802e-05,0.0,0.0,0.0,1.0
1754723700647054455,0,1754723700646802186,map,MoraiInfo,-18.946886101212502,-0.653946622070313,-8.899226784706005e-05,0.0,0.0,0.0,1.0
1754723700650437801,0,1754723700650233030,map,MoraiInfo,-18.946886101212502,-0.653946622070313,-8.899226784706005e-05,0.0,0.0,0.0,1.0
1754723700676375917,0,1754723700676130294,map,MoraiInfo,-18.907955916073323,-0.6533052760925298,-0.00017537802457809337,0.0,0.0,0.0,1.0
1754723700680603903,0,1754723700680388927,map,MoraiInfo,-18.872740679826737,-0.6527235347595219,-0.0002097903937101353,0.0,0.0,0.0,1.0
1754723700684314683,0,1754723700684123992,map,MoraiInfo,-18.872740679826737,-0.6527235347595219,-0.0002097903937101353,0.0,0.0,0.0,1.0
1754723700738518411,0,1754723700738007068,map,MoraiInfo,-18.830892735567094,-0.6520144779052739,-0.00022262029349803814,0.0,0.0,0.0,1.0
1754723700788806213,0,1754723700788594961,map,MoraiInfo,-18.782811194133163,-0.6511833507385258,-0.00021088376641273388,0.0,0.0,0.0,1.0
1754723700797913580,0,1754723700797687053,map,MoraiInfo,-18.782811194133163,-0.6511833507385258,-0.00021088376641273388,0.0,0.0,0.0,1.0
1754723700841979805,0,1754723700841739177,map,MoraiInfo,-18.73360988631487,-0.650322182830811,4.559315741062275e-05,0.0,0.0,0.0,1.0
1754723700867790953,0,1754723700867560148,map,MoraiInfo,-18.686180391755105,-0.6494853336181645,0.0005628105998039257,0.0,0.0,0.0,1.0
1754723700869931812,0,1754723700869031906,map,MoraiInfo,-18.686180391755105,-0.6494853336181645,0.0005628105998039257,0.0,0.0,0.0,1.0
1754723700869962959,0,1754723700869711399,map,MoraiInfo,-18.642402791824342,-0.6487066585388188,0.0008689847588539135,0.0,0.0,0.0,1.0
1754723700913575777,0,1754723700913291215,map,MoraiInfo,-18.59875213488579,-0.6479270297851567,0.0011021357774734508,0.0,0.0,0.0,1.0
1754723700917252397,0,1754723700917047739,map,MoraiInfo,-18.59875213488579,-0.6479270297851567,0.0011021357774734508,0.0,0.0,0.0,1.0
1754723700927471309,0,1754723700927239418,map,MoraiInfo,-18.55591096862793,-0.6471593219604497,0.0012783420085906994,0.0,0.0,0.0,1.0
1754723700945871121,0,1754723700945539474,map,MoraiInfo,-18.51588960870743,-0.6464421588745122,0.0013992090523242962,0.0,0.0,0.0,1.0
1754723700974477745,0,1754723700974229574,map,MoraiInfo,-18.51588960870743,-0.6464421588745122,0.0013992090523242962,0.0,0.0,0.0,1.0
1754723700996166534,0,1754723700995902776,map,MoraiInfo,-18.478253209438325,-0.6457660037841801,0.001479962170124055,0.0,0.0,0.0,1.0
1754723701038283573,0,1754723701038035869,map,MoraiInfo,-18.442199134674073,-0.6451175052490239,0.0015331593155860912,0.0,0.0,0.0,1.0
1754723701046295245,0,1754723701046063899,map,MoraiInfo,-18.442199134674073,-0.6451175052490239,0.0015331593155860912,0.0,0.0,0.0,1.0
1754723701049809307,0,1754723701049611568,map,MoraiInfo,-18.402359032478333,-0.64439938848877,0.0015240174531936657,0.0,0.0,0.0,1.0
1754723701078793202,0,1754723701078264474,map,MoraiInfo,-18.369830691661836,-0.6438186008300786,0.0009366956353187572,0.0,0.0,0.0,1.0
1754723701122552745,0,1754723701122328042,map,MoraiInfo,-18.369830691661836,-0.6438186008300786,0.0009366956353187572,0.0,0.0,0.0,1.0
1754723701145701820,0,1754723701145460844,map,MoraiInfo,-18.33160900458336,-0.6431367236938481,0.0006202806532382976,0.0,0.0,0.0,1.0
1754723701176069484,0,1754723701175828933,map,MoraiInfo,-18.27608325466156,-0.6421372730102544,0.00033596836030483357,0.0,0.0,0.0,1.0
1754723701177026368,0,1754723701176785469,map,MoraiInfo,-18.27608325466156,-0.6421372730102544,0.00033596836030483357,0.0,0.0,0.0,1.0
1754723701192809488,0,1754723701192558765,map,MoraiInfo,-18.23869314178467,-0.6414573032226567,0.00022768348455429188,0.0,0.0,0.0,1.0
1754723701227950349,0,1754723701227683544,map,MoraiInfo,-18.187910222854615,-0.6405250865783696,0.00014294803142547718,0.0,0.0,0.0,1.0
1754723701249625178,0,1754723701249387502,map,MoraiInfo,-18.187910222854615,-0.6405250865783696,0.00014294803142547718,0.0,0.0,0.0,1.0
1754723701259106910,0,1754723701258890151,map,MoraiInfo,-18.131587350215913,-0.6394831973876958,0.00010900318622589222,0.0,0.0,0.0,1.0
1754723701281173984,0,1754723701280672311,map,MoraiInfo,-18.075037026252748,-0.6384308177795415,0.00014987148344516865,0.0,0.0,0.0,1.0
1754723701314720137,0,1754723701314471006,map,MoraiInfo,-18.075037026252748,-0.6384308177795415,0.00014987148344516865,0.0,0.0,0.0,1.0
1754723701322328753,0,1754723701322099447,map,MoraiInfo,-18.017992997016908,-0.637356980499268,0.0006502580642700206,0.0,0.0,0.0,1.0
1754723701365466959,0,1754723701365270614,map,MoraiInfo,-17.96445145591736,-0.6363398868408208,0.0009499539434909832,0.0,0.0,0.0,1.0
1754723701368651762,0,1754723701368424415,map,MoraiInfo,-17.96445145591736,-0.6363398868408208,0.0009499539434909832,0.0,0.0,0.0,1.0
1754723701375943455,0,1754723701375751018,map,MoraiInfo,-17.91399087890625,-0.6353766757812505,0.0011393663287162792,0.0,0.0,0.0,1.0
1754723701409478535,0,1754723701409209489,map,MoraiInfo,-17.863444590415956,-0.6344096500244145,0.001299203634262086,0.0,0.0,0.0,1.0
1754723701435239701,0,1754723701434985876,map,MoraiInfo,-17.863444590415956,-0.6344096500244145,0.001299203634262086,0.0,0.0,0.0,1.0
1754723701439651162,0,1754723701439431905,map,MoraiInfo,-17.81510844215393,-0.6334831554260258,0.0014153954386711132,0.0,0.0,0.0,1.0
1754723701472925091,0,1754723701472696304,map,MoraiInfo,-17.766876959648133,-0.6325566608276372,0.0014997397363185894,0.0,0.0,0.0,1.0
1754723701488569802,0,1754723701488341093,map,MoraiInfo,-17.766876959648133,-0.6325566608276372,0.0014997397363185894,0.0,0.0,0.0,1.0
1754723701506819509,0,1754723701506611347,map,MoraiInfo,-17.723625802841187,-0.6317250568237309,0.0015554477274417888,0.0,0.0,0.0,1.0
1754723701542661376,0,1754723701542158365,map,MoraiInfo,-17.676831626739503,-0.6308243114318852,0.0015994136035442363,0.0,0.0,0.0,1.0
1754723701559523833,0,1754723701559260845,map,MoraiInfo,-17.676831626739503,-0.6308243114318852,0.0015994136035442363,0.0,0.0,0.0,1.0
1754723701582824348,0,1754723701582560300,map,MoraiInfo,-17.63921370491028,-0.6300985652771001,0.0016246524453163158,0.0,0.0,0.0,1.0
1754723701630907843,0,1754723701630668640,map,MoraiInfo,-17.60210897907257,-0.6293833095397954,0.001641695648431779,0.0,0.0,0.0,1.0
1754723701650846652,0,1754723701650661230,map,MoraiInfo,-17.60210897907257,-0.6293833095397954,0.001641695648431779,0.0,0.0,0.0,1.0
1754723701659925135,0,1754723701659685611,map,MoraiInfo,-17.561132931556703,-0.6286427814331059,0.0017353829741477977,0.0,0.0,0.0,1.0
1754723701669932175,0,1754723701669587135,map,MoraiInfo,-17.52765431388855,-0.6292860347595219,0.0017848399281501781,0.0,0.0,0.0,1.0
1754723701698291716,0,1754723701698035955,map,MoraiInfo,-17.52765431388855,-0.6292860347595219,0.0017848399281501781,0.0,0.0,0.0,1.0
1754723701704808730,0,1754723701704604148,map,MoraiInfo,-17.499344014968873,-0.6307036716308598,0.001785298138856889,0.0,0.0,0.0,1.0
1754723701733657654,0,1754723701733421087,map,MoraiInfo,-17.468635225143434,-0.6331140834655766,0.0017591428756713878,0.0,0.0,0.0,1.0
1754723701756578194,0,1754723701756324768,map,MoraiInfo,-17.468635225143434,-0.6331140834655766,0.0017591428756713878,0.0,0.0,0.0,1.0
1754723701772064352,0,1754723701771677255,map,MoraiInfo,-17.441400194015504,-0.636138661560059,0.0017219793796539318,0.0,0.0,0.0,1.0
1754723701801878914,0,1754723701801614284,map,MoraiInfo,-17.413979077186585,-0.6397425968017583,0.001631775200366975,0.0,0.0,0.0,1.0
1754723701822976557,0,1754723701822745084,map,MoraiInfo,-17.413979077186585,-0.6397425968017583,0.001631775200366975,0.0,0.0,0.0,1.0
1754723701837099195,0,1754723701836644887,map,MoraiInfo,-17.38850452884674,-0.6427986461486821,0.0015887294709682476,0.0,0.0,0.0,1.0
1754723701869538236,0,1754723701869316339,map,MoraiInfo,-17.36436202510834,-0.6457755405273442,0.001554345041513444,0.0,0.0,0.0,1.0
1754723701895072057,0,1754723701894854545,map,MoraiInfo,-17.36436202510834,-0.6457755405273442,0.001554345041513444,0.0,0.0,0.0,1.0
1754723701901817867,0,1754723701901577234,map,MoraiInfo,-17.338412308540345,-0.6491048175659184,0.0012871560454368602,0.0,0.0,0.0,1.0
1754723701936085698,0,1754723701935774564,map,MoraiInfo,-17.312406921234132,-0.6524984676208501,0.0008214742690324794,0.0,0.0,0.0,1.0
1754723701959426948,0,1754723701959211587,map,MoraiInfo,-17.312406921234132,-0.6524984676208501,0.0008214742690324794,0.0,0.0,0.0,1.0
1754723701968215385,0,1754723701968017339,map,MoraiInfo,-17.28062405570984,-0.6567098934021001,0.0004509885609149944,0.0,0.0,0.0,1.0
1754723702000858339,0,1754723702000644683,map,MoraiInfo,-17.244982981529237,-0.6614277202453618,0.00022225573658943287,0.0,0.0,0.0,1.0
1754723702020846816,0,1754723702020603418,map,MoraiInfo,-17.244982981529237,-0.6614277202453618,0.00022225573658943287,0.0,0.0,0.0,1.0
1754723702034608669,0,1754723702034368991,map,MoraiInfo,-17.205098891105653,-0.6666996318664555,7.151186466217152e-05,0.0,0.0,0.0,1.0
1754723702062689906,0,1754723702062500000,map,MoraiInfo,-17.165399455871583,-0.6719305354919438,0.00018950298428535572,0.0,0.0,0.0,1.0
1754723702084372595,0,1754723702084115266,map,MoraiInfo,-17.165399455871583,-0.6719305354919438,0.00018950298428535572,0.0,0.0,0.0,1.0
1754723702117192296,0,1754723702116952657,map,MoraiInfo,-17.124914073791505,-0.6772696811523442,0.0006752361357212078,0.0,0.0,0.0,1.0
1754723702151508305,0,1754723702151292324,map,MoraiInfo,-17.082826280441285,-0.6828133899536137,0.000989736318588258,0.0,0.0,0.0,1.0
1754723702153899944,0,1754723702153707027,map,MoraiInfo,-17.082826280441285,-0.6828133899536137,0.000989736318588258,0.0,0.0,0.0,1.0
1754723702163332059,0,1754723702163114309,map,MoraiInfo,-17.04266669734955,-0.6880996066894536,0.0011929825693368923,0.0,0.0,0.0,1.0
1754723702206049414,0,1754723702205834865,map,MoraiInfo,-17.01170887931824,-0.6921727496948247,0.0013051491975784313,0.0,0.0,0.0,1.0
1754723702232801851,0,1754723702232591629,map,MoraiInfo,-17.01170887931824,-0.6921727496948247,0.0013051491975784313,0.0,0.0,0.0,1.0
1754723702255271689,0,1754723702255056858,map,MoraiInfo,-16.97766902431488,-0.6966259319152837,0.0014774401485919963,0.0,0.0,0.0,1.0
1754723702260300038,0,1754723702260113239,map,MoraiInfo,-16.944644594039918,-0.699610455688477,0.0015749086439609539,0.0,0.0,0.0,1.0
1754723702263243633,0,1754723702263055324,map,MoraiInfo,-16.944644594039918,-0.699610455688477,0.0015749086439609539,0.0,0.0,0.0,1.0
1754723702335279259,0,1754723702335008621,map,MoraiInfo,-16.91855301841736,-0.7011868793334965,0.0016084548830986034,0.0,0.0,0.0,1.0
1754723702364440153,0,1754723702364211559,map,MoraiInfo,-16.890127563323976,-0.7021634418334965,0.0016118486225605022,0.0,0.0,0.0,1.0
1754723702379994021,0,1754723702379592657,map,MoraiInfo,-16.890127563323976,-0.7021634418334965,0.0016118486225605022,0.0,0.0,0.0,1.0
1754723702380018665,0,1754723702379752397,map,MoraiInfo,-16.861531519737245,-0.7022869426574712,0.0015467379987239849,0.0,0.0,0.0,1.0
1754723702402585844,0,1754723702402048110,map,MoraiInfo,-16.840003871765138,-0.7026173908081059,0.0015436646342277538,0.0,0.0,0.0,1.0
1754723702433880178,0,1754723702433647394,map,MoraiInfo,-16.840003871765138,-0.7026173908081059,0.0015436646342277538,0.0,0.0,0.0,1.0
1754723702477630737,0,1754723702477354288,map,MoraiInfo,-16.815120005455018,-0.7029797870483403,0.0015134450793266307,0.0,0.0,0.0,1.0
1754723702480003200,0,1754723702479780912,map,MoraiInfo,-16.793020868148805,-0.7032534915771489,0.0014811728894710552,0.0,0.0,0.0,1.0
1754723702481870391,0,1754723702480701208,map,MoraiInfo,-16.793020868148805,-0.7032534915771489,0.0014811728894710552,0.0,0.0,0.0,1.0
1754723702496083780,0,1754723702495871782,map,MoraiInfo,-16.772156619873048,-0.7034690219726567,0.0014510390162467968,0.0,0.0,0.0,1.0
1754723702533750638,0,1754723702533530950,map,MoraiInfo,-16.75042500480652,-0.7036459285583501,0.0014222946763038646,0.0,0.0,0.0,1.0
1754723702549496217,0,1754723702549271821,map,MoraiInfo,-16.75042500480652,-0.7036459285583501,0.0014222946763038646,0.0,0.0,0.0,1.0
1754723702558475945,0,1754723702558256387,map,MoraiInfo,-16.730921411361695,-0.7037703830566411,0.0013990265130996715,0.0,0.0,0.0,1.0
1754723702594133768,0,1754723702593933582,map,MoraiInfo,-16.71203079208374,-0.7038800556030278,0.001377069652080537,0.0,0.0,0.0,1.0
1754723702619055633,0,1754723702618854761,map,MoraiInfo,-16.71203079208374,-0.7038800556030278,0.001377069652080537,0.0,0.0,0.0,1.0
1754723702645615226,0,1754723702645392179,map,MoraiInfo,-16.69330635055542,-0.7039873439636235,0.0013550829887390148,0.0,0.0,0.0,1.0
1754723702660019462,0,1754723702659771680,map,MoraiInfo,-16.67271890625,-0.7041089374389653,0.0013304997980594646,0.0,0.0,0.0,1.0
1754723702684887124,0,1754723702684602022,map,MoraiInfo,-16.67271890625,-0.7041089374389653,0.0013304997980594646,0.0,0.0,0.0,1.0
1754723702689524048,0,1754723702689283847,map,MoraiInfo,-16.658942842330934,-0.7041952449646001,0.0013134789466857921,0.0,0.0,0.0,1.0
1754723702739282321,0,1754723702738993883,map,MoraiInfo,-16.643469476547242,-0.7042882282104497,0.0012953777611255657,0.0,0.0,0.0,1.0
1754723702763106451,0,1754723702762864351,map,MoraiInfo,-16.643469476547242,-0.7042882282104497,0.0012953777611255657,0.0,0.0,0.0,1.0
1754723702766502612,0,1754723702766303777,map,MoraiInfo,-16.62795915588379,-0.7043731052246098,0.0012791317701339733,0.0,0.0,0.0,1.0
1754723702805630695,0,1754723702805093526,map,MoraiInfo,-16.612170123901368,-0.7044598895874028,0.0012631502747535717,0.0,0.0,0.0,1.0
1754723702844524809,0,1754723702844293117,map,MoraiInfo,-16.612170123901368,-0.7044598895874028,0.0012631502747535717,0.0,0.0,0.0,1.0
1754723702844613116,0,1754723702844465255,map,MoraiInfo,-16.597814941253663,-0.7045318919982915,0.0011699006706476223,0.0,0.0,0.0,1.0
1754723702875074120,0,1754723702874865055,map,MoraiInfo,-16.5795792578125,-0.7046291667785649,0.0006422598659992229,0.0,0.0,0.0,1.0
1754723702888729694,0,1754723702888468503,map,MoraiInfo,-16.5795792578125,-0.7046291667785649,0.0006422598659992229,0.0,0.0,0.0,1.0
1754723702892850590,0,1754723702892653226,map,MoraiInfo,-16.55692710861206,-0.7047540981140141,0.00031563200056553,0.0,0.0,0.0,1.0
1754723702923411100,0,1754723702923144102,map,MoraiInfo,-16.52962341293335,-0.7049166995849614,9.062260389328114e-05,0.0,0.0,0.0,1.0
1754723702949462917,0,1754723702949219465,map,MoraiInfo,-16.52962341293335,-0.7049166995849614,9.062260389328114e-05,0.0,0.0,0.0,1.0
1754723702954901059,0,1754723702954669237,map,MoraiInfo,-16.497737312164308,-0.7051093417968755,0.00010024875402450673,0.0,0.0,0.0,1.0
1754723702990737836,0,1754723702990505695,map,MoraiInfo,-16.466886663284303,-0.7052724201049809,0.00024194762110710255,0.0,0.0,0.0,1.0
1754723703011699358,0,1754723703011500597,map,MoraiInfo,-16.466886663284303,-0.7052724201049809,0.00024194762110710255,0.0,0.0,0.0,1.0
1754723703021851718,0,1754723703021658897,map,MoraiInfo,-16.43258800491333,-0.705465062316895,6.481565535068623e-05,0.0,0.0,0.0,1.0
1754723703052399161,0,1754723703052150249,map,MoraiInfo,-16.39261283859253,-0.7056872684326176,-5.4944977164267383e-05,0.0,0.0,0.0,1.0
1754723703075657729,0,1754723703075458526,map,MoraiInfo,-16.39261283859253,-0.7056872684326176,-5.4944977164267383e-05,0.0,0.0,0.0,1.0
1754723703088571684,0,1754723703088295221,map,MoraiInfo,-16.350643539276124,-0.7059104282226567,6.797097623348347e-05,0.0,0.0,0.0,1.0
1754723703140016231,0,1754723703139782190,map,MoraiInfo,-16.31053915008545,-0.7061192828979497,0.0005877327919006359,0.0,0.0,0.0,1.0
1754723703143862623,0,1754723703143648624,map,MoraiInfo,-16.31053915008545,-0.7061192828979497,0.0005877327919006359,0.0,0.0,0.0,1.0
1754723703178681730,0,1754723703178459644,map,MoraiInfo,-16.263485812988282,-0.706357224639893,0.0009479348361492168,0.0,0.0,0.0,1.0
1754723703190577488,0,1754723703190343379,map,MoraiInfo,-16.228828334655763,-0.7065293628540044,0.0011338119208812725,0.0,0.0,0.0,1.0
1754723703231405985,0,1754723703231163024,map,MoraiInfo,-16.228828334655763,-0.7065293628540044,0.0011338119208812725,0.0,0.0,0.0,1.0
1754723703233464872,0,1754723703233249187,map,MoraiInfo,-16.197065734710694,-0.7066867191162114,0.001159922480583192,0.0,0.0,0.0,1.0
1754723703252965340,0,1754723703252763032,map,MoraiInfo,-16.157316589202882,-0.7068884212341313,0.0006679345667362224,0.0,0.0,0.0,1.0
1754723703256227482,0,1754723703256034135,map,MoraiInfo,-16.157316589202882,-0.7068884212341313,0.0006679345667362224,0.0,0.0,0.0,1.0
1754723703287942754,0,1754723703287699937,map,MoraiInfo,-16.109581374969483,-0.7071292239990239,0.00038445115089416615,0.0,0.0,0.0,1.0
1754723703320633672,0,1754723703320400238,map,MoraiInfo,-16.065086507644654,-0.7073466617431645,0.00023293986916542164,0.0,0.0,0.0,1.0
1754723703347279135,0,1754723703346991062,map,MoraiInfo,-16.065086507644654,-0.7073466617431645,0.00023293986916542164,0.0,0.0,0.0,1.0
1754723703350591903,0,1754723703350386619,map,MoraiInfo,-16.016393565979005,-0.707577927764893,0.00014070168137550465,0.0,0.0,0.0,1.0
1754723703387762897,0,1754723703387531280,map,MoraiInfo,-15.964232826080323,-0.707812531646729,0.00040279075503349415,0.0,0.0,0.0,1.0
1754723703408040112,0,1754723703407792329,map,MoraiInfo,-15.964232826080323,-0.707812531646729,0.00040279075503349415,0.0,0.0,0.0,1.0
1754723703433930571,0,1754723703433395147,map,MoraiInfo,-15.914844179000855,-0.7080252010192876,0.0007843759655952465,0.0,0.0,0.0,1.0
1754723703465012033,0,1754723703464677095,map,MoraiInfo,-15.86688246711731,-0.7082283336486821,0.0010519859194755565,0.0,0.0,0.0,1.0
1754723703492529728,0,1754723703492259740,map,MoraiInfo,-15.86688246711731,-0.7082283336486821,0.0010519859194755565,0.0,0.0,0.0,1.0
1754723703514077687,0,1754723703513819217,map,MoraiInfo,-15.822692775573731,-0.7084147769775395,0.0012287919223308574,0.0,0.0,0.0,1.0
1754723703518986787,0,1754723703518742799,map,MoraiInfo,-15.77377214416504,-0.7086198169555669,0.0013760824501514446,0.0,0.0,0.0,1.0
1754723703542427385,0,1754723703542222023,map,MoraiInfo,-15.77377214416504,-0.7086198169555669,0.0013760824501514446,0.0,0.0,0.0,1.0
1754723703552050646,0,1754723703551792621,map,MoraiInfo,-15.73405160888672,-0.7087952930297856,0.0015538495779037487,0.0,0.0,0.0,1.0
1754723703582308743,0,1754723703582048654,map,MoraiInfo,-15.695816421356202,-0.7076308566894536,0.001691931188106538,0.0,0.0,0.0,1.0
1754723703606691296,0,1754723703606484413,map,MoraiInfo,-15.695816421356202,-0.7076308566894536,0.001691931188106538,0.0,0.0,0.0,1.0
1754723703622347692,0,1754723703621862649,map,MoraiInfo,-15.660243654098512,-0.7052709895935063,0.0017381806671619426,0.0,0.0,0.0,1.0
1754723703673670333,0,1754723703673429489,map,MoraiInfo,-15.624871635284425,-0.7017433482971196,0.0016770225763320934,0.0,0.0,0.0,1.0
1754723703681625890,0,1754723703681425333,map,MoraiInfo,-15.624871635284425,-0.7017433482971196,0.0016770225763320934,0.0,0.0,0.0,1.0
1754723703704146100,0,1754723703703903913,map,MoraiInfo,-15.588472747650147,-0.6984445888366704,0.0016688679158687603,0.0,0.0,0.0,1.0
1754723703723267281,0,1754723703723025560,map,MoraiInfo,-15.562368774261476,-0.6959373790588383,0.0016604003310203563,0.0,0.0,0.0,1.0
1754723703739323569,0,1754723703739061594,map,MoraiInfo,-15.562368774261476,-0.6959373790588383,0.0016604003310203563,0.0,0.0,0.0,1.0
1754723703745352870,0,1754723703745149135,map,MoraiInfo,-15.531898641433717,-0.6929132778015141,0.001634025275707246,0.0,0.0,0.0,1.0
1754723703782707059,0,1754723703782487869,map,MoraiInfo,-15.504417323913575,-0.690121873077393,0.0016028669476509105,0.0,0.0,0.0,1.0
1754723703807561383,0,1754723703807349443,map,MoraiInfo,-15.504417323913575,-0.690121873077393,0.0016028669476509105,0.0,0.0,0.0,1.0
1754723703816326275,0,1754723703816138029,map,MoraiInfo,-15.476653957214356,-0.6872455913391118,0.001572166830301286,0.0,0.0,0.0,1.0
1754723703874152312,0,1754723703873929262,map,MoraiInfo,-15.450871372070313,-0.6845481235351567,0.0015422900021076213,0.0,0.0,0.0,1.0
1754723703878713461,0,1754723703878486871,map,MoraiInfo,-15.450871372070313,-0.6845481235351567,0.0015422900021076213,0.0,0.0,0.0,1.0
1754723703906800571,0,1754723703906560659,map,MoraiInfo,-15.426926517333985,-0.6820266086425786,0.0015557383000850689,0.0,0.0,0.0,1.0
1754723703915369297,0,1754723703915143013,map,MoraiInfo,-15.404562854614259,-0.6803195316162114,0.001567957252264024,0.0,0.0,0.0,1.0
1754723703938666638,0,1754723703938461542,map,MoraiInfo,-15.404562854614259,-0.6803195316162114,0.001567957252264024,0.0,0.0,0.0,1.0
1754723703948512755,0,1754723703948265075,map,MoraiInfo,-15.383105182495118,-0.6792523700561528,0.0015481685101985942,0.0,0.0,0.0,1.0
1754723703977332323,0,1754723703977119684,map,MoraiInfo,-15.363324546661378,-0.6787450153198247,0.0014794816076755535,0.0,0.0,0.0,1.0
1754723704000552722,0,1754723704000277519,map,MoraiInfo,-15.363324546661378,-0.6787450153198247,0.0014794816076755535,0.0,0.0,0.0,1.0
1754723704012896711,0,1754723704012650251,map,MoraiInfo,-15.344120883789063,-0.6780030567016606,0.0014367003738880169,0.0,0.0,0.0,1.0
1754723704047627279,0,1754723704047401666,map,MoraiInfo,-15.32498588546753,-0.6771609622802739,0.0013955880701541912,0.0,0.0,0.0,1.0
1754723704070469807,0,1754723704070184469,map,MoraiInfo,-15.32498588546753,-0.6771609622802739,0.0013955880701541912,0.0,0.0,0.0,1.0
1754723704076036029,0,1754723704075796842,map,MoraiInfo,-15.30767860397339,-0.6763861018981938,0.0013669666647911083,0.0,0.0,0.0,1.0
1754723704113635595,0,1754723704113433122,map,MoraiInfo,-15.290846729125978,-0.6756594020690923,0.001343221664428712,0.0,0.0,0.0,1.0
1754723704136299232,0,1754723704136052131,map,MoraiInfo,-15.290846729125978,-0.6756594020690923,0.001343221664428712,0.0,0.0,0.0,1.0
1754723704147547697,0,1754723704147333860,map,MoraiInfo,-15.27334203704834,-0.6749245960083012,0.0012858112156391155,0.0,0.0,0.0,1.0
1754723704175680911,0,1754723704175489425,map,MoraiInfo,-15.252519750442506,-0.6740233737792973,0.0007008586823940288,0.0,0.0,0.0,1.0
1754723704199328157,0,1754723704199115037,map,MoraiInfo,-15.252519750442506,-0.6740233737792973,0.0007008586823940288,0.0,0.0,0.0,1.0
1754723704213624981,0,1754723704213344812,map,MoraiInfo,-15.229502582397462,-0.6730501491394048,0.00037658147513866536,0.0,0.0,0.0,1.0
1754723704276181055,0,1754723704275843381,map,MoraiInfo,-15.200716876831056,-0.6719252902832036,0.00013494983315467945,0.0,0.0,0.0,1.0
1754723704279923618,0,1754723704279630184,map,MoraiInfo,-15.200716876831056,-0.6719252902832036,0.00013494983315467945,0.0,0.0,0.0,1.0
1754723704293251088,0,1754723704293006420,map,MoraiInfo,-15.164564037170411,-0.6705701190795903,-2.889961004257091e-05,0.0,0.0,0.0,1.0
1754723704335505504,0,1754723704335268497,map,MoraiInfo,-15.129915618743897,-0.6692731220092778,-0.00011234983801841625,0.0,0.0,0.0,1.0
1754723704357699113,0,1754723704357486009,map,MoraiInfo,-15.129915618743897,-0.6692731220092778,-0.00011234983801841625,0.0,0.0,0.0,1.0
1754723704363296763,0,1754723704363095283,map,MoraiInfo,-15.089292430725099,-0.6677315074768071,-0.0001630566269159306,0.0,0.0,0.0,1.0
1754723704386055292,0,1754723704385827064,map,MoraiInfo,-15.045104169692994,-0.6660344440307622,-0.00017981112003326305,0.0,0.0,0.0,1.0
1754723704388277785,0,1754723704388070821,map,MoraiInfo,-15.045104169692994,-0.6660344440307622,-0.00017981112003326305,0.0,0.0,0.0,1.0
1754723704412987014,0,1754723704412449836,map,MoraiInfo,-14.998708867874146,-0.6642458278503423,-0.00017147019505500682,0.0,0.0,0.0,1.0
1754723704455249344,0,1754723704455009698,map,MoraiInfo,-14.946024799194337,-0.6622102100219731,-0.00013985738158225902,0.0,0.0,0.0,1.0
1754723704482958731,0,1754723704482714891,map,MoraiInfo,-14.946024799194337,-0.6622102100219731,-0.00013985738158225902,0.0,0.0,0.0,1.0
1754723704504480447,0,1754723704504259347,map,MoraiInfo,-14.888488197174073,-0.6599800426330571,-8.914500474929699e-05,0.0,0.0,0.0,1.0
1754723704509801816,0,1754723704509597539,map,MoraiInfo,-14.836323165740968,-0.6579530078735356,-5.723603069782146e-05,0.0,0.0,0.0,1.0
1754723704542453633,0,1754723704542241811,map,MoraiInfo,-14.836323165740968,-0.6579530078735356,-5.723603069782146e-05,0.0,0.0,0.0,1.0
1754723704576381176,0,1754723704576107025,map,MoraiInfo,-14.775178336944581,-0.6555673915710454,-2.586163580417522e-05,0.0,0.0,0.0,1.0
1754723704579973547,0,1754723704579772233,map,MoraiInfo,-14.714836501922608,-0.6532018024291997,-1.429319381712757e-06,0.0,0.0,0.0,1.0
1754723704580119134,0,1754723704579956054,map,MoraiInfo,-14.714836501922608,-0.6532018024291997,-1.429319381712757e-06,0.0,0.0,0.0,1.0
1754723704610214003,0,1754723704609838962,map,MoraiInfo,-14.645102405395509,-0.6504523593750005,0.00018447011709213368,0.0,0.0,0.0,1.0
1754723704647292914,0,1754723704647047996,map,MoraiInfo,-14.583208465423585,-0.6479995090332036,0.0006496098637580883,0.0,0.0,0.0,1.0
1754723704669888808,0,1754723704669614791,map,MoraiInfo,-14.583208465423585,-0.6479995090332036,0.0006496098637580883,0.0,0.0,0.0,1.0
1754723704675276310,0,1754723704675018548,map,MoraiInfo,-14.516062640991212,-0.6453339893188481,0.0009761501848697673,0.0,0.0,0.0,1.0
1754723704729352201,0,1754723704729117870,map,MoraiInfo,-14.464258098449708,-0.6432740527954106,0.001149720773100854,0.0,0.0,0.0,1.0
1754723704754738394,0,1754723704754470109,map,MoraiInfo,-14.464258098449708,-0.6432740527954106,0.001149720773100854,0.0,0.0,0.0,1.0
1754723704776175532,0,1754723704775748014,map,MoraiInfo,-14.402964496459962,-0.6408364612426762,0.001215820461511613,0.0,0.0,0.0,1.0
1754723704784770083,0,1754723704784538269,map,MoraiInfo,-14.337627792205812,-0.6382305461730962,0.0010301408171653759,0.0,0.0,0.0,1.0
1754723704789904863,0,1754723704789669036,map,MoraiInfo,-14.337627792205812,-0.6382305461730962,0.0010301408171653759,0.0,0.0,0.0,1.0
1754723704809760410,0,1754723704809258222,map,MoraiInfo,-14.285844707336427,-0.6374804813232426,0.0011199240386486065,0.0,0.0,0.0,1.0
1754723704877150059,0,1754723704876921892,map,MoraiInfo,-14.227818393554688,-0.6388199169006352,0.0014120166003704082,0.0,0.0,0.0,1.0
1754723704879286865,0,1754723704879053354,map,MoraiInfo,-14.227818393554688,-0.6388199169006352,0.0014120166003704082,0.0,0.0,0.0,1.0
1754723704889594134,0,1754723704889333486,map,MoraiInfo,-14.17306127532959,-0.64287350958252,0.0014951948821544658,0.0,0.0,0.0,1.0
1754723704908974674,0,1754723704908536434,map,MoraiInfo,-14.120904826965333,-0.6473748523559575,0.0015806046128273021,0.0,0.0,0.0,1.0
1754723704929721333,0,1754723704929473638,map,MoraiInfo,-14.120904826965333,-0.6473748523559575,0.0015806046128273021,0.0,0.0,0.0,1.0
1754723704939872946,0,1754723704939610719,map,MoraiInfo,-14.070901298370362,-0.6521117526855473,0.0016097550094127666,0.0,0.0,0.0,1.0
1754723704967976996,0,1754723704967756748,map,MoraiInfo,-14.021295451965333,-0.6571976978149419,0.001632751226425172,0.0,0.0,0.0,1.0
1754723704992093279,0,1754723704991849422,map,MoraiInfo,-14.021295451965333,-0.6571976978149419,0.001632751226425172,0.0,0.0,0.0,1.0
1754723705006376980,0,1754723705006054401,map,MoraiInfo,-13.975869083251954,-0.6620662052001958,0.0016520817577838909,0.0,0.0,0.0,1.0
1754723705036947608,0,1754723705036666631,map,MoraiInfo,-13.928742790069581,-0.6672561008300786,0.0016668152809143078,0.0,0.0,0.0,1.0
1754723705059827834,0,1754723705059588193,map,MoraiInfo,-13.928742790069581,-0.6672561008300786,0.0016668152809143078,0.0,0.0,0.0,1.0
1754723705072938852,0,1754723705072300434,map,MoraiInfo,-13.887278461303712,-0.6718609172668462,0.0017414626479148876,0.0,0.0,0.0,1.0
1754723705106469126,0,1754723705106164455,map,MoraiInfo,-13.84682836517334,-0.6752555209960942,0.0018417996168136608,0.0,0.0,0.0,1.0
1754723705133416941,0,1754723705133212327,map,MoraiInfo,-13.84682836517334,-0.6752555209960942,0.0018417996168136608,0.0,0.0,0.0,1.0
1754723705141273583,0,1754723705141088008,map,MoraiInfo,-13.807302856292726,-0.6769935924377446,0.0018491682410240184,0.0,0.0,0.0,1.0
1754723705171112912,0,1754723705170875072,map,MoraiInfo,-13.768439197387696,-0.6772487003173833,0.0018303667008876812,0.0,0.0,0.0,1.0
1754723705193375751,0,1754723705193158388,map,MoraiInfo,-13.768439197387696,-0.6772487003173833,0.0018303667008876812,0.0,0.0,0.0,1.0
1754723705203069104,0,1754723705202848672,map,MoraiInfo,-13.739848995056153,-0.6764037448730473,0.0017726954817771923,0.0,0.0,0.0,1.0
1754723705260028534,0,1754723705259783267,map,MoraiInfo,-13.707067870941163,-0.6754605609741215,0.001734924763441087,0.0,0.0,0.0,1.0
1754723705264097921,0,1754723705263900756,map,MoraiInfo,-13.707067870941163,-0.6754605609741215,0.001734924763441087,0.0,0.0,0.0,1.0
1754723705267018395,0,1754723705266804695,map,MoraiInfo,-13.676865005340577,-0.6745970088806157,0.0016901132464408886,0.0,0.0,0.0,1.0
1754723705322314107,0,1754723705321872949,map,MoraiInfo,-13.648723506774903,-0.67369626348877,0.0016443555057048809,0.0,0.0,0.0,1.0
1754723705361693804,0,1754723705361167907,map,MoraiInfo,-13.648723506774903,-0.67369626348877,0.0016443555057048809,0.0,0.0,0.0,1.0
1754723705380796897,0,1754723705380420684,map,MoraiInfo,-13.619723224487306,-0.6726534206237798,0.0016038727760314953,0.0,0.0,0.0,1.0
1754723705399711316,0,1754723705399519920,map,MoraiInfo,-13.593602561798097,-0.6716520625915532,0.0015683335065841686,0.0,0.0,0.0,1.0
1754723705409854302,0,1754723705409626722,map,MoraiInfo,-13.593602561798097,-0.6716520625915532,0.0015683335065841686,0.0,0.0,0.0,1.0
1754723705430292158,0,1754723705430080652,map,MoraiInfo,-13.569477939453126,-0.6706712085571294,0.0015399467945098888,0.0,0.0,0.0,1.0
1754723705451626370,0,1754723705451388835,map,MoraiInfo,-13.545427226867677,-0.6696870166625981,0.001510084867477418,0.0,0.0,0.0,1.0
1754723705473129010,0,1754723705472882747,map,MoraiInfo,-13.545427226867677,-0.6696870166625981,0.001510084867477418,0.0,0.0,0.0,1.0
1754723705496086331,0,1754723705495845317,map,MoraiInfo,-13.522695922698976,-0.6687543231811528,0.001480986624956132,0.0,0.0,0.0,1.0
1754723705504370889,0,1754723705504140853,map,MoraiInfo,-13.500966930236817,-0.667872174438477,0.0014510688185691845,0.0,0.0,0.0,1.0
1754723705526115550,0,1754723705525871276,map,MoraiInfo,-13.500966930236817,-0.667872174438477,0.0014510688185691845,0.0,0.0,0.0,1.0
1754723705548244601,0,1754723705547969102,map,MoraiInfo,-13.480001354064942,-0.6670167285766606,0.0014229056239128124,0.0,0.0,0.0,1.0
1754723705572119075,0,1754723705571546792,map,MoraiInfo,-13.460225486602784,-0.6662070590820317,0.001396917998790742,0.0,0.0,0.0,1.0
1754723705611423776,0,1754723705611194610,map,MoraiInfo,-13.460225486602784,-0.6662070590820317,0.001396917998790742,0.0,0.0,0.0,1.0
1754723705614079429,0,1754723705613885641,map,MoraiInfo,-13.441266918029786,-0.6654198009338383,0.0013742347061634075,0.0,0.0,0.0,1.0
1754723705653569313,0,1754723705653317451,map,MoraiInfo,-13.423694515075685,-0.6646902400817876,0.001353503465652467,0.0,0.0,0.0,1.0
1754723705657865898,0,1754723705657669305,map,MoraiInfo,-13.423694515075685,-0.6646902400817876,0.001353503465652467,0.0,0.0,0.0,1.0
1754723705687772103,0,1754723705687545061,map,MoraiInfo,-13.403889083709718,-0.6638724643554692,0.0013300788402557384,0.0,0.0,0.0,1.0
1754723705702289084,0,1754723705702025175,map,MoraiInfo,-13.387680911865235,-0.6632034618225102,0.0013113443553447734,0.0,0.0,0.0,1.0
1754723705731590751,0,1754723705731337070,map,MoraiInfo,-13.387680911865235,-0.6632034618225102,0.0013113443553447734,0.0,0.0,0.0,1.0
1754723705754101550,0,1754723705753877401,map,MoraiInfo,-13.371802234497071,-0.6625673610534673,0.0010802198946475994,0.0,0.0,0.0,1.0
1754723705772440195,0,1754723705772136211,map,MoraiInfo,-13.351806068267823,-0.6617500621643071,0.0006492038071155559,0.0,0.0,0.0,1.0
1754723705775633582,0,1754723705775435686,map,MoraiInfo,-13.351806068267823,-0.6617500621643071,0.0006492038071155559,0.0,0.0,0.0,1.0
1754723705801716309,0,1754723705801207304,map,MoraiInfo,-13.326578998413087,-0.660728676971436,0.00030323609709739796,0.0,0.0,0.0,1.0
1754723705835992746,0,1754723705835762977,map,MoraiInfo,-13.295838260498048,-0.6594683963623051,8.46993923187267e-05,0.0,0.0,0.0,1.0
1754723705855052673,0,1754723705854821681,map,MoraiInfo,-13.295838260498048,-0.6594683963623051,8.46993923187267e-05,0.0,0.0,0.0,1.0
1754723705874454997,0,1754723705874262809,map,MoraiInfo,-13.262765788879396,-0.6580989200439458,-5.279920995235332e-05,0.0,0.0,0.0,1.0
1754723705901458968,0,1754723705900969266,map,MoraiInfo,-13.22654142364502,-0.6565835315551762,-0.0001308496296405781,0.0,0.0,0.0,1.0
1754723705938382584,0,1754723705938131809,map,MoraiInfo,-13.22654142364502,-0.6565835315551762,-0.0001308496296405781,0.0,0.0,0.0,1.0
1754723705941968533,0,1754723705941767215,map,MoraiInfo,-13.184518718566896,-0.6548149425354008,-0.00017370536923408397,0.0,0.0,0.0,1.0
1754723705984975098,0,1754723705984735727,map,MoraiInfo,-13.139895820465089,-0.6529271442260747,-0.00018582001328468212,0.0,0.0,0.0,1.0
1754723705987380441,0,1754723705987166881,map,MoraiInfo,-13.139895820465089,-0.6529271442260747,-0.00018582001328468212,0.0,0.0,0.0,1.0
1754723705999419998,0,1754723705999027013,map,MoraiInfo,-13.087181472625733,-0.6506855327453618,-0.0001694287359714497,0.0,0.0,0.0,1.0
1754723706069363183,0,1754723706069080829,map,MoraiInfo,-13.040626430358888,-0.6486961681213383,-0.0001363965868949879,0.0,0.0,0.0,1.0
1754723706072857595,0,1754723706072659492,map,MoraiInfo,-13.040626430358888,-0.6486961681213383,-0.0001363965868949879,0.0,0.0,0.0,1.0
1754723706094743036,0,1754723706094462156,map,MoraiInfo,-12.98115100845337,-0.6461465198364262,-8.43021273612965e-05,0.0,0.0,0.0,1.0
1754723706095773053,0,1754723706095502853,map,MoraiInfo,-12.929692649688722,-0.6439335185852055,-5.3680241107939564e-05,0.0,0.0,0.0,1.0
1754723706099168837,0,1754723706098964691,map,MoraiInfo,-12.929692649688722,-0.6439335185852055,-5.3680241107939564e-05,0.0,0.0,0.0,1.0
1754723706137894029,0,1754723706137397050,map,MoraiInfo,-12.869565868225099,-0.6413395244445805,-2.3730769753455005e-05,0.0,0.0,0.0,1.0
1754723706195876296,0,1754723706195668935,map,MoraiInfo,-12.796695136871339,-0.6381804782714848,9.225428104400746e-05,0.0,0.0,0.0,1.0
1754723706200043339,0,1754723706199837923,map,MoraiInfo,-12.796695136871339,-0.6381804782714848,9.225428104400746e-05,0.0,0.0,0.0,1.0
1754723706230745368,0,1754723706230509757,map,MoraiInfo,-12.743316554870606,-0.6358525592651372,0.000538424849510194,0.0,0.0,0.0,1.0
1754723706260693178,0,1754723706260485649,map,MoraiInfo,-12.679542445983888,-0.6330668765869145,0.000868344008922578,0.0,0.0,0.0,1.0
1754723706268008870,0,1754723706267817497,map,MoraiInfo,-12.679542445983888,-0.6330668765869145,0.000868344008922578,0.0,0.0,0.0,1.0
1754723706270620256,0,1754723706270390987,map,MoraiInfo,-12.620792770233155,-0.6304976779785161,0.0011045534908771526,0.0,0.0,0.0,1.0
1754723706303134703,0,1754723706302638769,map,MoraiInfo,-12.566610240783692,-0.6281149226989751,0.001302098184823991,0.0,0.0,0.0,1.0
1754723706309295761,0,1754723706308723211,map,MoraiInfo,-12.566610240783692,-0.6281149226989751,0.001302098184823991,0.0,0.0,0.0,1.0
1754723706358284367,0,1754723706358045339,map,MoraiInfo,-12.50952424987793,-0.626969083007813,0.0015850973129272472,0.0,0.0,0.0,1.0
1754723706383526739,0,1754723706383322000,map,MoraiInfo,-12.460629367675782,-0.6277582485046391,0.0016052623093128215,0.0,0.0,0.0,1.0
1754723706387218961,0,1754723706387027263,map,MoraiInfo,-12.460629367675782,-0.6277582485046391,0.0016052623093128215,0.0,0.0,0.0,1.0
1754723706395929793,0,1754723706395651340,map,MoraiInfo,-12.412296676483155,-0.6284029323425298,0.0016361337900161754,0.0,0.0,0.0,1.0
1754723706460451067,0,1754723706460149049,map,MoraiInfo,-12.36645545944214,-0.6293361026611333,0.0016508039832115184,0.0,0.0,0.0,1.0
1754723706461672586,0,1754723706461294412,map,MoraiInfo,-12.36645545944214,-0.6293361026611333,0.0016508039832115184,0.0,0.0,0.0,1.0
1754723706492907787,0,1754723706492629528,map,MoraiInfo,-12.319021129455567,-0.6305024463500981,0.0016613130271434795,0.0,0.0,0.0,1.0
1754723706499305264,0,1754723706499050855,map,MoraiInfo,-12.274598026123048,-0.6317117053833012,0.0016695719957351696,0.0,0.0,0.0,1.0
1754723706520352184,0,1754723706520124912,map,MoraiInfo,-12.274598026123048,-0.6317117053833012,0.0016695719957351696,0.0,0.0,0.0,1.0
1754723706532134586,0,1754723706531911373,map,MoraiInfo,-12.231301212158204,-0.6329362232055669,0.0016785164177417766,0.0,0.0,0.0,1.0
1754723706581064927,0,1754723706580828428,map,MoraiInfo,-12.19447174057007,-0.6339957553710942,0.001684398651123048,0.0,0.0,0.0,1.0
1754723706591379344,0,1754723706591172456,map,MoraiInfo,-12.19447174057007,-0.6339957553710942,0.001684398651123048,0.0,0.0,0.0,1.0
1754723706615476694,0,1754723706615266084,map,MoraiInfo,-12.156501197662354,-0.635117276367188,0.0016835977137088787,0.0,0.0,0.0,1.0
1754723706634951965,0,1754723706634753465,map,MoraiInfo,-12.122088336791993,-0.6361534435119633,0.0016753648221492778,0.0,0.0,0.0,1.0
1754723706637177887,0,1754723706636952161,map,MoraiInfo,-12.122088336791993,-0.6361534435119633,0.0016753648221492778,0.0,0.0,0.0,1.0
1754723706674252489,0,1754723706673751115,map,MoraiInfo,-12.08453645690918,-0.6372735339965825,0.0016628143191337597,0.0,0.0,0.0,1.0
1754723706739808573,0,1754723706739593267,map,MoraiInfo,-12.053142928924562,-0.6382124263610844,0.0016472239792346965,0.0,0.0,0.0,1.0
1754723706744397641,0,1754723706744048833,map,MoraiInfo,-12.053142928924562,-0.6382124263610844,0.0016472239792346965,0.0,0.0,0.0,1.0
1754723706744423086,0,1754723706744208335,map,MoraiInfo,-12.022821807708741,-0.6391055423583989,0.0016297970712184917,0.0,0.0,0.0,1.0
1754723706766546230,0,1754723706766326427,map,MoraiInfo,-11.994850540008546,-0.6399285632934575,0.0016101387143135082,0.0,0.0,0.0,1.0
1754723706788793510,0,1754723706788551330,map,MoraiInfo,-11.994850540008546,-0.6399285632934575,0.0016101387143135082,0.0,0.0,0.0,1.0
1754723706794605958,0,1754723706794405937,map,MoraiInfo,-11.966030979003907,-0.6407821018066411,0.001585402786731721,0.0,0.0,0.0,1.0
1754723706831006536,0,1754723706830792427,map,MoraiInfo,-11.938171291198731,-0.6416485149230962,0.00123108670115471,0.0,0.0,0.0,1.0
1754723706850866240,0,1754723706850666046,map,MoraiInfo,-11.938171291198731,-0.6416485149230962,0.00123108670115471,0.0,0.0,0.0,1.0
1754723706880799349,0,1754723706880581378,map,MoraiInfo,-11.907180690612794,-0.6425769168701176,0.0007965669780969631,0.0,0.0,0.0,1.0
1754723706919257755,0,1754723706918802976,map,MoraiInfo,-11.870694064941407,-0.6436631519165044,0.000439976602792741,0.0,0.0,0.0,1.0
1754723706936515987,0,1754723706936313629,map,MoraiInfo,-11.870694064941407,-0.6436631519165044,0.000439976602792741,0.0,0.0,0.0,1.0
1754723706939786706,0,1754723706939565896,map,MoraiInfo,-11.828657054748536,-0.6449014980163579,0.0003934924304485332,0.0,0.0,0.0,1.0
1754723706991080002,0,1754723706990816593,map,MoraiInfo,-11.793851756896974,-0.6458952266540532,0.0008100543916225444,0.0,0.0,0.0,1.0
1754723706993639667,0,1754723706993407964,map,MoraiInfo,-11.793851756896974,-0.6458952266540532,0.0008100543916225444,0.0,0.0,0.0,1.0
1754723707017837817,0,1754723707017592906,map,MoraiInfo,-11.75794544204712,-0.646932347473145,0.0011290957033634197,0.0,0.0,0.0,1.0
1754723707046755703,0,1754723707046555757,map,MoraiInfo,-11.725175762023927,-0.6466729480590825,0.0013311666250228893,0.0,0.0,0.0,1.0
1754723707050958322,0,1754723707050753116,map,MoraiInfo,-11.725175762023927,-0.6466729480590825,0.0013311666250228893,0.0,0.0,0.0,1.0
1754723707063312816,0,1754723707063115119,map,MoraiInfo,-11.690752887573243,-0.6455561954345708,0.0013959717750549328,0.0,0.0,0.0,1.0
1754723707094384454,0,1754723707094187259,map,MoraiInfo,-11.663586997833253,-0.6449868518676762,0.0014388833940029155,0.0,0.0,0.0,1.0
1754723707135656614,0,1754723707135439634,map,MoraiInfo,-11.663586997833253,-0.6449868518676762,0.0014388833940029155,0.0,0.0,0.0,1.0
1754723707139452592,0,1754723707139251947,map,MoraiInfo,-11.635661983337403,-0.6443087894287114,0.0014729064702987682,0.0,0.0,0.0,1.0
1754723707164400898,0,1754723707164205789,map,MoraiInfo,-11.607809924926759,-0.6435630161132817,0.0014866602420806896,0.0,0.0,0.0,1.0
1754723707168075142,0,1754723707167809724,map,MoraiInfo,-11.607809924926759,-0.6435630161132817,0.0014866602420806896,0.0,0.0,0.0,1.0
1754723707200247097,0,1754723707199673414,map,MoraiInfo,-11.57866945251465,-0.6427357036437993,0.001485058367252351,0.0,0.0,0.0,1.0
1754723707230406285,0,1754723707230191469,map,MoraiInfo,-11.556752109375001,-0.6420976955261235,0.0014748175442218792,0.0,0.0,0.0,1.0
1754723707271528688,0,1754723707271286964,map,MoraiInfo,-11.556752109375001,-0.6420976955261235,0.0014748175442218792,0.0,0.0,0.0,1.0
1754723707274059484,0,1754723707273834228,map,MoraiInfo,-11.533074283447267,-0.6413972217407231,0.0014582921564579021,0.0,0.0,0.0,1.0
1754723707295447348,0,1754723707295223951,map,MoraiInfo,-11.510845088806153,-0.6407306033935551,0.0014394421875476848,0.0,0.0,0.0,1.0
1754723707297375875,0,1754723707297153711,map,MoraiInfo,-11.510845088806153,-0.6407306033935551,0.0014394421875476848,0.0,0.0,0.0,1.0
1754723707333149090,0,1754723707332584142,map,MoraiInfo,-11.489210986938478,-0.6400592166748051,0.0014210690557956707,0.0,0.0,0.0,1.0
1754723707406093593,0,1754723707405778646,map,MoraiInfo,-11.46718969329834,-0.6393782932128911,0.0013997417688369762,0.0,0.0,0.0,1.0
1754723707423069446,0,1754723707422859430,map,MoraiInfo,-11.46718969329834,-0.6393782932128911,0.0013997417688369762,0.0,0.0,0.0,1.0
1754723707423225809,0,1754723707423042535,map,MoraiInfo,-11.449483775939942,-0.6388246852722173,0.0013824452459812175,0.0,0.0,0.0,1.0
1754723707463996107,0,1754723707463721752,map,MoraiInfo,-11.429058456268312,-0.6381981212463383,0.0013598848879337322,0.0,0.0,0.0,1.0
1754723707489305425,0,1754723707489062547,map,MoraiInfo,-11.429058456268312,-0.6381981212463383,0.0013598848879337322,0.0,0.0,0.0,1.0
1754723707492603417,0,1754723707492387771,map,MoraiInfo,-11.40960731491089,-0.6375548679199223,0.0007761169970035564,0.0,0.0,0.0,1.0
1754723707514512345,0,1754723707514146566,map,MoraiInfo,-11.38484277709961,-0.6367685634460454,0.00045821189880371205,0.0,0.0,0.0,1.0
1754723707514541389,0,1754723707514303684,map,MoraiInfo,-11.38484277709961,-0.6367685634460454,0.00045821189880371205,0.0,0.0,0.0,1.0
1754723707529501262,0,1754723707529251813,map,MoraiInfo,-11.355025195922853,-0.6358811694946294,0.00020454570651054493,0.0,0.0,0.0,1.0
1754723707582163491,0,1754723707581951856,map,MoraiInfo,-11.319290542449952,-0.6348082858886723,2.9658228158951916e-05,0.0,0.0,0.0,1.0
1754723707582273876,0,1754723707582121372,map,MoraiInfo,-11.319290542449952,-0.6348082858886723,2.9658228158951916e-05,0.0,0.0,0.0,1.0
1754723707594916736,0,1754723707594683408,map,MoraiInfo,-11.281785392608644,-0.6336734134521489,-7.373161613941082e-05,0.0,0.0,0.0,1.0
1754723707623519873,0,1754723707623312711,map,MoraiInfo,-11.241831683959962,-0.6324474651184087,-0.00012767568230628856,0.0,0.0,0.0,1.0
1754723707643086231,0,1754723707642854928,map,MoraiInfo,-11.241831683959962,-0.6324474651184087,-0.00012767568230628856,0.0,0.0,0.0,1.0
1754723707673602644,0,1754723707673095703,map,MoraiInfo,-11.19715967163086,-0.631070359405518,-0.00015046700835227855,0.0,0.0,0.0,1.0
1754723707724780686,0,1754723707724478721,map,MoraiInfo,-11.143783473815919,-0.6294162113037114,-0.0001257050037384022,0.0,0.0,0.0,1.0
1754723707734238519,0,1754723707734008312,map,MoraiInfo,-11.143783473815919,-0.6294162113037114,-0.0001257050037384022,0.0,0.0,0.0,1.0
1754723707761184967,0,1754723707760935783,map,MoraiInfo,-11.097544574584962,-0.6279704410400395,0.00020255081355571858,0.0,0.0,0.0,1.0
1754723707767597103,0,1754723707767403125,map,MoraiInfo,-11.046178722229005,-0.6263558704223637,0.0006697078049182903,0.0,0.0,0.0,1.0
1754723707799004084,0,1754723707798763036,map,MoraiInfo,-11.046178722229005,-0.6263558704223637,0.0006697078049182903,0.0,0.0,0.0,1.0
1754723707800897347,0,1754723707800501823,map,MoraiInfo,-11.003713989105226,-0.6250188190307622,0.0009541076421737682,0.0,0.0,0.0,1.0
1754723707839453532,0,1754723707839002609,map,MoraiInfo,-10.959014797058106,-0.6236097652282719,0.0011627313494682323,0.0,0.0,0.0,1.0
1754723707878673177,0,1754723707878412723,map,MoraiInfo,-10.959014797058106,-0.6236097652282719,0.0011627313494682323,0.0,0.0,0.0,1.0
1754723707880494578,0,1754723707880253076,map,MoraiInfo,-10.909895801391603,-0.62206052130127,0.0013356518745422374,0.0,0.0,0.0,1.0
1754723707913376454,0,1754723707913172483,map,MoraiInfo,-10.874694251861573,-0.6209852535095219,0.001522125005722047,0.0,0.0,0.0,1.0
1754723707920359216,0,1754723707920143365,map,MoraiInfo,-10.874694251861573,-0.6209852535095219,0.001522125005722047,0.0,0.0,0.0,1.0
1754723707939635011,0,1754723707939393281,map,MoraiInfo,-10.838049793090821,-0.6211535770263676,0.0016635705530643474,0.0,0.0,0.0,1.0
1754723707982120456,0,1754723707981863021,map,MoraiInfo,-10.801724338378907,-0.6226441699829106,0.001716667115688325,0.0,0.0,0.0,1.0
1754723707985236566,0,1754723707985036611,map,MoraiInfo,-10.801724338378907,-0.6226441699829106,0.001716667115688325,0.0,0.0,0.0,1.0
1754723707991995208,0,1754723707991753578,map,MoraiInfo,-10.766468906250001,-0.6251246768798833,0.0016631868481636058,0.0,0.0,0.0,1.0
1754723708022850179,0,1754723708022614955,map,MoraiInfo,-10.736678027954103,-0.626938565429688,0.0016528826951980602,0.0,0.0,0.0,1.0
1754723708053163980,0,1754723708052992105,map,MoraiInfo,-10.736678027954103,-0.626938565429688,0.0016528826951980602,0.0,0.0,0.0,1.0
1754723708089932110,0,1754723708089667081,map,MoraiInfo,-10.70667066558838,-0.6289074260559087,0.0016297337412834179,0.0,0.0,0.0,1.0
1754723708093205654,0,1754723708092969417,map,MoraiInfo,-10.678715610351563,-0.6308491069641118,0.0016026732325553905,0.0,0.0,0.0,1.0
1754723708096089467,0,1754723708095892667,map,MoraiInfo,-10.678715610351563,-0.6308491069641118,0.0016026732325553905,0.0,0.0,0.0,1.0
1754723708124799916,0,1754723708124247074,map,MoraiInfo,-10.648569011535646,-0.6330134708251958,0.0015734148025512706,0.0,0.0,0.0,1.0
1754723708165994520,0,1754723708165763378,map,MoraiInfo,-10.624642276611329,-0.6347544032897954,0.0015509662032127391,0.0,0.0,0.0,1.0
1754723708183230700,0,1754723708183016300,map,MoraiInfo,-10.624642276611329,-0.6347544032897954,0.0015509662032127391,0.0,0.0,0.0,1.0
1754723708192488632,0,1754723708192263603,map,MoraiInfo,-10.596699619140626,-0.6368272144165044,0.001520269811153413,0.0,0.0,0.0,1.0
1754723708225167986,0,1754723708224970102,map,MoraiInfo,-10.576510333862306,-0.6383130390014653,0.001543102115392686,0.0,0.0,0.0,1.0
1754723708228635465,0,1754723708228460550,map,MoraiInfo,-10.576510333862306,-0.6383130390014653,0.001543102115392686,0.0,0.0,0.0,1.0
1754723708292388892,0,1754723708292025566,map,MoraiInfo,-10.551246547546388,-0.6392986614074712,0.0015371714532375347,0.0,0.0,0.0,1.0
1754723708345421851,0,1754723708345213890,map,MoraiInfo,-10.530808353271485,-0.6395718890991215,0.001508576124906541,0.0,0.0,0.0,1.0
1754723708358156806,0,1754723708357932806,map,MoraiInfo,-10.530808353271485,-0.6395718890991215,0.001508576124906541,0.0,0.0,0.0,1.0
1754723708358265355,0,1754723708358106851,map,MoraiInfo,-10.513788127746583,-0.6394922572937016,0.0014413458108901989,0.0,0.0,0.0,1.0
1754723708382190474,0,1754723708381986141,map,MoraiInfo,-10.49531640991211,-0.6397306758728032,0.0014158573746681224,0.0,0.0,0.0,1.0
1754723708382306620,0,1754723708382141113,map,MoraiInfo,-10.49531640991211,-0.6397306758728032,0.0014158573746681224,0.0,0.0,0.0,1.0
1754723708397652166,0,1754723708397374629,map,MoraiInfo,-10.476669216003419,-0.6400115329589848,0.0013835032284259807,0.0,0.0,0.0,1.0
1754723708435340978,0,1754723708435081243,map,MoraiInfo,-10.458824062194825,-0.6402628261413579,0.0013546396791934978,0.0,0.0,0.0,1.0
1754723708459699487,0,1754723708459486722,map,MoraiInfo,-10.458824062194825,-0.6402628261413579,0.0013546396791934978,0.0,0.0,0.0,1.0
1754723708462025342,0,1754723708461825132,map,MoraiInfo,-10.44337549194336,-0.6404845554199223,0.0013268452882766735,0.0,0.0,0.0,1.0
1754723708497711214,0,1754723708497503995,map,MoraiInfo,-10.427179241027833,-0.6406876880493169,0.0013025526702404033,0.0,0.0,0.0,1.0
1754723708499094869,0,1754723708498858928,map,MoraiInfo,-10.427179241027833,-0.6406876880493169,0.0013025526702404033,0.0,0.0,0.0,1.0
1754723708546980688,0,1754723708546729326,map,MoraiInfo,-10.41122045501709,-0.6408698398437505,0.0012813967466354381,0.0,0.0,0.0,1.0
1754723708564349709,0,1754723708564120769,map,MoraiInfo,-10.3925732611084,-0.6409551936950688,0.000810566619038583,0.0,0.0,0.0,1.0
1754723708580358998,0,1754723708580079555,map,MoraiInfo,-10.3925732611084,-0.6409551936950688,0.000810566619038583,0.0,0.0,0.0,1.0
1754723708597176394,0,1754723708596928596,map,MoraiInfo,-10.375037097778321,-0.641159756835938,0.0005713042616844188,0.0,0.0,0.0,1.0
1754723708622557487,0,1754723708622264862,map,MoraiInfo,-10.350786113586427,-0.6414282161560063,0.0002466135472059261,0.0,0.0,0.0,1.0
1754723708647186255,0,1754723708646989107,map,MoraiInfo,-10.350786113586427,-0.6414282161560063,0.0002466135472059261,0.0,0.0,0.0,1.0
1754723708660248874,0,1754723708660032749,map,MoraiInfo,-10.322066211547853,-0.6417257625427251,5.44165074825298e-05,0.0,0.0,0.0,1.0
1754723708691222688,0,1754723708690960645,map,MoraiInfo,-10.284384631958009,-0.642148240264893,-8.977830410003551e-05,0.0,0.0,0.0,1.0
1754723708711954879,0,1754723708711662054,map,MoraiInfo,-10.284384631958009,-0.642148240264893,-8.977830410003551e-05,0.0,0.0,0.0,1.0
1754723708742266988,0,1754723708741997480,map,MoraiInfo,-10.250390910949708,-0.6425206500854497,-0.00015666589140891918,0.0,0.0,0.0,1.0
1754723708757550028,0,1754723708757031440,map,MoraiInfo,-10.211511516418458,-0.6429540950622563,-2.1784305572508655e-05,0.0,0.0,0.0,1.0
1754723708783575267,0,1754723708783342123,map,MoraiInfo,-10.211511516418458,-0.6429540950622563,-2.1784305572508655e-05,0.0,0.0,0.0,1.0
1754723708793260864,0,1754723708793020009,map,MoraiInfo,-10.171589755859376,-0.6433684665527348,0.0005283218622207653,0.0,0.0,0.0,1.0
1754723708824077703,0,1754723708823871374,map,MoraiInfo,-10.130850696411134,-0.6437952358093266,0.0008878198266029369,0.0,0.0,0.0,1.0
1754723708846731393,0,1754723708846495389,map,MoraiInfo,-10.130850696411134,-0.6437952358093266,0.0008878198266029369,0.0,0.0,0.0,1.0
1754723708854748209,0,1754723708854525327,map,MoraiInfo,-10.098156833496095,-0.6441380817260747,0.001083773821592332,0.0,0.0,0.0,1.0
1754723708915331913,0,1754723708915097236,map,MoraiInfo,-10.0604199407959,-0.6445329028930669,0.0006132547557353984,0.0,0.0,0.0,1.0
1754723708919833958,0,1754723708919621229,map,MoraiInfo,-10.0604199407959,-0.6445329028930669,0.0006132547557353984,0.0,0.0,0.0,1.0
1754723708922127100,0,1754723708921909093,map,MoraiInfo,-10.02023210510254,-0.644958241638184,0.00039040230214595906,0.0,0.0,0.0,1.0
1754723708961503260,0,1754723708960975170,map,MoraiInfo,-9.974977397766114,-0.6454379398193364,0.00021961450576782338,0.0,0.0,0.0,1.0
1754723708985021055,0,1754723708984790325,map,MoraiInfo,-9.974977397766114,-0.6454379398193364,0.00021961450576782338,0.0,0.0,0.0,1.0
1754723708996683791,0,1754723708996427059,map,MoraiInfo,-9.926964664306642,-0.6459386188354497,0.0001532801240682613,0.0,0.0,0.0,1.0
1754723709040077582,0,1754723709039818048,map,MoraiInfo,-9.877296352233888,-0.6464369136657719,0.00046889230608940236,0.0,0.0,0.0,1.0
1754723709043656369,0,1754723709043457269,map,MoraiInfo,-9.877296352233888,-0.6464369136657719,0.00046889230608940236,0.0,0.0,0.0,1.0
1754723709057882849,0,1754723709057607173,map,MoraiInfo,-9.830193424072267,-0.6469080287780766,0.0008304298669099819,0.0,0.0,0.0,1.0
1754723709103089379,0,1754723709102856397,map,MoraiInfo,-9.784054660644532,-0.647366746124268,0.0010923121869564067,0.0,0.0,0.0,1.0
1754723709126978126,0,1754723709126734018,map,MoraiInfo,-9.784054660644532,-0.647366746124268,0.0010923121869564067,0.0,0.0,0.0,1.0
1754723709128953158,0,1754723709128728866,map,MoraiInfo,-9.739242458190919,-0.6478111583557133,0.001273588538169862,0.0,0.0,0.0,1.0
1754723709155931863,0,1754723709155701875,map,MoraiInfo,-9.697891139831544,-0.6482207614746098,0.0013937738537788402,0.0,0.0,0.0,1.0
1754723709161529550,0,1754723709161327362,map,MoraiInfo,-9.697891139831544,-0.6482207614746098,0.0013937738537788402,0.0,0.0,0.0,1.0
1754723709190687064,0,1754723709190466165,map,MoraiInfo,-9.645995044555665,-0.6487405139770512,0.0007956598699092876,0.0,0.0,0.0,1.0
1754723709224286331,0,1754723709224062681,map,MoraiInfo,-9.606746578063966,-0.6491324741210942,0.0005744055658578884,0.0,0.0,0.0,1.0
1754723709265302109,0,1754723709265056371,map,MoraiInfo,-9.606746578063966,-0.6491324741210942,0.0005744055658578884,0.0,0.0,0.0,1.0
1754723709269388186,0,1754723709269139051,map,MoraiInfo,-9.557103061523438,-0.649622662719727,0.00039041906595230214,0.0,0.0,0.0,1.0
1754723709289354751,0,1754723709289077043,map,MoraiInfo,-9.50431528076172,-0.6501371700134282,0.0002856564521789562,0.0,0.0,0.0,1.0
1754723709292057722,0,1754723709291869401,map,MoraiInfo,-9.50431528076172,-0.6501371700134282,0.0002856564521789562,0.0,0.0,0.0,1.0
1754723709353976157,0,1754723709353412389,map,MoraiInfo,-9.44429388031006,-0.6507155734863286,0.00023626096546650044,0.0,0.0,0.0,1.0
1754723709402893470,0,1754723709402653932,map,MoraiInfo,-9.384053134765626,-0.6512839633789067,0.0007077113538980495,0.0,0.0,0.0,1.0
1754723709406064803,0,1754723709405865430,map,MoraiInfo,-9.384053134765626,-0.6512839633789067,0.0007077113538980495,0.0,0.0,0.0,1.0
1754723709406846791,0,1754723709406595468,map,MoraiInfo,-9.336085223999024,-0.6517264682617192,0.0009004336595535289,0.0,0.0,0.0,1.0
1754723709447116418,0,1754723709446896314,map,MoraiInfo,-9.282759570922853,-0.652214272674561,0.0011281420290470134,0.0,0.0,0.0,1.0
1754723709451564800,0,1754723709451358556,map,MoraiInfo,-9.282759570922853,-0.652214272674561,0.0011281420290470134,0.0,0.0,0.0,1.0
1754723709457124408,0,1754723709456896543,map,MoraiInfo,-9.230774783935548,-0.6526868182983403,0.0013001088798046123,0.0,0.0,0.0,1.0
1754723709509590986,0,1754723709509387731,map,MoraiInfo,-9.178372287597657,-0.6531617481079106,0.0010894548892974865,0.0,0.0,0.0,1.0
1754723709511208683,0,1754723709510984182,map,MoraiInfo,-9.178372287597657,-0.6531617481079106,0.0010894548892974865,0.0,0.0,0.0,1.0
1754723709523067079,0,1754723709522827148,map,MoraiInfo,-9.127281093444825,-0.6536295253601079,0.0007821091264486324,0.0,0.0,0.0,1.0
1754723709553363433,0,1754723709553134441,map,MoraiInfo,-9.072280788269044,-0.654129727539063,0.0005662900209426891,0.0,0.0,0.0,1.0
1754723709576022738,0,1754723709575778007,map,MoraiInfo,-9.072280788269044,-0.654129727539063,0.0005662900209426891,0.0,0.0,0.0,1.0
1754723709591434883,0,1754723709591008663,map,MoraiInfo,-9.013632678833009,-0.6546528179016118,0.00048526868224144093,0.0,0.0,0.0,1.0
1754723709640067150,0,1754723709639830112,map,MoraiInfo,-8.954152011718751,-0.6551711398925786,0.0008866519480943691,0.0,0.0,0.0,1.0
1754723709642711123,0,1754723709642525196,map,MoraiInfo,-8.954152011718751,-0.6551711398925786,0.0008866519480943691,0.0,0.0,0.0,1.0
1754723709654632236,0,1754723709654273033,map,MoraiInfo,-8.898532771911622,-0.6556513149108891,0.0011090350151062023,0.0,0.0,0.0,1.0
1754723709687854942,0,1754723709687578678,map,MoraiInfo,-8.842786693420411,-0.6561305362548833,0.0012680229544639599,0.0,0.0,0.0,1.0
1754723709710913834,0,1754723709710695743,map,MoraiInfo,-8.842786693420411,-0.6561305362548833,0.0012680229544639599,0.0,0.0,0.0,1.0
1754723709742588661,0,1754723709742337703,map,MoraiInfo,-8.791541004028321,-0.6565687496032719,0.0013867181539535534,0.0,0.0,0.0,1.0
1754723709756866458,0,1754723709756478548,map,MoraiInfo,-8.737389468994142,-0.657031281646729,0.0014673818647861492,0.0,0.0,0.0,1.0
1754723709782691036,0,1754723709782395362,map,MoraiInfo,-8.737389468994142,-0.657031281646729,0.0014673818647861492,0.0,0.0,0.0,1.0
1754723709790026616,0,1754723709789819478,map,MoraiInfo,-8.68959131225586,-0.6574427921142583,0.0009313796460628521,0.0,0.0,0.0,1.0
1754723709851493526,0,1754723709851267814,map,MoraiInfo,-8.634974384155274,-0.6579129535522465,0.0007004451751708995,0.0,0.0,0.0,1.0
1754723709855544571,0,1754723709855336666,map,MoraiInfo,-8.634974384155274,-0.6579129535522465,0.0007004451751708995,0.0,0.0,0.0,1.0
1754723709857594691,0,1754723709857363700,map,MoraiInfo,-8.574174785461427,-0.6584317523803715,0.0005051188915967952,0.0,0.0,0.0,1.0
1754723709889598030,0,1754723709889089345,map,MoraiInfo,-8.516324901428224,-0.6589176494445805,0.0003857047110795986,0.0,0.0,0.0,1.0
1754723709919642461,0,1754723709919439554,map,MoraiInfo,-8.516324901428224,-0.6589176494445805,0.0003857047110795986,0.0,0.0,0.0,1.0
1754723709923460981,0,1754723709923267841,map,MoraiInfo,-8.449488544311524,-0.6594674426879887,0.00035950660705566517,0.0,0.0,0.0,1.0
1754723709954367927,0,1754723709954123258,map,MoraiInfo,-8.385038280334474,-0.6599805194702153,0.0008010820299386989,0.0,0.0,0.0,1.0
1754723709978555280,0,1754723709978281497,map,MoraiInfo,-8.385038280334474,-0.6599805194702153,0.0008010820299386989,0.0,0.0,0.0,1.0
1754723709987239692,0,1754723709987016439,map,MoraiInfo,-8.320847415771485,-0.6604859668579106,0.001052352860569955,0.0,0.0,0.0,1.0
1754723710021292216,0,1754723710021072864,map,MoraiInfo,-8.267351054992677,-0.6609051067199712,0.0012149506062269222,0.0,0.0,0.0,1.0
1754723710060636594,0,1754723710060352563,map,MoraiInfo,-8.267351054992677,-0.6609051067199712,0.0012149506062269222,0.0,0.0,0.0,1.0
1754723710071974407,0,1754723710071703195,map,MoraiInfo,-8.210091495361329,-0.6613523799743657,0.0013562005758285534,0.0,0.0,0.0,1.0
1754723710096052966,0,1754723710095844030,map,MoraiInfo,-8.154100322570802,-0.6617867786254887,0.0014564965665340435,0.0,0.0,0.0,1.0
1754723710097374170,0,1754723710097156763,map,MoraiInfo,-8.154100322570802,-0.6617867786254887,0.0014564965665340435,0.0,0.0,0.0,1.0
1754723710124029373,0,1754723710123367309,map,MoraiInfo,-8.099698924865724,-0.6622092563476567,0.0013920713961124431,0.0,0.0,0.0,1.0
1754723710183026040,0,1754723710182785511,map,MoraiInfo,-8.043006801452638,-0.662653668579102,0.000924983322620393,0.0,0.0,0.0,1.0
1754723710191769715,0,1754723710191546916,map,MoraiInfo,-8.043006801452638,-0.662653668579102,0.000924983322620393,0.0,0.0,0.0,1.0
1754723710218508055,0,1754723710218216180,map,MoraiInfo,-7.9787692068481455,-0.6631548244323735,0.0006587219238281261,0.0,0.0,0.0,1.0
1754723710234746234,0,1754723710234334230,map,MoraiInfo,-7.911607646789552,-0.6636707622375493,0.00047997504472732655,0.0,0.0,0.0,1.0
1754723710234774665,0,1754723710234495401,map,MoraiInfo,-7.911607646789552,-0.6636707622375493,0.00047997504472732655,0.0,0.0,0.0,1.0
1754723710253699244,0,1754723710253452301,map,MoraiInfo,-7.854176425781251,-0.6641046840515141,0.00037559427320957295,0.0,0.0,0.0,1.0
1754723710311021491,0,1754723710310777902,map,MoraiInfo,-7.785071277465821,-0.6646101314392094,0.0005342450737953197,0.0,0.0,0.0,1.0
1754723710327936191,0,1754723710327645778,map,MoraiInfo,-7.785071277465821,-0.6646101314392094,0.0005342450737953197,0.0,0.0,0.0,1.0
1754723710331020465,0,1754723710330830097,map,MoraiInfo,-7.715617084350587,-0.6651065189208989,0.0008968462049961101,0.0,0.0,0.0,1.0
1754723710357823130,0,1754723710357359647,map,MoraiInfo,-7.658472919311524,-0.6655123073425298,0.001114080920815469,0.0,0.0,0.0,1.0
1754723710402585335,0,1754723710402306795,map,MoraiInfo,-7.658472919311524,-0.6655123073425298,0.001114080920815469,0.0,0.0,0.0,1.0
1754723710409878142,0,1754723710409637212,map,MoraiInfo,-7.59658708557129,-0.665949567016602,0.0012793925404548656,0.0,0.0,0.0,1.0
1754723710438486976,0,1754723710438251972,map,MoraiInfo,-7.528284931030274,-0.6664302188720708,0.001414039433002473,0.0,0.0,0.0,1.0
1754723710440521024,0,1754723710440280675,map,MoraiInfo,-7.528284931030274,-0.6664302188720708,0.001414039433002473,0.0,0.0,0.0,1.0
1754723710499051706,0,1754723710498810052,map,MoraiInfo,-7.477913760986329,-0.6667826015319829,0.0014791351556777965,0.0,0.0,0.0,1.0
1754723710516706551,0,1754723710516471624,map,MoraiInfo,-7.416980647888185,-0.6672146159973149,0.0009327654540538799,0.0,0.0,0.0,1.0
1754723710538559558,0,1754723710538340091,map,MoraiInfo,-7.416980647888185,-0.6672146159973149,0.0009327654540538799,0.0,0.0,0.0,1.0
1754723710541158530,0,1754723710540942430,map,MoraiInfo,-7.352200412597657,-0.6676719028320317,0.0006923910975456249,0.0,0.0,0.0,1.0
1754723710576834919,0,1754723710576613426,map,MoraiInfo,-7.283290767517091,-0.6681520778503423,0.0005101387202739727,0.0,0.0,0.0,1.0
1754723710578434936,0,1754723710578246116,map,MoraiInfo,-7.283290767517091,-0.6681520778503423,0.0005101387202739727,0.0,0.0,0.0,1.0
1754723710583197760,0,1754723710582996368,map,MoraiInfo,-7.217689418640138,-0.6686003047790532,0.0003973015397787105,0.0,0.0,0.0,1.0
1754723710621555948,0,1754723710621324777,map,MoraiInfo,-7.150261783447267,-0.6690471011962895,0.000788501724600793,0.0,0.0,0.0,1.0
1754723710634788150,0,1754723710634571790,map,MoraiInfo,-7.150261783447267,-0.6690471011962895,0.000788501724600793,0.0,0.0,0.0,1.0
1754723710660684608,0,1754723710660451889,map,MoraiInfo,-7.083029651489259,-0.669482453521729,0.001054949387907983,0.0,0.0,0.0,1.0
1754723710708820434,0,1754723710708624124,map,MoraiInfo,-7.014877223815919,-0.6699187595214848,0.0012435328960418712,0.0,0.0,0.0,1.0
1754723710710396911,0,1754723710710154533,map,MoraiInfo,-7.014877223815919,-0.6699187595214848,0.0012435328960418712,0.0,0.0,0.0,1.0
1754723710739696290,0,1754723710739504337,map,MoraiInfo,-6.946823978271485,-0.6703531581726079,0.0010514867305755626,0.0,0.0,0.0,1.0
1754723710779601216,0,1754723710779393434,map,MoraiInfo,-6.888791942443849,-0.6707255679931645,0.0008019481599330913,0.0,0.0,0.0,1.0
1754723710782701581,0,1754723710782498121,map,MoraiInfo,-6.888791942443849,-0.6707255679931645,0.0008019481599330913,0.0,0.0,0.0,1.0
1754723710803490855,0,1754723710803263187,map,MoraiInfo,-6.820363902893067,-0.671160920318604,0.0005949561297893535,0.0,0.0,0.0,1.0
1754723710817533175,0,1754723710817198038,map,MoraiInfo,-6.750569248046876,-0.6715972263183598,0.00045978769659996144,0.0,0.0,0.0,1.0
1754723710822700472,0,1754723710822430133,map,MoraiInfo,-6.750569248046876,-0.6715972263183598,0.00045978769659996144,0.0,0.0,0.0,1.0
1754723710855676266,0,1754723710855484485,map,MoraiInfo,-6.67372503265381,-0.6720664340820317,0.0004162409156560909,0.0,0.0,0.0,1.0
1754723710899012452,0,1754723710898735523,map,MoraiInfo,-6.601357364501954,-0.6724870044555669,0.0008421030640602123,0.0,0.0,0.0,1.0
1754723710909802999,0,1754723710909572839,map,MoraiInfo,-6.601357364501954,-0.6724870044555669,0.0008421030640602123,0.0,0.0,0.0,1.0
1754723710920581588,0,1754723710920408248,map,MoraiInfo,-6.52722730621338,-0.6729180652465825,0.0011247296631336223,0.0,0.0,0.0,1.0
1754723710971324894,0,1754723710971052646,map,MoraiInfo,-6.461058521118165,-0.673301919158936,0.0012936753034591686,0.0,0.0,0.0,1.0
1754723710974605610,0,1754723710974405527,map,MoraiInfo,-6.461058521118165,-0.673301919158936,0.0012936753034591686,0.0,0.0,0.0,1.0
1754723710994713922,0,1754723710994397401,map,MoraiInfo,-6.393391513671876,-0.6736934024658208,0.0014064398407936107,0.0,0.0,0.0,1.0
1754723711033327920,0,1754723711033054828,map,MoraiInfo,-6.328396701660157,-0.674067242797852,0.0014871594309806835,0.0,0.0,0.0,1.0
1754723711058933153,0,1754723711058661699,map,MoraiInfo,-6.328396701660157,-0.674067242797852,0.0014871594309806835,0.0,0.0,0.0,1.0
1754723711062473995,0,1754723711062270402,map,MoraiInfo,-6.266995334472657,-0.6744186717834477,0.001546086072921754,0.0,0.0,0.0,1.0
1754723711105378175,0,1754723711105131626,map,MoraiInfo,-6.206591510620118,-0.6747629482116704,0.0015892398357391369,0.0,0.0,0.0,1.0
1754723711108422904,0,1754723711108195066,map,MoraiInfo,-6.206591510620118,-0.6747629482116704,0.0015892398357391369,0.0,0.0,0.0,1.0
1754723711117851486,0,1754723711117307186,map,MoraiInfo,-6.14723291381836,-0.6750991184082036,0.0016201224923133861,0.0,0.0,0.0,1.0
1754723711166597859,0,1754723711166073322,map,MoraiInfo,-6.089689159240724,-0.6754233676757817,0.0016421650350093853,0.0,0.0,0.0,1.0
1754723711205628271,0,1754723711205128669,map,MoraiInfo,-6.089689159240724,-0.6754233676757817,0.0016421650350093853,0.0,0.0,0.0,1.0
1754723711229180599,0,1754723711228712558,map,MoraiInfo,-6.032714748229981,-0.6757442790832524,0.0016579006612300884,0.0,0.0,0.0,1.0
1754723711235282848,0,1754723711234948396,map,MoraiInfo,-5.975721263732911,-0.6760628063049321,0.001669285148382188,0.0,0.0,0.0,1.0
1754723711236339971,0,1754723711236105680,map,MoraiInfo,-5.975721263732911,-0.6760628063049321,0.001669285148382188,0.0,0.0,0.0,1.0
1754723711280712656,0,1754723711280416011,map,MoraiInfo,-5.929537677612306,-0.6763198215332036,0.0016761434078216564,0.0,0.0,0.0,1.0
1754723711325586979,0,1754723711325329780,map,MoraiInfo,-5.879297160949708,-0.676597817596436,0.0016816531121730816,0.0,0.0,0.0,1.0
1754723711330665546,0,1754723711330447912,map,MoraiInfo,-5.879297160949708,-0.676597817596436,0.0016816531121730816,0.0,0.0,0.0,1.0
1754723711351376161,0,1754723711351130485,map,MoraiInfo,-5.832945728149415,-0.6768538791503911,0.0016854417324066173,0.0,0.0,0.0,1.0
1754723711394510047,0,1754723711394301414,map,MoraiInfo,-5.785285854187013,-0.6771151859130864,0.0016883623600006115,0.0,0.0,0.0,1.0
1754723711394619391,0,1754723711394460678,map,MoraiInfo,-5.785285854187013,-0.6771151859130864,0.0016883623600006115,0.0,0.0,0.0,1.0
1754723711401157686,0,1754723711400932073,map,MoraiInfo,-5.736412906494142,-0.6773812610473637,0.0016394641995430004,0.0,0.0,0.0,1.0
1754723711420224507,0,1754723711419668197,map,MoraiInfo,-5.694933795776368,-0.6776125270690923,0.0010430340468883526,0.0,0.0,0.0,1.0
1754723711471388235,0,1754723711470911502,map,MoraiInfo,-5.694933795776368,-0.6776125270690923,0.0010430340468883526,0.0,0.0,0.0,1.0
1754723711499409354,0,1754723711499194622,map,MoraiInfo,-5.645952129211427,-0.677884324249268,0.000740039423108102,0.0,0.0,0.0,1.0
1754723711525513761,0,1754723711525259971,map,MoraiInfo,-5.592467212524415,-0.6781737644042973,0.0005205788463354122,0.0,0.0,0.0,1.0
1754723711528154304,0,1754723711527967214,map,MoraiInfo,-5.592467212524415,-0.6781737644042973,0.0005205788463354122,0.0,0.0,0.0,1.0
1754723711537557360,0,1754723711537318229,map,MoraiInfo,-5.538035297241212,-0.6784579593505864,0.000694771558046342,0.0,0.0,0.0,1.0
1754723711579244951,0,1754723711578999757,map,MoraiInfo,-5.486317539062501,-0.6787183124389653,0.0009803225100040447,0.0,0.0,0.0,1.0
1754723711580558612,0,1754723711580304622,map,MoraiInfo,-5.486317539062501,-0.6787183124389653,0.0009803225100040447,0.0,0.0,0.0,1.0
1754723711584289615,0,1754723711584084033,map,MoraiInfo,-5.435804271545411,-0.678971036132813,0.0011911534518003475,0.0,0.0,0.0,1.0
1754723711636526716,0,1754723711636258840,map,MoraiInfo,-5.387296581115724,-0.6792123157348637,0.0013384160399436962,0.0,0.0,0.0,1.0
1754723711637962128,0,1754723711637744188,map,MoraiInfo,-5.387296581115724,-0.6792123157348637,0.0013384160399436962,0.0,0.0,0.0,1.0
1754723711655724467,0,1754723711655532121,map,MoraiInfo,-5.339155101623536,-0.6794512111511235,0.0014450673758983623,0.0,0.0,0.0,1.0
1754723711691002724,0,1754723711690735816,map,MoraiInfo,-5.290740871276856,-0.6796901065673833,0.001522866338491441,0.0,0.0,0.0,1.0
1754723711717810374,0,1754723711717540264,map,MoraiInfo,-5.290740871276856,-0.6796901065673833,0.001522866338491441,0.0,0.0,0.0,1.0
1754723711722484681,0,1754723711722263813,map,MoraiInfo,-5.2487935064697275,-0.679896100219727,0.0015717980265617382,0.0,0.0,0.0,1.0
1754723711784215596,0,1754723711784029006,map,MoraiInfo,-5.20942773803711,-0.6800877887573247,0.0016060334444046032,0.0,0.0,0.0,1.0
1754723711786946881,0,1754723711786755084,map,MoraiInfo,-5.20942773803711,-0.6800877887573247,0.0016060334444046032,0.0,0.0,0.0,1.0
1754723711789403995,0,1754723711789170503,map,MoraiInfo,-5.170312785949708,-0.6802790004577641,0.0015987356007099163,0.0,0.0,0.0,1.0
1754723711818085548,0,1754723711817878007,map,MoraiInfo,-5.129150295104981,-0.6804835635986333,0.0009651345014572155,0.0,0.0,0.0,1.0
1754723711838907299,0,1754723711838698863,map,MoraiInfo,-5.129150295104981,-0.6804835635986333,0.0009651345014572155,0.0,0.0,0.0,1.0
1754723711887614756,0,1754723711887360334,map,MoraiInfo,-5.0833577154541025,-0.6807114917602544,0.0006452177464962017,0.0,0.0,0.0,1.0
1754723711908344691,0,1754723711908076047,map,MoraiInfo,-5.028379344787599,-0.6809775668945317,0.0004275359958410274,0.0,0.0,0.0,1.0
1754723711910552605,0,1754723711910346746,map,MoraiInfo,-5.028379344787599,-0.6809775668945317,0.0004275359958410274,0.0,0.0,0.0,1.0
1754723711928190140,0,1754723711927936792,map,MoraiInfo,-4.982831859436036,-0.6811835605468755,0.0006149572134017955,0.0,0.0,0.0,1.0
1754723711963938554,0,1754723711963710546,map,MoraiInfo,-4.9328965185546885,-0.6814043361511235,0.0009471897780895244,0.0,0.0,0.0,1.0
1754723711986711188,0,1754723711986412286,map,MoraiInfo,-4.9328965185546885,-0.6814043361511235,0.0009471897780895244,0.0,0.0,0.0,1.0
1754723711988629005,0,1754723711988427639,map,MoraiInfo,-4.886743450012208,-0.6816065151062016,0.0011668813228607189,0.0,0.0,0.0,1.0
1754723712022227142,0,1754723712021673202,map,MoraiInfo,-4.842649364318849,-0.6817977268066411,0.0013136130571365368,0.0,0.0,0.0,1.0
1754723712060725983,0,1754723712060428142,map,MoraiInfo,-4.842649364318849,-0.6817977268066411,0.0013136130571365368,0.0,0.0,0.0,1.0
1754723712083376816,0,1754723712083121776,map,MoraiInfo,-4.798033618774415,-0.681992276367188,0.001181156635284425,0.0,0.0,0.0,1.0
1754723712089804438,0,1754723712089596986,map,MoraiInfo,-4.746388339843751,-0.6822221118774419,0.000732918530702592,0.0,0.0,0.0,1.0
1754723712114170167,0,1754723712113930940,map,MoraiInfo,-4.746388339843751,-0.6822221118774419,0.000732918530702592,0.0,0.0,0.0,1.0
1754723712119898854,0,1754723712119679212,map,MoraiInfo,-4.699487590637208,-0.6824271518554692,0.0005139906704425823,0.0,0.0,0.0,1.0
1754723712183072156,0,1754723712182856798,map,MoraiInfo,-4.647447490539552,-0.6826484042968755,0.00037597239017486683,0.0,0.0,0.0,1.0
1754723712183355481,0,1754723712183044195,map,MoraiInfo,-4.647447490539552,-0.6826484042968755,0.00037597239017486683,0.0,0.0,0.0,1.0
1754723712185966568,0,1754723712185746431,map,MoraiInfo,-4.590823078002931,-0.6828839618530278,0.0002894059568643581,0.0,0.0,0.0,1.0
1754723712224787342,0,1754723712224299192,map,MoraiInfo,-4.530229472961427,-0.6831252414550786,0.0007052657008171093,0.0,0.0,0.0,1.0
1754723712230062683,0,1754723712229406118,map,MoraiInfo,-4.530229472961427,-0.6831252414550786,0.0007052657008171093,0.0,0.0,0.0,1.0
1754723712271284266,0,1754723712271049499,map,MoraiInfo,-4.474284076538087,-0.683335049804688,0.0009577658772468578,0.0,0.0,0.0,1.0
1754723712312061790,0,1754723712311799526,map,MoraiInfo,-4.426236057128907,-0.6835119563903813,0.0011432741582393657,0.0,0.0,0.0,1.0
1754723712313487676,0,1754723712313229084,map,MoraiInfo,-4.426236057128907,-0.6835119563903813,0.0011432741582393657,0.0,0.0,0.0,1.0
1754723712318441604,0,1754723712318196296,map,MoraiInfo,-4.3696125982666025,-0.683715565856934,0.00132205829024315,0.0,0.0,0.0,1.0
1754723712388989171,0,1754723712388753175,map,MoraiInfo,-4.32191553100586,-0.6838910419311528,0.0008248326182365429,0.0,0.0,0.0,1.0
1754723712400032215,0,1754723712399832725,map,MoraiInfo,-4.32191553100586,-0.6838910419311528,0.0008248326182365429,0.0,0.0,0.0,1.0
1754723712413565969,0,1754723712413331985,map,MoraiInfo,-4.25955095275879,-0.6841199237670903,0.0006055806577205669,0.0,0.0,0.0,1.0
1754723712428800240,0,1754723712428507804,map,MoraiInfo,-4.206800365295411,-0.6843077976074223,0.00045915067195892445,0.0,0.0,0.0,1.0
1754723712431274178,0,1754723712431057453,map,MoraiInfo,-4.206800365295411,-0.6843077976074223,0.00045915067195892445,0.0,0.0,0.0,1.0
1754723712457575187,0,1754723712457034349,map,MoraiInfo,-4.147295856323243,-0.6845033008422856,0.0006990891695022594,0.0,0.0,0.0,1.0
1754723712497258659,0,1754723712497052192,map,MoraiInfo,-4.087448978271485,-0.6846940357055669,0.0009801846742630016,0.0,0.0,0.0,1.0
1754723712520781997,0,1754723712520513296,map,MoraiInfo,-4.087448978271485,-0.6846940357055669,0.0009801846742630016,0.0,0.0,0.0,1.0
1754723712522823897,0,1754723712522589683,map,MoraiInfo,-4.032468700256349,-0.6848666507568364,0.0011958491802215587,0.0,0.0,0.0,1.0
1754723712555427376,0,1754723712555206537,map,MoraiInfo,-3.9800671575927744,-0.6850287753906255,0.0013449464738369,0.0,0.0,0.0,1.0
1754723712580655986,0,1754723712580421209,map,MoraiInfo,-3.9800671575927744,-0.6850287753906255,0.0013449464738369,0.0,0.0,0.0,1.0
1754723712588555841,0,1754723712588367938,map,MoraiInfo,-3.9249619482421885,-0.685199006256104,0.0013446111977100383,0.0,0.0,0.0,1.0
1754723712620527104,0,1754723712620289564,map,MoraiInfo,-3.8681811331176768,-0.6853787738647465,0.0008693107217550289,0.0,0.0,0.0,1.0
1754723712638044598,0,1754723712637832164,map,MoraiInfo,-3.8681811331176768,-0.6853787738647465,0.0008693107217550289,0.0,0.0,0.0,1.0
1754723712719703612,0,1754723712719451427,map,MoraiInfo,-3.8113707540893564,-0.6855571109619145,0.0006992158293724071,0.0,0.0,0.0,1.0
1754723712726087777,0,1754723712725888967,map,MoraiInfo,-3.7526387213134775,-0.6857316333618169,0.0010365222394466411,0.0,0.0,0.0,1.0
1754723712744762515,0,1754723712744553327,map,MoraiInfo,-3.7526387213134775,-0.6857316333618169,0.0010365222394466411,0.0,0.0,0.0,1.0
1754723712759843474,0,1754723712759605407,map,MoraiInfo,-3.6930397985839853,-0.6858980495300298,0.0012387421727180492,0.0,0.0,0.0,1.0
1754723712789181370,0,1754723712788966655,map,MoraiInfo,-3.643943691101075,-0.686030133422852,0.0013411019742488872,0.0,0.0,0.0,1.0
1754723712789317185,0,1754723712789149045,map,MoraiInfo,-3.643943691101075,-0.686030133422852,0.0013411019742488872,0.0,0.0,0.0,1.0
1754723712813898663,0,1754723712813618421,map,MoraiInfo,-3.5918063162231455,-0.6861679393615727,0.0014420983195304882,0.0,0.0,0.0,1.0
1754723712841352975,0,1754723712841139316,map,MoraiInfo,-3.541040325012208,-0.6863005000915532,0.0015175987780094158,0.0,0.0,0.0,1.0
1754723712843954355,0,1754723712843730688,map,MoraiInfo,-3.541040325012208,-0.6863005000915532,0.0015175987780094158,0.0,0.0,0.0,1.0
1754723712854705799,0,1754723712854469299,map,MoraiInfo,-3.4937180517578135,-0.6864230472412114,0.0012453508377075206,0.0,0.0,0.0,1.0
1754723712888670434,0,1754723712888428211,map,MoraiInfo,-3.440940761413575,-0.6865641910400395,0.0008675393462181102,0.0,0.0,0.0,1.0
1754723712915024559,0,1754723712914776563,map,MoraiInfo,-3.440940761413575,-0.6865641910400395,0.0008675393462181102,0.0,0.0,0.0,1.0
1754723712918891202,0,1754723712918666839,map,MoraiInfo,-3.384321117248536,-0.6867124873962407,0.0006171905249357235,0.0,0.0,0.0,1.0
1754723712957139271,0,1754723712956865787,map,MoraiInfo,-3.3292569158935557,-0.686844571289063,0.0008322273194789898,0.0,0.0,0.0,1.0
1754723712979897320,0,1754723712979652881,map,MoraiInfo,-3.3292569158935557,-0.686844571289063,0.0008322273194789898,0.0,0.0,0.0,1.0
1754723712988846548,0,1754723712988621234,map,MoraiInfo,-3.2740334509277353,-0.6869675952758794,0.0010635883361101162,0.0,0.0,0.0,1.0
1754723713021372533,0,1754723713021142721,map,MoraiInfo,-3.220824146118165,-0.6870853740539555,0.0012496013939380657,0.0,0.0,0.0,1.0
1754723713043933489,0,1754723713043714523,map,MoraiInfo,-3.220824146118165,-0.6870853740539555,0.0012496013939380657,0.0,0.0,0.0,1.0
1754723713052133681,0,1754723713051941633,map,MoraiInfo,-3.172352695312501,-0.6871917087402348,0.0013834995031356823,0.0,0.0,0.0,1.0
1754723713087666409,0,1754723713087468147,map,MoraiInfo,-3.1243847845458994,-0.6872947055664067,0.0014748585224151622,0.0,0.0,0.0,1.0
1754723713106783818,0,1754723713106586933,map,MoraiInfo,-3.1243847845458994,-0.6872947055664067,0.0014748585224151622,0.0,0.0,0.0,1.0
1754723713122024403,0,1754723713121428489,map,MoraiInfo,-3.0765236853027353,-0.687396271881104,0.0015403901040554058,0.0,0.0,0.0,1.0
1754723713186353360,0,1754723713186101913,map,MoraiInfo,-3.030452632751466,-0.6874959308471684,0.0012225613743066799,0.0,0.0,0.0,1.0
1754723713191164123,0,1754723713190971374,map,MoraiInfo,-3.030452632751466,-0.6874959308471684,0.0012225613743066799,0.0,0.0,0.0,1.0
1754723713211552924,0,1754723713211276054,map,MoraiInfo,-2.980599307861329,-0.6876065570678715,0.0008414883911609661,0.0,0.0,0.0,1.0
1754723713222491998,0,1754723713222238540,map,MoraiInfo,-2.9227770803833018,-0.6877300578918462,0.0005750612169504177,0.0,0.0,0.0,1.0
1754723713251584395,0,1754723713251343250,map,MoraiInfo,-2.9227770803833018,-0.6877300578918462,0.0005750612169504177,0.0,0.0,0.0,1.0
1754723713278042815,0,1754723713277776241,map,MoraiInfo,-2.8712910650634775,-0.687835438903809,0.00043369948863983265,0.0,0.0,0.0,1.0
1754723713316132102,0,1754723713315926074,map,MoraiInfo,-2.8160237310791025,-0.6879417735900883,0.0005763371288776409,0.0,0.0,0.0,1.0
1754723713325890024,0,1754723713325673818,map,MoraiInfo,-2.8160237310791025,-0.6879417735900883,0.0005763371288776409,0.0,0.0,0.0,1.0
1754723713332479792,0,1754723713332261323,map,MoraiInfo,-2.753163242187501,-0.6880452472534184,0.0009397652745246898,0.0,0.0,0.0,1.0
1754723713353839151,0,1754723713353283643,map,MoraiInfo,-2.7049073217773447,-0.6881205875244145,0.0011565324664115917,0.0,0.0,0.0,1.0
1754723713374290695,0,1754723713373775959,map,MoraiInfo,-2.7049073217773447,-0.6881205875244145,0.0011565324664115917,0.0,0.0,0.0,1.0
1754723713414612336,0,1754723713414378643,map,MoraiInfo,-2.655762576904298,-0.6881940204467778,0.0013150212168693554,0.0,0.0,0.0,1.0
1754723713443582897,0,1754723713443368196,map,MoraiInfo,-2.6040181158447275,-0.6882684070434575,0.0013932113349437725,0.0,0.0,0.0,1.0
1754723713445610605,0,1754723713445360660,map,MoraiInfo,-2.6040181158447275,-0.6882684070434575,0.0013932113349437725,0.0,0.0,0.0,1.0
1754723713452892476,0,1754723713452631711,map,MoraiInfo,-2.552864932861329,-0.6883461315002446,0.0008670103549957286,0.0,0.0,0.0,1.0
1754723713488011518,0,1754723713487755775,map,MoraiInfo,-2.4952744482421885,-0.6884324390258794,0.0006345596909523021,0.0,0.0,0.0,1.0
1754723713511907482,0,1754723713511649370,map,MoraiInfo,-2.4952744482421885,-0.6884324390258794,0.0006345596909523021,0.0,0.0,0.0,1.0
1754723713521903832,0,1754723713521691322,map,MoraiInfo,-2.4386643408203135,-0.6885130245056157,0.00046623244881630055,0.0,0.0,0.0,1.0
1754723713552279427,0,1754723713552057027,map,MoraiInfo,-2.376841449584962,-0.6885926563110356,0.0003497239947319042,0.0,0.0,0.0,1.0
1754723713577508197,0,1754723713577276229,map,MoraiInfo,-2.376841449584962,-0.6885926563110356,0.0003497239947319042,0.0,0.0,0.0,1.0
1754723713589695782,0,1754723713589419364,map,MoraiInfo,-2.315510654296876,-0.6886622745361333,0.0006427460163831722,0.0,0.0,0.0,1.0
1754723713622155469,0,1754723713621908903,map,MoraiInfo,-2.2560891149902353,-0.6887161571350102,0.0009276729822158825,0.0,0.0,0.0,1.0
1754723713643099167,0,1754723713642867803,map,MoraiInfo,-2.2560891149902353,-0.6887161571350102,0.0009276729822158825,0.0,0.0,0.0,1.0
1754723713651337449,0,1754723713651147842,map,MoraiInfo,-2.197152042236329,-0.6887633640136723,0.0011696417629718792,0.0,0.0,0.0,1.0
1754723713709458981,0,1754723713709244966,map,MoraiInfo,-2.1420754431152353,-0.6888038951721196,0.0013264392316341411,0.0,0.0,0.0,1.0
1754723713711238916,0,1754723713711029291,map,MoraiInfo,-2.1420754431152353,-0.6888038951721196,0.0013264392316341411,0.0,0.0,0.0,1.0
1754723713720214054,0,1754723713719994544,map,MoraiInfo,-2.0768784521484385,-0.6888477641906743,0.0014505845308303844,0.0,0.0,0.0,1.0
1754723713753133189,0,1754723713752919197,map,MoraiInfo,-2.035073184814454,-0.6888749439086919,0.0015095819532871257,0.0,0.0,0.0,1.0
1754723713805467862,0,1754723713805171489,map,MoraiInfo,-2.035073184814454,-0.6888749439086919,0.0015095819532871257,0.0,0.0,0.0,1.0
1754723713808484685,0,1754723713808279275,map,MoraiInfo,-1.9835347174072275,-0.6889064151611333,0.0015639078617095958,0.0,0.0,0.0,1.0
1754723713832448845,0,1754723713832217454,map,MoraiInfo,-1.9347180364990244,-0.6888358432617192,0.001700640916824342,0.0,0.0,0.0,1.0
1754723713835707947,0,1754723713835521697,map,MoraiInfo,-1.9347180364990244,-0.6888358432617192,0.001700640916824342,0.0,0.0,0.0,1.0
1754723713853502728,0,1754723713853001356,map,MoraiInfo,-1.891060733642579,-0.6873261768188481,0.00181140497326851,0.0,0.0,0.0,1.0
1754723713889721038,0,1754723713889441013,map,MoraiInfo,-1.849343204345704,-0.6841046649780278,0.0018428203463554393,0.0,0.0,0.0,1.0
1754723713913403107,0,1754723713913117885,map,MoraiInfo,-1.849343204345704,-0.6841046649780278,0.0018428203463554393,0.0,0.0,0.0,1.0
1754723713921493425,0,1754723713921255588,map,MoraiInfo,-1.8099888800048838,-0.6797501880493169,0.0017676328122615825,0.0,0.0,0.0,1.0
1754723713951471973,0,1754723713951238632,map,MoraiInfo,-1.7710198400878916,-0.675658925231934,0.001750362366437913,0.0,0.0,0.0,1.0
1754723713984119753,0,1754723713983851194,map,MoraiInfo,-1.7710198400878916,-0.675658925231934,0.001750362366437913,0.0,0.0,0.0,1.0
1754723713988523593,0,1754723713988348484,map,MoraiInfo,-1.7350167272949228,-0.6716301280822758,0.0017344628274440776,0.0,0.0,0.0,1.0
1754723714021271094,0,1754723714021059751,map,MoraiInfo,-1.7012566564941416,-0.667681916412354,0.001713448464870454,0.0,0.0,0.0,1.0
1754723714048535741,0,1754723714048277139,map,MoraiInfo,-1.7012566564941416,-0.667681916412354,0.001713448464870454,0.0,0.0,0.0,1.0
1754723714074523913,0,1754723714074276685,map,MoraiInfo,-1.6681660650634775,-0.663714631256104,0.001686246395111085,0.0,0.0,0.0,1.0
1754723714111951451,0,1754723714111695051,map,MoraiInfo,-1.6358574865722666,-0.659881337341309,0.0013804373145103466,0.0,0.0,0.0,1.0
1754723714141380056,0,1754723714141132354,map,MoraiInfo,-1.6358574865722666,-0.659881337341309,0.0013804373145103466,0.0,0.0,0.0,1.0
1754723714175041016,0,1754723714174824476,map,MoraiInfo,-1.598713779296876,-0.6553180057373051,0.000871231108903886,0.0,0.0,0.0,1.0
1754723714177538128,0,1754723714177291154,map,MoraiInfo,-1.55917253479004,-0.6504313785400395,0.0005255148559808742,0.0,0.0,0.0,1.0
1754723714197704931,0,1754723714197466611,map,MoraiInfo,-1.55917253479004,-0.6504313785400395,0.0005255148559808742,0.0,0.0,0.0,1.0
1754723714208438695,0,1754723714208208084,map,MoraiInfo,-1.5167969702148447,-0.6451847392883305,0.0003182378411293041,0.0,0.0,0.0,1.0
1754723714253730612,0,1754723714253461599,map,MoraiInfo,-1.459633731689454,-0.6380245525207524,0.0001603730767965328,0.0,0.0,0.0,1.0
1754723714258278988,0,1754723714258046150,map,MoraiInfo,-1.459633731689454,-0.6380245525207524,0.0001603730767965328,0.0,0.0,0.0,1.0
1754723714293918312,0,1754723714293704748,map,MoraiInfo,-1.41598405822754,-0.6325580913391118,0.00010177239775657765,0.0,0.0,0.0,1.0
1754723714304652929,0,1754723714304415941,map,MoraiInfo,-1.3681801794433603,-0.6265218097534184,0.00035428747534752003,0.0,0.0,0.0,1.0
1754723714305752762,0,1754723714305487871,map,MoraiInfo,-1.3681801794433603,-0.6265218097534184,0.00035428747534752003,0.0,0.0,0.0,1.0
1754723714358467982,0,1754723714358196020,map,MoraiInfo,-1.317036533203126,-0.620081647094727,0.000759233981370927,0.0,0.0,0.0,1.0
1754723714363902824,0,1754723714363185167,map,MoraiInfo,-1.269612216796876,-0.6141078311767583,0.0010297422111034404,0.0,0.0,0.0,1.0
1754723714387146957,0,1754723714386907815,map,MoraiInfo,-1.269612216796876,-0.6141078311767583,0.0010297422111034404,0.0,0.0,0.0,1.0
1754723714416601602,0,1754723714416365861,map,MoraiInfo,-1.2233742712402353,-0.6082823116149907,0.0012216635793447506,0.0,0.0,0.0,1.0
1754723714444265621,0,1754723714444007873,map,MoraiInfo,-1.1780632971191416,-0.6024253208007817,0.0014712226390838634,0.0,0.0,0.0,1.0
1754723714446171834,0,1754723714445952177,map,MoraiInfo,-1.1780632971191416,-0.6024253208007817,0.0014712226390838634,0.0,0.0,0.0,1.0
1754723714458223155,0,1754723714458009243,map,MoraiInfo,-1.1379250524902353,-0.5957972843017583,0.0016325724124908458,0.0,0.0,0.0,1.0
1754723714488496239,0,1754723714488241910,map,MoraiInfo,-1.0969876287841807,-0.5872547466125493,0.0017085385322570812,0.0,0.0,0.0,1.0
1754723714507368479,0,1754723714507129430,map,MoraiInfo,-1.0969876287841807,-0.5872547466125493,0.0017085385322570812,0.0,0.0,0.0,1.0
1754723714521552640,0,1754723714521308898,map,MoraiInfo,-1.0644368170166025,-0.5795032817687993,0.00166581690311432,0.0,0.0,0.0,1.0
1754723714584477817,0,1754723714584237098,map,MoraiInfo,-1.0307053564453135,-0.5717952091064458,0.0016641591489315044,0.0,0.0,0.0,1.0
1754723714586726051,0,1754723714586402893,map,MoraiInfo,-1.0307053564453135,-0.5717952091064458,0.0016641591489315044,0.0,0.0,0.0,1.0
1754723714590021728,0,1754723714589820623,map,MoraiInfo,-0.9986905096435557,-0.5642726260986333,0.0016613130271434795,0.0,0.0,0.0,1.0
1754723714625608227,0,1754723714625118255,map,MoraiInfo,-0.9652680395507822,-0.55626462286377,0.0016441617906093609,0.0,0.0,0.0,1.0
1754723714645284025,0,1754723714644772291,map,MoraiInfo,-0.9652680395507822,-0.55626462286377,0.0016441617906093609,0.0,0.0,0.0,1.0
1754723714672570816,0,1754723714672291994,map,MoraiInfo,-0.9364422796630869,-0.5492603618469243,0.0016258370876312267,0.0,0.0,0.0,1.0
1754723714716634651,0,1754723714716397762,map,MoraiInfo,-0.9094952581787119,-0.5426909763183598,0.0015999463200569164,0.0,0.0,0.0,1.0
1754723714718767044,0,1754723714718519210,map,MoraiInfo,-0.9094952581787119,-0.5426909763183598,0.0015999463200569164,0.0,0.0,0.0,1.0
1754723714747010994,0,1754723714746734380,map,MoraiInfo,-0.8775052069091807,-0.5345508891906743,0.0016506139934062969,0.0,0.0,0.0,1.0
1754723714753449045,0,1754723714753247499,map,MoraiInfo,-0.8587121008300791,-0.5290281612243657,0.001633436679840089,0.0,0.0,0.0,1.0
1754723714785214211,0,1754723714784975290,map,MoraiInfo,-0.8587121008300791,-0.5290281612243657,0.001633436679840089,0.0,0.0,0.0,1.0
1754723714805995803,0,1754723714805758476,map,MoraiInfo,-0.8368195532226572,-0.5219819385375981,0.0016058099269866954,0.0,0.0,0.0,1.0
1754723714826199855,0,1754723714825889110,map,MoraiInfo,-0.8157414434814463,-0.5148465473022465,0.0015285474061965953,0.0,0.0,0.0,1.0
1754723714828974847,0,1754723714828765153,map,MoraiInfo,-0.8157414434814463,-0.5148465473022465,0.0015285474061965953,0.0,0.0,0.0,1.0
1754723714855145064,0,1754723714854913234,map,MoraiInfo,-0.7942475317382822,-0.5079514819946294,0.001483381986618043,0.0,0.0,0.0,1.0
1754723714886392312,0,1754723714886164665,map,MoraiInfo,-0.7748288153076182,-0.5016939479675298,0.0014515456557273876,0.0,0.0,0.0,1.0
1754723714908501919,0,1754723714908276319,map,MoraiInfo,-0.7748288153076182,-0.5016939479675298,0.0014515456557273876,0.0,0.0,0.0,1.0
1754723714921452702,0,1754723714921219587,map,MoraiInfo,-0.75649919494629,-0.4957363445129399,0.0014209759235382091,0.0,0.0,0.0,1.0
1754723714979112111,0,1754723714978809833,map,MoraiInfo,-0.7384804724121103,-0.4898264247741704,0.0014363762736320507,0.0,0.0,0.0,1.0
1754723714990575991,0,1754723714990218639,map,MoraiInfo,-0.7384804724121103,-0.4898264247741704,0.0014363762736320507,0.0,0.0,0.0,1.0
1754723715024131562,0,1754723715023915529,map,MoraiInfo,-0.7171753881835947,-0.48188803976440475,0.0014135402441024791,0.0,0.0,0.0,1.0
1754723715037124055,0,1754723715036880970,map,MoraiInfo,-0.7067803381347666,-0.4777948695983891,0.0013947983086109172,0.0,0.0,0.0,1.0
1754723715071585929,0,1754723715071346759,map,MoraiInfo,-0.6927632330322275,-0.47204325979614303,0.0013682667911052715,0.0,0.0,0.0,1.0
1754723715099396886,0,1754723715099187850,map,MoraiInfo,-0.6927632330322275,-0.47204325979614303,0.0013682667911052715,0.0,0.0,0.0,1.0
1754723715101612475,0,1754723715101392745,map,MoraiInfo,-0.6785248754882822,-0.46589825933837936,0.0013401743769645702,0.0,0.0,0.0,1.0
1754723715123609130,0,1754723715123205661,map,MoraiInfo,-0.664387607421876,-0.4595391589965825,0.001313825398683549,0.0,0.0,0.0,1.0
1754723715170258790,0,1754723715170041322,map,MoraiInfo,-0.664387607421876,-0.4595391589965825,0.001313825398683549,0.0,0.0,0.0,1.0
1754723715170383285,0,1754723715170213937,map,MoraiInfo,-0.6519345281982432,-0.45370744055175827,0.0012920995056629192,0.0,0.0,0.0,1.0
1754723715217519010,0,1754723715217059612,map,MoraiInfo,-0.6402291296386728,-0.44802878683471725,0.0012547273933887493,0.0,0.0,0.0,1.0
1754723715217535521,0,1754723715217237949,map,MoraiInfo,-0.6402291296386728,-0.44802878683471725,0.0012547273933887493,0.0,0.0,0.0,1.0
1754723715223642386,0,1754723715223432540,map,MoraiInfo,-0.6283883093261728,-0.44251941030883835,0.001244330108165742,0.0,0.0,0.0,1.0
1754723715254754965,0,1754723715254444360,map,MoraiInfo,-0.6157292364501963,-0.43671963995361374,0.0012233995646238338,0.0,0.0,0.0,1.0
1754723715284422201,0,1754723715284220695,map,MoraiInfo,-0.6157292364501963,-0.43671963995361374,0.0012233995646238338,0.0,0.0,0.0,1.0
1754723715286820687,0,1754723715286577701,map,MoraiInfo,-0.6052102087402353,-0.4318954784240727,0.0012073323875665676,0.0,0.0,0.0,1.0
1754723715322214138,0,1754723715321980237,map,MoraiInfo,-0.5918759344482432,-0.42575238531494186,0.000652035027742387,0.0,0.0,0.0,1.0
1754723715349328446,0,1754723715349043369,map,MoraiInfo,-0.5918759344482432,-0.42575238531494186,0.000652035027742387,0.0,0.0,0.0,1.0
1754723715354403918,0,1754723715354197978,map,MoraiInfo,-0.5738400457763682,-0.41742251699829147,0.0003528551012277614,0.0,0.0,0.0,1.0
1754723715386194002,0,1754723715385957002,map,MoraiInfo,-0.55172624572754,-0.4071900684204106,0.00010531887412071339,0.0,0.0,0.0,1.0
1754723715413998870,0,1754723715413734674,map,MoraiInfo,-0.55172624572754,-0.4071900684204106,0.00010531887412071339,0.0,0.0,0.0,1.0
1754723715420945391,0,1754723715420716524,map,MoraiInfo,-0.5252617834472666,-0.39492772406005905,-4.77737933397282e-05,0.0,0.0,0.0,1.0
1754723715455114750,0,1754723715454885482,map,MoraiInfo,-0.49794473632812597,-0.3822543460693364,5.0829052925110974e-05,0.0,0.0,0.0,1.0
1754723715473348690,0,1754723715473137140,map,MoraiInfo,-0.49794473632812597,-0.3822543460693364,5.0829052925110974e-05,0.0,0.0,0.0,1.0
1754723715485931104,0,1754723715485666275,map,MoraiInfo,-0.47012224182129003,-0.369318707641602,0.0005156409740448009,0.0,0.0,0.0,1.0
1754723715520000762,0,1754723715519748210,map,MoraiInfo,-0.44380083068847753,-0.35708306616210983,0.0008085456490516674,0.0,0.0,0.0,1.0
1754723715549413998,0,1754723715549180746,map,MoraiInfo,-0.44380083068847753,-0.35708306616210983,0.0008085456490516674,0.0,0.0,0.0,1.0
1754723715556650893,0,1754723715556406974,map,MoraiInfo,-0.41812219604492284,-0.34509442633056686,0.0010915019363164913,0.0,0.0,0.0,1.0
1754723715585087022,0,1754723715584863662,map,MoraiInfo,-0.3961571691894541,-0.33376859014892624,0.0012422309070825588,0.0,0.0,0.0,1.0
1754723715600586694,0,1754723715600397825,map,MoraiInfo,-0.3961571691894541,-0.33376859014892624,0.0012422309070825588,0.0,0.0,0.0,1.0
1754723715620179247,0,1754723715619952917,map,MoraiInfo,-0.37497034057617284,-0.3221776325073247,0.0013312634825706493,0.0,0.0,0.0,1.0
1754723715653164058,0,1754723715652913331,map,MoraiInfo,-0.3547772406005869,-0.3105809528198247,0.0013313789665699016,0.0,0.0,0.0,1.0
1754723715675776648,0,1754723715675573587,map,MoraiInfo,-0.3547772406005869,-0.3105809528198247,0.0013313789665699016,0.0,0.0,0.0,1.0
1754723715685145278,0,1754723715684926271,map,MoraiInfo,-0.3359135626220713,-0.30015633886718796,0.0013545875251293193,0.0,0.0,0.0,1.0
1754723715742995458,0,1754723715742753267,map,MoraiInfo,-0.3177575109863291,-0.2900945979919438,0.001362295150756837,0.0,0.0,0.0,1.0
1754723715745305655,0,1754723715745085477,map,MoraiInfo,-0.3177575109863291,-0.2900945979919438,0.001362295150756837,0.0,0.0,0.0,1.0
1754723715755463923,0,1754723715755265712,map,MoraiInfo,-0.2974194525146494,-0.2785866100158696,0.0014068235456943523,0.0,0.0,0.0,1.0
1754723715785509666,0,1754723715785259485,map,MoraiInfo,-0.2842072485351572,-0.2704737026062016,0.001406894326210023,0.0,0.0,0.0,1.0
1754723715809094621,0,1754723715808866739,map,MoraiInfo,-0.2842072485351572,-0.2704737026062016,0.001406894326210023,0.0,0.0,0.0,1.0
1754723715821128205,0,1754723715820944070,map,MoraiInfo,-0.2690667150878916,-0.26079009359741256,0.0013904471695423137,0.0,0.0,0.0,1.0
1754723715857337609,0,1754723715856899261,map,MoraiInfo,-0.2558831213378916,-0.25204156225585983,0.0013708446919918071,0.0,0.0,0.0,1.0
1754723715893479401,0,1754723715893272876,map,MoraiInfo,-0.2558831213378916,-0.25204156225585983,0.0013708446919918071,0.0,0.0,0.0,1.0
1754723715919142530,0,1754723715918915033,map,MoraiInfo,-0.24262704833984472,-0.24287389105224655,0.0013488207757473003,0.0,0.0,0.0,1.0
1754723715924138787,0,1754723715923943996,map,MoraiInfo,-0.22982873901367284,-0.23369859045410202,0.0013265696167945873,0.0,0.0,0.0,1.0
1754723715947415308,0,1754723715947142601,map,MoraiInfo,-0.22982873901367284,-0.23369859045410202,0.0013265696167945873,0.0,0.0,0.0,1.0
1754723715953627767,0,1754723715953414201,map,MoraiInfo,-0.21727266296386816,-0.2243897754516606,0.0013047505915164959,0.0,0.0,0.0,1.0
1754723715986348995,0,1754723715986134529,map,MoraiInfo,-0.20703592285156347,-0.2165601093139653,0.0012875472009181987,0.0,0.0,0.0,1.0
1754723716015446726,0,1754723716015214681,map,MoraiInfo,-0.20703592285156347,-0.2165601093139653,0.0012875472009181987,0.0,0.0,0.0,1.0
1754723716041632807,0,1754723716041350126,map,MoraiInfo,-0.19603624328613378,-0.2078945476379399,0.00127049282193184,0.0,0.0,0.0,1.0
1754723716056584953,0,1754723716056239604,map,MoraiInfo,-0.18519678100586034,-0.19908402746582077,0.00125421702861786,0.0,0.0,0.0,1.0
1754723716079545388,0,1754723716079297780,map,MoraiInfo,-0.18519678100586034,-0.19908402746582077,0.00125421702861786,0.0,0.0,0.0,1.0
1754723716093048239,0,1754723716092800855,map,MoraiInfo,-0.17652597412109472,-0.19183371847534225,0.0012414076179265987,0.0,0.0,0.0,1.0
1754723716138422428,0,1754723716138219118,map,MoraiInfo,-0.1670922277832041,-0.18371604269409225,0.0012274619936943065,0.0,0.0,0.0,1.0
1754723716139108414,0,1754723716138875246,map,MoraiInfo,-0.1670922277832041,-0.18371604269409225,0.0012274619936943065,0.0,0.0,0.0,1.0
1754723716159914995,0,1754723716159324884,map,MoraiInfo,-0.1583336828613291,-0.17598269766235397,0.0012149375677108776,0.0,0.0,0.0,1.0
1754723716220607564,0,1754723716220341444,map,MoraiInfo,-0.14992036804199316,-0.16836856192016647,0.0012038175761699688,0.0,0.0,0.0,1.0
1754723716233227914,0,1754723716232975244,map,MoraiInfo,-0.14992036804199316,-0.16836856192016647,0.0012038175761699688,0.0,0.0,0.0,1.0
1754723716258513132,0,1754723716258283615,map,MoraiInfo,-0.14150133117675878,-0.16055463140869186,0.0011931781470775615,0.0,0.0,0.0,1.0
1754723716281794884,0,1754723716281565666,map,MoraiInfo,-0.13258829101562597,-0.1520621616210942,0.0011824437230825435,0.0,0.0,0.0,1.0
1754723716295675963,0,1754723716295442104,map,MoraiInfo,-0.13258829101562597,-0.1520621616210942,0.0011824437230825435,0.0,0.0,0.0,1.0
1754723716322874403,0,1754723716322657108,map,MoraiInfo,-0.12621202453613378,-0.14585517233276413,0.001175389885902406,0.0,0.0,0.0,1.0
1754723716341332561,0,1754723716341102361,map,MoraiInfo,-0.1194085119628916,-0.13907121008300827,0.0011671756207942974,0.0,0.0,0.0,1.0
1754723716368127086,0,1754723716367833137,map,MoraiInfo,-0.1194085119628916,-0.13907121008300827,0.0011671756207942974,0.0,0.0,0.0,1.0
1754723716376821262,0,1754723716376599550,map,MoraiInfo,-0.11163988098144628,-0.13121293371582077,0.0009649258852005016,0.0,0.0,0.0,1.0
1754723716413378967,0,1754723716413093566,map,MoraiInfo,-0.10238924011230566,-0.12189172094726608,0.0005795036256313335,0.0,0.0,0.0,1.0
1754723716415470968,0,1754723716415245056,map,MoraiInfo,-0.10238924011230566,-0.12189172094726608,0.0005795036256313335,0.0,0.0,0.0,1.0
1754723716423488138,0,1754723716423286676,map,MoraiInfo,-0.0898674963378916,-0.10891221350097702,0.0002676558494567882,0.0,0.0,0.0,1.0
1754723716456448754,0,1754723716456236600,map,MoraiInfo,-0.0734337805175791,-0.09098552053833053,4.7677457332612194e-05,0.0,0.0,0.0,1.0
1754723716481794954,0,1754723716481562137,map,MoraiInfo,-0.0734337805175791,-0.09098552053833053,4.7677457332612194e-05,0.0,0.0,0.0,1.0
1754723716486814441,0,1754723716486606597,map,MoraiInfo,-0.05676927551269628,-0.07165311163330124,5.04695624113094e-05,0.0,0.0,0.0,1.0
1754723716525855079,0,1754723716525432825,map,MoraiInfo,-0.040017032470704095,-0.05142472570800827,0.00043975122272968403,0.0,0.0,0.0,1.0
1754723716559883619,0,1754723716559649229,map,MoraiInfo,-0.040017032470704095,-0.05142472570800827,0.00043975122272968403,0.0,0.0,0.0,1.0
1754723716562947884,0,1754723716562749385,map,MoraiInfo,-0.022789859619141595,-0.030675633605957486,0.0007407397776842128,0.0,0.0,0.0,1.0
1754723716586397400,0,1754723716586149930,map,MoraiInfo,-0.007830524291993157,-0.012588723358154752,0.0009395883232355129,0.0,0.0,0.0,1.0
1754723716606066288,0,1754723716605815649,map,MoraiInfo,-0.007830524291993157,-0.012588723358154752,0.0009395883232355129,0.0,0.0,0.0,1.0
1754723716626853926,0,1754723716626357316,map,MoraiInfo,0.006356334838866218,0.004621760192870639,0.0010787037014961254,0.0,0.0,0.0,1.0
1754723716661645978,0,1754723716661375761,map,MoraiInfo,0.020705318603514655,0.02224756890869095,0.001231997534632684,0.0,0.0,0.0,1.0
1754723716682592265,0,1754723716682350635,map,MoraiInfo,0.020705318603514655,0.02224756890869095,0.001231997534632684,0.0,0.0,0.0,1.0
1754723716689431707,0,1754723716689208984,map,MoraiInfo,0.03477582946777247,0.04099775964355423,0.0013073694705963146,0.0,0.0,0.0,1.0
1754723716759458489,0,1754723716759223699,map,MoraiInfo,0.04438314453124903,0.05440642053222611,0.0013028506934642803,0.0,0.0,0.0,1.0
1754723716762849644,0,1754723716762668371,map,MoraiInfo,0.04438314453124903,0.05440642053222611,0.0013028506934642803,0.0,0.0,0.0,1.0
1754723716789071780,0,1754723716788848876,map,MoraiInfo,0.05685720458984278,0.07131411248779251,0.0013098765909671795,0.0,0.0,0.0,1.0
1754723716794656130,0,1754723716794458627,map,MoraiInfo,0.06764135375976466,0.08578230554199173,0.0013066244125366222,0.0,0.0,0.0,1.0
1754723716794810694,0,1754723716794643402,map,MoraiInfo,0.06764135375976466,0.08578230554199173,0.0013066244125366222,0.0,0.0,0.0,1.0
1754723716824797763,0,1754723716824373006,map,MoraiInfo,0.07658300415038966,0.09779526406860306,0.001297154724597932,0.0,0.0,0.0,1.0
1754723716880160784,0,1754723716879809141,map,MoraiInfo,0.08687315002441309,0.11164309197998001,0.0010940016061067592,0.0,0.0,0.0,1.0
1754723716880191712,0,1754723716879932641,map,MoraiInfo,0.08687315002441309,0.11164309197998001,0.0010940016061067592,0.0,0.0,0.0,1.0
1754723716908804614,0,1754723716908569812,map,MoraiInfo,0.09970579162597559,0.1289732616577144,0.0006343156844377529,0.0,0.0,0.0,1.0
1754723716922358160,0,1754723716922115564,map,MoraiInfo,0.11663160339355372,0.151862875762939,0.0002653741091489803,0.0,0.0,0.0,1.0
1754723716942042241,0,1754723716941845417,map,MoraiInfo,0.11663160339355372,0.151862875762939,0.0002653741091489803,0.0,0.0,0.0,1.0
1754723716955658859,0,1754723716955426454,map,MoraiInfo,0.13267622009277247,0.1735756557617183,8.842468261718861e-05,0.0,0.0,0.0,1.0
1754723716988360507,0,1754723716988134384,map,MoraiInfo,0.15232191101074122,0.20019985848998978,-4.859521985053905e-05,0.0,0.0,0.0,1.0
1754723717012235678,0,1754723717011932373,map,MoraiInfo,0.15232191101074122,0.20019985848998978,-4.859521985053905e-05,0.0,0.0,0.0,1.0
1754723717023432569,0,1754723717023192644,map,MoraiInfo,0.17541799560546778,0.23153521234130814,-0.0001300971210002888,0.0,0.0,0.0,1.0
1754723717063927289,0,1754723717063731670,map,MoraiInfo,0.2018347741699209,0.26739813500976517,-0.0001715894043445576,0.0,0.0,0.0,1.0
1754723717076021283,0,1754723717075826883,map,MoraiInfo,0.2018347741699209,0.26739813500976517,-0.0001715894043445576,0.0,0.0,0.0,1.0
1754723717092928420,0,1754723717092386722,map,MoraiInfo,0.2268134118652334,0.30132939035034134,-0.00017278149724006542,0.0,0.0,0.0,1.0
1754723717145987000,0,1754723717145699262,map,MoraiInfo,0.2545519830322256,0.339029566589355,0.00013415075838565937,0.0,0.0,0.0,1.0
1754723717148940222,0,1754723717148702144,map,MoraiInfo,0.2545519830322256,0.339029566589355,0.00013415075838565937,0.0,0.0,0.0,1.0
1754723717158326591,0,1754723717158095598,map,MoraiInfo,0.28141317382812403,0.3755572002563472,0.000616154894232751,0.0,0.0,0.0,1.0
1754723717194151306,0,1754723717193688154,map,MoraiInfo,0.30720624938964747,0.41072251016235306,0.0010365241020917904,0.0,0.0,0.0,1.0
1754723717224049290,0,1754723717223818540,map,MoraiInfo,0.30720624938964747,0.41072251016235306,0.0010365241020917904,0.0,0.0,0.0,1.0
1754723717245869431,0,1754723717245607614,map,MoraiInfo,0.33041105285644434,0.4448664348754878,0.0013280411064624797,0.0,0.0,0.0,1.0
1754723717258528165,0,1754723717258324146,map,MoraiInfo,0.3521338464355459,0.4798381488952632,0.0014932167530059826,0.0,0.0,0.0,1.0
1754723717281962191,0,1754723717281715154,map,MoraiInfo,0.3521338464355459,0.4798381488952632,0.0014932167530059826,0.0,0.0,0.0,1.0
1754723717292134871,0,1754723717291925907,map,MoraiInfo,0.3678065301513662,0.5070574443969722,0.0015715372562408458,0.0,0.0,0.0,1.0
1754723717323341496,0,1754723717323077678,map,MoraiInfo,0.3838702203369131,0.5373170536193843,0.0016244140267372142,0.0,0.0,0.0,1.0
1754723717344426032,0,1754723717344231605,map,MoraiInfo,0.3838702203369131,0.5373170536193843,0.0016244140267372142,0.0,0.0,0.0,1.0
1754723717357714436,0,1754723717357462644,map,MoraiInfo,0.39728841796874903,0.5649287861022945,0.001648993492126466,0.0,0.0,0.0,1.0
1754723717413246086,0,1754723717413046836,map,MoraiInfo,0.4095526696777334,0.5923440616760249,0.0016559039056301128,0.0,0.0,0.0,1.0
1754723717420234261,0,1754723717419994592,map,MoraiInfo,0.4095526696777334,0.5923440616760249,0.0016559039056301128,0.0,0.0,0.0,1.0
1754723717422876956,0,1754723717422626018,map,MoraiInfo,0.42028722778320216,0.6186335247192378,0.0016483937203884136,0.0,0.0,0.0,1.0
1754723717457443239,0,1754723717457179307,map,MoraiInfo,0.4298316003417959,0.644292132202148,0.0016309630870819103,0.0,0.0,0.0,1.0
1754723717479697406,0,1754723717479523897,map,MoraiInfo,0.4298316003417959,0.644292132202148,0.0016309630870819103,0.0,0.0,0.0,1.0
1754723717512551006,0,1754723717512321949,map,MoraiInfo,0.4382105828857412,0.6690156620178218,0.0016073074936866771,0.0,0.0,0.0,1.0
1754723717524678933,0,1754723717524289369,map,MoraiInfo,0.4452277185058584,0.6918051403198238,0.001580951064825059,0.0,0.0,0.0,1.0
1754723717554189404,0,1754723717553924083,map,MoraiInfo,0.4452277185058584,0.6918051403198238,0.001580951064825059,0.0,0.0,0.0,1.0
1754723717558615464,0,1754723717558384180,map,MoraiInfo,0.4513731958007803,0.7139389675292964,0.0015519683063030254,0.0,0.0,0.0,1.0
1754723717599433545,0,1754723717599228143,map,MoraiInfo,0.45675191894531153,0.7352926891479488,0.0015218642354011547,0.0,0.0,0.0,1.0
1754723717599604442,0,1754723717599404573,map,MoraiInfo,0.45675191894531153,0.7352926891479488,0.0015218642354011547,0.0,0.0,0.0,1.0
1754723717624805838,0,1754723717624343872,map,MoraiInfo,0.46133527770995997,0.755495802703857,0.0014919017255306255,0.0,0.0,0.0,1.0
1754723717670687758,0,1754723717670465230,map,MoraiInfo,0.4653235437011709,0.7752392452392574,0.0014620435237884533,0.0,0.0,0.0,1.0
1754723717691008613,0,1754723717690741539,map,MoraiInfo,0.4653235437011709,0.7752392452392574,0.0014620435237884533,0.0,0.0,0.0,1.0
1754723717694497809,0,1754723717694300889,map,MoraiInfo,0.46876058593749903,0.7943754356536861,0.0014330533146858226,0.0,0.0,0.0,1.0
1754723717723840758,0,1754723717723611831,map,MoraiInfo,0.4714556695556631,0.8112878959808345,0.0014075499773025524,0.0,0.0,0.0,1.0
1754723717751162586,0,1754723717750916242,map,MoraiInfo,0.4714556695556631,0.8112878959808345,0.0014075499773025524,0.0,0.0,0.0,1.0
1754723717778903409,0,1754723717778701543,map,MoraiInfo,0.47389326110839747,0.8289725940856929,0.0013813090324401867,0.0,0.0,0.0,1.0
1754723717793388405,0,1754723717792893409,map,MoraiInfo,0.47593221679687403,0.8461618583831783,0.0013563644886016857,0.0,0.0,0.0,1.0
1754723717799232798,0,1754723717798757314,map,MoraiInfo,0.47593221679687403,0.8461618583831783,0.0013563644886016857,0.0,0.0,0.0,1.0
1754723717871523073,0,1754723717871008396,map,MoraiInfo,0.4774714471435537,0.8615107696685786,0.0013347168266773235,0.0,0.0,0.0,1.0
1754723717895450907,0,1754723717894902467,map,MoraiInfo,0.47880659118652247,0.8776312034759517,0.0013128829002380382,0.0,0.0,0.0,1.0
1754723717923410204,0,1754723717923164844,map,MoraiInfo,0.47880659118652247,0.8776312034759517,0.0013128829002380382,0.0,0.0,0.0,1.0
1754723717923523429,0,1754723717923371553,map,MoraiInfo,0.4796362878417959,0.8901705902252193,0.001296622008085252,0.0,0.0,0.0,1.0
1754723717962002028,0,1754723717961798429,map,MoraiInfo,0.4803820611572256,0.9041159313354488,0.0012505364418029796,0.0,0.0,0.0,1.0
1754723717967792983,0,1754723717967570543,map,MoraiInfo,0.4803820611572256,0.9041159313354488,0.0012505364418029796,0.0,0.0,0.0,1.0
1754723717973119523,0,1754723717972897529,map,MoraiInfo,0.4814215661621084,0.9178054493103023,0.001241934746503831,0.0,0.0,0.0,1.0
1754723717995802452,0,1754723717995561122,map,MoraiInfo,0.48241720214843653,0.9308219116363521,0.0012294941395521175,0.0,0.0,0.0,1.0
1754723718017137369,0,1754723718016940116,map,MoraiInfo,0.48241720214843653,0.9308219116363521,0.0012294941395521175,0.0,0.0,0.0,1.0
1754723718026216086,0,1754723718025974273,map,MoraiInfo,0.48338422790527247,0.9436230819854732,0.0012154665589332592,0.0,0.0,0.0,1.0
1754723718057961456,0,1754723718057770729,map,MoraiInfo,0.48426351562499903,0.9554038208160396,0.0012017574906349193,0.0,0.0,0.0,1.0
1754723718082294625,0,1754723718082064151,map,MoraiInfo,0.48426351562499903,0.9554038208160396,0.0012017574906349193,0.0,0.0,0.0,1.0
1754723718097850437,0,1754723718097407817,map,MoraiInfo,0.4851294519042959,0.9671819370422359,0.0011898626387119304,0.0,0.0,0.0,1.0
1754723718135929707,0,1754723718135710716,map,MoraiInfo,0.48600873962402247,0.9793427150878902,0.001179100275039674,0.0,0.0,0.0,1.0
1754723718155310986,0,1754723718155069112,map,MoraiInfo,0.48600873962402247,0.9793427150878902,0.001179100275039674,0.0,0.0,0.0,1.0
1754723718159809047,0,1754723718159575700,map,MoraiInfo,0.48687276855468653,0.9913609188232417,0.001195407733321191,0.0,0.0,0.0,1.0
1754723718213840149,0,1754723718213598251,map,MoraiInfo,0.4878455163574209,1.000779883209228,0.0012006324529647838,0.0,0.0,0.0,1.0
1754723718219596100,0,1754723718219355821,map,MoraiInfo,0.4878455163574209,1.000779883209228,0.0012006324529647838,0.0,0.0,0.0,1.0
1754723718228354518,0,1754723718228135108,map,MoraiInfo,0.4890814782714834,1.0112698238525386,0.0011934668570756923,0.0,0.0,0.0,1.0
1754723718259872948,0,1754723718259653568,map,MoraiInfo,0.49034223571777247,1.0208680790100093,0.0011650689691305172,0.0,0.0,0.0,1.0
1754723718262199950,0,1754723718262020111,map,MoraiInfo,0.49034223571777247,1.0208680790100093,0.0011650689691305172,0.0,0.0,0.0,1.0
1754723718307645055,0,1754723718307173490,map,MoraiInfo,0.49141988769531153,1.0308993023071285,0.0011540197581052791,0.0,0.0,0.0,1.0
1754723718362406029,0,1754723718362133741,map,MoraiInfo,0.4923182489013662,1.0396511715087886,0.001142711639404298,0.0,0.0,0.0,1.0
1754723718373803700,0,1754723718373547792,map,MoraiInfo,0.4923182489013662,1.0396511715087886,0.001142711639404298,0.0,0.0,0.0,1.0
1754723718375817677,0,1754723718375545024,map,MoraiInfo,0.49319562927245997,1.0484068554077144,0.0011336889863014232,0.0,0.0,0.0,1.0
1754723718416103285,0,1754723718415862798,map,MoraiInfo,0.49407682434081934,1.0571911495361324,0.0011273708939552318,0.0,0.0,0.0,1.0
1754723718418547376,0,1754723718418341636,map,MoraiInfo,0.49407682434081934,1.0571911495361324,0.0011273708939552318,0.0,0.0,0.0,1.0
1754723718439429919,0,1754723718439225673,map,MoraiInfo,0.49497900024413966,1.0660698574218745,0.0011217606067657482,0.0,0.0,0.0,1.0
1754723718462004549,0,1754723718461780309,map,MoraiInfo,0.4960814477539053,1.0769269626770015,0.00100329451262951,0.0,0.0,0.0,1.0
1754723718485324150,0,1754723718485132455,map,MoraiInfo,0.4960814477539053,1.0769269626770015,0.00100329451262951,0.0,0.0,0.0,1.0
1754723718534884617,0,1754723718534657001,map,MoraiInfo,0.4970274926757803,1.0863020580444331,0.0005635370314121257,0.0,0.0,0.0,1.0
1754723718574199077,0,1754723718573957443,map,MoraiInfo,0.49868879333495997,1.1025307338867183,0.00027542680501937977,0.0,0.0,0.0,1.0
1754723718586078169,0,1754723718585845947,map,MoraiInfo,0.49868879333495997,1.1025307338867183,0.00027542680501937977,0.0,0.0,0.0,1.0
1754723718590888393,0,1754723718590665102,map,MoraiInfo,0.5008402825927725,1.1231630008850093,4.114329814911e-05,0.0,0.0,0.0,1.0
1754723718614550543,0,1754723718614343643,map,MoraiInfo,0.5035696984863272,1.1493289631042476,-0.0001138809323310841,0.0,0.0,0.0,1.0
1754723718616491521,0,1754723718615934133,map,MoraiInfo,0.5035696984863272,1.1493289631042476,-0.0001138809323310841,0.0,0.0,0.0,1.0
1754723718640595152,0,1754723718640399694,map,MoraiInfo,0.5065260888671865,1.1777658622894283,-0.0002071007341146458,0.0,0.0,0.0,1.0
1754723718675581568,0,1754723718675368309,map,MoraiInfo,0.510010814819335,1.2113912265930171,-0.00026143036782741436,0.0,0.0,0.0,1.0
1754723718687524775,0,1754723718687308549,map,MoraiInfo,0.510010814819335,1.2113912265930171,-0.00026143036782741436,0.0,0.0,0.0,1.0
1754723718692205747,0,1754723718691981792,map,MoraiInfo,0.513651943359374,1.2466356914672847,-0.00028234601020812877,0.0,0.0,0.0,1.0
1754723718729059703,0,1754723718728607892,map,MoraiInfo,0.5183268548583975,1.2919609707031245,-0.00026187554001808055,0.0,0.0,0.0,1.0
1754723718758470006,0,1754723718757954359,map,MoraiInfo,0.5183268548583975,1.2919609707031245,-0.00026187554001808055,0.0,0.0,0.0,1.0
1754723718803799620,0,1754723718803530931,map,MoraiInfo,0.5225249291992178,1.3327856224212642,1.168370246887318e-05,0.0,0.0,0.0,1.0
1754723718837398421,0,1754723718837196826,map,MoraiInfo,0.5273123742675772,1.3794727485809322,0.0005722504854202282,0.0,0.0,0.0,1.0
1754723718864123100,0,1754723718863877534,map,MoraiInfo,0.5273123742675772,1.3794727485809322,0.0005722504854202282,0.0,0.0,0.0,1.0
1754723718869620410,0,1754723718869410514,map,MoraiInfo,0.5309191705322256,1.4146845501098628,0.0008910366147756588,0.0,0.0,0.0,1.0
1754723718895353553,0,1754723718894896030,map,MoraiInfo,0.5347720147705068,1.4523008030090327,0.0011135910451412212,0.0,0.0,0.0,1.0
1754723718895370019,0,1754723718895084142,map,MoraiInfo,0.5347720147705068,1.4523008030090327,0.0011135910451412212,0.0,0.0,0.0,1.0
1754723718917013921,0,1754723718916772842,map,MoraiInfo,0.5387488366699209,1.4911515873107906,0.001278613954782487,0.0,0.0,0.0,1.0
1754723718956868620,0,1754723718956633090,map,MoraiInfo,0.541810131225585,1.5220010440979,0.0014562320709228527,0.0,0.0,0.0,1.0
1754723718967053119,0,1754723718966863155,map,MoraiInfo,0.541810131225585,1.5220010440979,0.0014562320709228527,0.0,0.0,0.0,1.0
1754723718991078445,0,1754723718990840673,map,MoraiInfo,0.543763256225585,1.5540967147979732,0.0015619669854640972,0.0,0.0,0.0,1.0
1754723718992655854,0,1754723718992404460,map,MoraiInfo,0.5446043969726553,1.5830536049041743,0.0016041260957717907,0.0,0.0,0.0,1.0
1754723718996014984,0,1754723718995788335,map,MoraiInfo,0.5446043969726553,1.5830536049041743,0.0016041260957717907,0.0,0.0,0.0,1.0
1754723719031618470,0,1754723719031147956,map,MoraiInfo,0.5447760583496084,1.6110732715759273,0.001557280570268632,0.0,0.0,0.0,1.0
1754723719090854966,0,1754723719090611696,map,MoraiInfo,0.5453043939208975,1.638744847122192,0.001546279788017274,0.0,0.0,0.0,1.0
1754723719094431266,0,1754723719094225168,map,MoraiInfo,0.5453043939208975,1.638744847122192,0.001546279788017274,0.0,0.0,0.0,1.0
1754723719119028443,0,1754723719118746042,map,MoraiInfo,0.5457068444824209,1.6637733143005367,0.0015326154232025158,0.0,0.0,0.0,1.0
1754723719145328838,0,1754723719145133018,map,MoraiInfo,0.5460330010986318,1.6888935726318355,0.0015103195607662212,0.0,0.0,0.0,1.0
1754723719147839580,0,1754723719147623538,map,MoraiInfo,0.5460330010986318,1.6888935726318355,0.0015103195607662212,0.0,0.0,0.0,1.0
1754723719161145167,0,1754723719160327434,map,MoraiInfo,0.5462904931640615,1.7121873062286372,0.0014855054020881664,0.0,0.0,0.0,1.0
1754723719195963290,0,1754723719195692539,map,MoraiInfo,0.5466261865234365,1.735180393997192,0.00117102012038231,0.0,0.0,0.0,1.0
1754723719218802837,0,1754723719218526601,map,MoraiInfo,0.5466261865234365,1.735180393997192,0.00117102012038231,0.0,0.0,0.0,1.0
1754723719228468239,0,1754723719228241920,map,MoraiInfo,0.5468951226806631,1.7633240383300777,0.0007179950177669536,0.0,0.0,0.0,1.0
1754723719262495619,0,1754723719262289047,map,MoraiInfo,0.5471640588378897,1.7939264934692378,0.00038033097982406727,0.0,0.0,0.0,1.0
1754723719285669954,0,1754723719285437583,map,MoraiInfo,0.5471640588378897,1.7939264934692378,0.00038033097982406727,0.0,0.0,0.0,1.0
1754723719311853841,0,1754723719311620235,map,MoraiInfo,0.5474768640136709,1.832529084030151,0.00015847504138946644,0.0,0.0,0.0,1.0
1754723719347713520,0,1754723719347203016,map,MoraiInfo,0.5477591516113272,1.8717615764770503,2.7708038687707104e-05,0.0,0.0,0.0,1.0
1754723719353624135,0,1754723719353307485,map,MoraiInfo,0.5477591516113272,1.8717615764770503,2.7708038687707104e-05,0.0,0.0,0.0,1.0
1754723719387463330,0,1754723719387205123,map,MoraiInfo,0.5480242730712881,1.912591234985351,-4.68834489583958e-05,0.0,0.0,0.0,1.0
1754723719423421230,0,1754723719423169136,map,MoraiInfo,0.5482855798339834,1.95740725213623,-8.222341537475475e-05,0.0,0.0,0.0,1.0
1754723719426441717,0,1754723719426214218,map,MoraiInfo,0.5482855798339834,1.95740725213623,-8.222341537475475e-05,0.0,0.0,0.0,1.0
1754723719430172814,0,1754723719429985284,map,MoraiInfo,0.5485831262207022,2.0085046451721187,-8.632309734821209e-05,0.0,0.0,0.0,1.0
1754723719464537501,0,1754723719464018106,map,MoraiInfo,0.5488825799560537,2.061707035842895,-6.228193640708812e-05,0.0,0.0,0.0,1.0
1754723719468891403,0,1754723719468406438,map,MoraiInfo,0.5488825799560537,2.061707035842895,-6.228193640708812e-05,0.0,0.0,0.0,1.0
1754723719511949347,0,1754723719511651277,map,MoraiInfo,0.5491858483886709,2.1154124897155757,-3.5348087549208485e-05,0.0,0.0,0.0,1.0
1754723719546513431,0,1754723719546101331,map,MoraiInfo,0.5495043756103506,2.1743698280487056,-1.272253692150005e-05,0.0,0.0,0.0,1.0
1754723719567781957,0,1754723719567438125,map,MoraiInfo,0.5495043756103506,2.1743698280487056,-1.272253692150005e-05,0.0,0.0,0.0,1.0
1754723719572683319,0,1754723719572391748,map,MoraiInfo,0.5498400689697256,2.2381725471649165,8.090659976006664e-06,0.0,0.0,0.0,1.0
1754723719618462669,0,1754723719618139743,map,MoraiInfo,0.5501624108886709,2.300926939788818,2.5765299797059216e-05,0.0,0.0,0.0,1.0
1754723719618482641,0,1754723719618263244,map,MoraiInfo,0.5501624108886709,2.300926939788818,2.5765299797059216e-05,0.0,0.0,0.0,1.0
1754723719644057021,0,1754723719643803834,map,MoraiInfo,0.5504942895507803,2.368321673217773,4.278428852558247e-05,0.0,0.0,0.0,1.0
1754723719658371293,0,1754723719658133506,map,MoraiInfo,0.5508299829101553,2.437535778823852,5.872666835785023e-05,0.0,0.0,0.0,1.0
1754723719685157651,0,1754723719684950828,map,MoraiInfo,0.5508299829101553,2.437535778823852,5.872666835785023e-05,0.0,0.0,0.0,1.0
1754723719695149232,0,1754723719694901704,map,MoraiInfo,0.5511656762695303,2.5097036522064204,7.418662309646717e-05,0.0,0.0,0.0,1.0
1754723719728611559,0,1754723719728380918,map,MoraiInfo,0.5514956475830068,2.586144701782226,0.00016510605812072865,0.0,0.0,0.0,1.0
1754723719749365275,0,1754723719749127864,map,MoraiInfo,0.5514956475830068,2.586144701782226,0.00016510605812072865,0.0,0.0,0.0,1.0
1754723719802415924,0,1754723719802169799,map,MoraiInfo,0.5518160821533193,2.6604287784729,0.000381627380847932,0.0,0.0,0.0,1.0
1754723719804555446,0,1754723719804322719,map,MoraiInfo,0.552186107788085,2.7471113365325923,0.0005880419909954082,0.0,0.0,0.0,1.0
1754723719826179536,0,1754723719825921535,map,MoraiInfo,0.552186107788085,2.7471113365325923,0.0005880419909954082,0.0,0.0,0.0,1.0
1754723719827883788,0,1754723719827651262,map,MoraiInfo,0.5524588586425772,2.812007204833984,0.000775791034102441,0.0,0.0,0.0,1.0
1754723719858344719,0,1754723719858117580,map,MoraiInfo,0.5527640344238272,2.884881870094299,0.0010335177928209316,0.0,0.0,0.0,1.0
1754723719878417140,0,1754723719878197431,map,MoraiInfo,0.5527640344238272,2.884881870094299,0.0010335177928209316,0.0,0.0,0.0,1.0
1754723719898658109,0,1754723719898154973,map,MoraiInfo,0.5530539514160147,2.9549763363037105,0.0012466733157634746,0.0,0.0,0.0,1.0
1754723719953571733,0,1754723719953334331,map,MoraiInfo,0.5533438684082022,3.0256385963592525,0.0013829928636550914,0.0,0.0,0.0,1.0
1754723719963280916,0,1754723719963045120,map,MoraiInfo,0.5533438684082022,3.0256385963592525,0.0013829928636550914,0.0,0.0,0.0,1.0
1754723720022070688,0,1754723720021860122,map,MoraiInfo,0.5536337854003897,3.097741381469726,0.0014787179231643688,0.0,0.0,0.0,1.0
1754723720022181364,0,1754723720022022962,map,MoraiInfo,0.5538893701171865,3.160341755691528,0.001536657363176347,0.0,0.0,0.0,1.0
1754723720022633652,0,1754723720022238016,map,MoraiInfo,0.5538893701171865,3.160341755691528,0.001536657363176347,0.0,0.0,0.0,1.0
1754723720038524650,0,1754723720038233757,map,MoraiInfo,0.5541640283203115,3.2289047401580806,0.0015852314233779918,0.0,0.0,0.0,1.0
1754723720063378561,0,1754723720063143014,map,MoraiInfo,0.5543967248535147,3.2873406570587154,0.0016158570349216472,0.0,0.0,0.0,1.0
1754723720065431818,0,1754723720065189361,map,MoraiInfo,0.5543967248535147,3.2873406570587154,0.0016158570349216472,0.0,0.0,0.0,1.0
1754723720102721963,0,1754723720102355241,map,MoraiInfo,0.5546256066894522,3.3450297277603145,0.0016381268203258526,0.0,0.0,0.0,1.0
1754723720140135025,0,1754723720139936208,map,MoraiInfo,0.5548583032226553,3.403809682670593,0.001654912978410722,0.0,0.0,0.0,1.0
1754723720142884913,0,1754723720142681121,map,MoraiInfo,0.5548583032226553,3.403809682670593,0.001654912978410722,0.0,0.0,0.0,1.0
1754723720166193722,0,1754723720165716886,map,MoraiInfo,0.5550795556640615,3.46028651410675,0.0016500477492809307,0.0,0.0,0.0,1.0
1754723720217733360,0,1754723720217507600,map,MoraiInfo,0.5553198815917959,3.5210007589492793,0.0010516897588968288,0.0,0.0,0.0,1.0
1754723720240745807,0,1754723720240488767,map,MoraiInfo,0.5553198815917959,3.5210007589492793,0.0010516897588968288,0.0,0.0,0.0,1.0
1754723720245155489,0,1754723720244927644,map,MoraiInfo,0.5555754663085928,3.5860769909057613,0.0007648014277219783,0.0,0.0,0.0,1.0
1754723720280195674,0,1754723720279966354,map,MoraiInfo,0.5558329583740225,3.652766482177734,0.0005613316595554363,0.0,0.0,0.0,1.0
1754723720287532566,0,1754723720287363529,map,MoraiInfo,0.5558329583740225,3.652766482177734,0.0005613316595554363,0.0,0.0,0.0,1.0
1754723720307594149,0,1754723720307388067,map,MoraiInfo,0.5560580255126943,3.712982193771362,0.0004387453943490993,0.0,0.0,0.0,1.0
1754723720345860291,0,1754723720345605611,map,MoraiInfo,0.5563307763671865,3.7884811323318477,0.0003361192345619213,0.0,0.0,0.0,1.0
1754723720349774585,0,1754723720349584102,map,MoraiInfo,0.5563307763671865,3.7884811323318477,0.0003361192345619213,0.0,0.0,0.0,1.0
1754723720358766152,0,1754723720358569145,map,MoraiInfo,0.5565672875976553,3.8567543190155025,0.00033431805670261494,0.0,0.0,0.0,1.0
1754723720396023702,0,1754723720395476579,map,MoraiInfo,0.5567770959472647,3.92514224464035,0.000774880200624467,0.0,0.0,0.0,1.0
1754723720445892293,0,1754723720445659399,map,MoraiInfo,0.5567770959472647,3.92514224464035,0.000774880200624467,0.0,0.0,0.0,1.0
1754723720459873080,0,1754723720459637641,map,MoraiInfo,0.5570002557373037,3.9966049950752254,0.001069602817296983,0.0,0.0,0.0,1.0
1754723720483049421,0,1754723720482641696,map,MoraiInfo,0.5572081567382803,4.063177959266662,0.0012552191317081463,0.0,0.0,0.0,1.0
1754723720483077457,0,1754723720482813835,map,MoraiInfo,0.5572081567382803,4.063177959266662,0.0012552191317081463,0.0,0.0,0.0,1.0
1754723720497597287,0,1754723720497373342,map,MoraiInfo,0.5574027062988272,4.127003685775756,0.0013752815127372753,0.0,0.0,0.0,1.0
1754723720534925364,0,1754723720534657955,map,MoraiInfo,0.5576010705566397,4.19178237134552,0.0014680188894271862,0.0,0.0,0.0,1.0
1754723720538001620,0,1754723720537804365,map,MoraiInfo,0.5576010705566397,4.19178237134552,0.0014680188894271862,0.0,0.0,0.0,1.0
1754723720569178909,0,1754723720568711996,map,MoraiInfo,0.5577822686767568,4.251610771957397,0.001532794237136842,0.0,0.0,0.0,1.0
1754723720620161831,0,1754723720619913578,map,MoraiInfo,0.5579596520996084,4.311092869583129,0.0015802209079265606,0.0,0.0,0.0,1.0
1754723720627478058,0,1754723720627246618,map,MoraiInfo,0.5579596520996084,4.311092869583129,0.0015802209079265606,0.0,0.0,0.0,1.0
1754723720659347244,0,1754723720659102678,map,MoraiInfo,0.55813703552246,4.370697335544586,0.00135243058204651,0.0,0.0,0.0,1.0
1754723720689907696,0,1754723720689666509,map,MoraiInfo,0.5583220483398428,4.430759803596496,0.0009607703238725673,0.0,0.0,0.0,1.0
1754723720689960118,0,1754723720689828395,map,MoraiInfo,0.5583220483398428,4.430759803596496,0.0009607703238725673,0.0,0.0,0.0,1.0
1754723720695657826,0,1754723720695327043,map,MoraiInfo,0.5585185052490225,4.496076003852844,0.0006956004351377498,0.0,0.0,0.0,1.0
1754723720728400164,0,1754723720728217124,map,MoraiInfo,0.5587149621582022,4.563986764493942,0.0005206775665283214,0.0,0.0,0.0,1.0
1754723720730672053,0,1754723720730450630,map,MoraiInfo,0.5587149621582022,4.563986764493942,0.0005206775665283214,0.0,0.0,0.0,1.0
1754723720788387733,0,1754723720787957668,map,MoraiInfo,0.558909511718749,4.634075925889968,0.0004928310215473186,0.0,0.0,0.0,1.0
1754723720821601845,0,1754723720821333408,map,MoraiInfo,0.5590792657470693,4.701768913510799,0.0008687537908554088,0.0,0.0,0.0,1.0
1754723720844073152,0,1754723720843841791,map,MoraiInfo,0.5590792657470693,4.701768913510799,0.0008687537908554088,0.0,0.0,0.0,1.0
1754723720856793077,0,1754723720856548309,map,MoraiInfo,0.5592623712158193,4.777426566201806,0.0011439745128154766,0.0,0.0,0.0,1.0
1754723720895523277,0,1754723720895318508,map,MoraiInfo,0.5594016076660147,4.835763388517856,0.001296130269765855,0.0,0.0,0.0,1.0
1754723720903999653,0,1754723720903720855,map,MoraiInfo,0.5594016076660147,4.835763388517856,0.001296130269765855,0.0,0.0,0.0,1.0
1754723720908239255,0,1754723720908045291,map,MoraiInfo,0.5595370294189443,4.894524530712127,0.0014070433378219616,0.0,0.0,0.0,1.0
1754723720944553469,0,1754723720944301843,map,MoraiInfo,0.5596762658691397,4.954644547048568,0.0014888954162597667,0.0,0.0,0.0,1.0
1754723720953444998,0,1754723720953253030,map,MoraiInfo,0.5596762658691397,4.954644547048568,0.0014888954162597667,0.0,0.0,0.0,1.0
1754723720961800841,0,1754723720961607456,map,MoraiInfo,0.5598059655761709,5.0129728030595775,0.001548723578453065,0.0,0.0,0.0,1.0
1754723721003694177,0,1754723721002880334,map,MoraiInfo,0.5599337579345693,5.069512591901779,0.0015915197134017955,0.0,0.0,0.0,1.0
1754723721074733074,0,1754723721074491024,map,MoraiInfo,0.5599337579345693,5.069512591901779,0.0015915197134017955,0.0,0.0,0.0,1.0
1754723721076648351,0,1754723721076403379,map,MoraiInfo,0.560069179687499,5.132485375944137,0.0016254571080207836,0.0,0.0,0.0,1.0
1754723721094554019,0,1754723721094302415,map,MoraiInfo,0.5601664544677725,5.177253977600097,0.0015017327666282665,0.0,0.0,0.0,1.0
1754723721094964099,0,1754723721094579458,map,MoraiInfo,0.5601664544677725,5.177253977600097,0.0015017327666282665,0.0,0.0,0.0,1.0
1754723721116763815,0,1754723721116541385,map,MoraiInfo,0.5602980615234365,5.235122637096405,0.0009987068176269542,0.0,0.0,0.0,1.0
1754723721141931845,0,1754723721141691923,map,MoraiInfo,0.560425853881835,5.292605773750305,0.0007286903262138378,0.0,0.0,0.0,1.0
1754723721143909417,0,1754723721143647432,map,MoraiInfo,0.560425853881835,5.292605773750305,0.0007286903262138378,0.0,0.0,0.0,1.0
1754723721188738163,0,1754723721188442230,map,MoraiInfo,0.5605612756347647,5.356773750129699,0.0005314641445875179,0.0,0.0,0.0,1.0
1754723721211693898,0,1754723721211498022,map,MoraiInfo,0.5606871606445303,5.420695738140106,0.0004044596850872051,0.0,0.0,0.0,1.0
1754723721223105696,0,1754723721222854137,map,MoraiInfo,0.5606871606445303,5.420695738140106,0.0004044596850872051,0.0,0.0,0.0,1.0
1754723721232076994,0,1754723721231879472,map,MoraiInfo,0.5607958795166006,5.485420839134216,0.0008103747665882122,0.0,0.0,0.0,1.0
1754723721269717609,0,1754723721269467592,map,MoraiInfo,0.5608893395996084,5.544808165374755,0.001042069196701051,0.0,0.0,0.0,1.0
1754723721273748982,0,1754723721273567914,map,MoraiInfo,0.5608893395996084,5.544808165374755,0.001042069196701051,0.0,0.0,0.0,1.0
1754723721315355544,0,1754723721315028429,map,MoraiInfo,0.5609923364257803,5.6096306603584285,0.0012447473406791698,0.0,0.0,0.0,1.0
1754723721365978112,0,1754723721365757942,map,MoraiInfo,0.5610877038574209,5.671544925514221,0.0013845723867416393,0.0,0.0,0.0,1.0
1754723721373220896,0,1754723721372994422,map,MoraiInfo,0.5610877038574209,5.671544925514221,0.0013845723867416393,0.0,0.0,0.0,1.0
1754723721395293115,0,1754723721395017623,map,MoraiInfo,0.5611716271972647,5.728580848518371,0.001188979744911195,0.0,0.0,0.0,1.0
1754723721401108173,0,1754723721400900363,map,MoraiInfo,0.5612574578857412,5.781986133399963,0.000873360112309457,0.0,0.0,0.0,1.0
1754723721422320504,0,1754723721422073364,map,MoraiInfo,0.5612574578857412,5.781986133399963,0.000873360112309457,0.0,0.0,0.0,1.0
1754723721431612689,0,1754723721431428670,map,MoraiInfo,0.5613528253173818,5.844907895866394,0.0006361839175224315,0.0,0.0,0.0,1.0
1754723721464725547,0,1754723721464501857,map,MoraiInfo,0.5614462854003897,5.910519496742248,0.0004770302027463924,0.0,0.0,0.0,1.0
1754723721466562987,0,1754723721466343402,map,MoraiInfo,0.5614462854003897,5.910519496742248,0.0004770302027463924,0.0,0.0,0.0,1.0
1754723721518381019,0,1754723721518133163,map,MoraiInfo,0.561534023437499,5.979931370559692,0.00039570339024067036,0.0,0.0,0.0,1.0
1754723721560438761,0,1754723721560233831,map,MoraiInfo,0.5616007806396475,6.0467087190780635,0.0008156758546829235,0.0,0.0,0.0,1.0
1754723721562930375,0,1754723721562723875,map,MoraiInfo,0.5616007806396475,6.0467087190780635,0.0008156758546829235,0.0,0.0,0.0,1.0
1754723721568197222,0,1754723721567974567,map,MoraiInfo,0.5616656304931631,6.116885558906555,0.0010886893421411525,0.0,0.0,0.0,1.0
1754723721605064517,0,1754723721604566574,map,MoraiInfo,0.5617190362548818,6.175924078765869,0.0012567912042140972,0.0,0.0,0.0,1.0
1754723721628133981,0,1754723721627934217,map,MoraiInfo,0.5617190362548818,6.175924078765869,0.0012567912042140972,0.0,0.0,0.0,1.0
1754723721632271653,0,1754723721632029771,map,MoraiInfo,0.5617724420166006,6.23688985520935,0.001381756067276002,0.0,0.0,0.0,1.0
1754723721663859606,0,1754723721663662672,map,MoraiInfo,0.5618258477783193,6.298287884536743,0.0012337391078472149,0.0,0.0,0.0,1.0
1754723721666309096,0,1754723721666105747,map,MoraiInfo,0.5618258477783193,6.298287884536743,0.0012337391078472149,0.0,0.0,0.0,1.0
1754723721730674888,0,1754723721730428695,map,MoraiInfo,0.5618849755859365,6.3600196998748775,0.0008718699961900722,0.0,0.0,0.0,1.0
1754723721755163871,0,1754723721754914283,map,MoraiInfo,0.5619402886962881,6.42550446206665,0.0006408517062664043,0.0,0.0,0.0,1.0
1754723721771575642,0,1754723721771366357,map,MoraiInfo,0.5619402886962881,6.42550446206665,0.0006408517062664043,0.0,0.0,0.0,1.0
1754723721777629146,0,1754723721777445554,map,MoraiInfo,0.561991787109374,6.494177834335327,0.0004854586720466625,0.0,0.0,0.0,1.0
1754723721803623387,0,1754723721803150892,map,MoraiInfo,0.5620394708251943,6.569208518806457,0.0004555241018533718,0.0,0.0,0.0,1.0
1754723721829213153,0,1754723721828917741,map,MoraiInfo,0.5620394708251943,6.569208518806457,0.0004555241018533718,0.0,0.0,0.0,1.0
1754723721861393367,0,1754723721861146211,map,MoraiInfo,0.5620604516601553,6.63613940888977,0.0008427680283784877,0.0,0.0,0.0,1.0
1754723721899985682,0,1754723721899765729,map,MoraiInfo,0.5620814324951162,6.707828180137634,0.001115330755710603,0.0,0.0,0.0,1.0
1754723721901409118,0,1754723721901168584,map,MoraiInfo,0.5620814324951162,6.707828180137634,0.001115330755710603,0.0,0.0,0.0,1.0
1754723721909798955,0,1754723721909578561,map,MoraiInfo,0.5620985986328115,6.7721163194808955,0.001284935772418977,0.0,0.0,0.0,1.0
1754723721934941436,0,1754723721934478998,map,MoraiInfo,0.5621157647705068,6.83230640107727,0.0013943251967430126,0.0,0.0,0.0,1.0
1754723721962710245,0,1754723721962436676,map,MoraiInfo,0.5621157647705068,6.83230640107727,0.0013943251967430126,0.0,0.0,0.0,1.0
1754723721992338971,0,1754723721992120742,map,MoraiInfo,0.5621291162109365,6.894742981735229,0.001480364501476289,0.0,0.0,0.0,1.0
1754723722002037955,0,1754723722001827239,map,MoraiInfo,0.562144374999999,6.9568731945190425,0.0014696654677391063,0.0,0.0,0.0,1.0
1754723722029980382,0,1754723722029748439,map,MoraiInfo,0.562144374999999,6.9568731945190425,0.0014696654677391063,0.0,0.0,0.0,1.0
1754723722034083368,0,1754723722033879518,map,MoraiInfo,0.5621615411376943,7.0218286674652095,0.0009600532054901134,0.0,0.0,0.0,1.0
1754723722095221724,0,1754723722095005512,map,MoraiInfo,0.5621787072753897,7.092874781433105,0.0006956749409437191,0.0,0.0,0.0,1.0
1754723722095383075,0,1754723722095184564,map,MoraiInfo,0.5621787072753897,7.092874781433105,0.0006956749409437191,0.0,0.0,0.0,1.0
1754723722113263454,0,1754723722113019466,map,MoraiInfo,0.5621863366699209,7.1537866752777095,0.0005394362658262264,0.0,0.0,0.0,1.0
1754723722131451940,0,1754723722131228923,map,MoraiInfo,0.5621882440185537,7.230146185699462,0.0004092317819595348,0.0,0.0,0.0,1.0
1754723722157146657,0,1754723722156905412,map,MoraiInfo,0.5621882440185537,7.230146185699462,0.0004092317819595348,0.0,0.0,0.0,1.0
1754723722163207648,0,1754723722163002967,map,MoraiInfo,0.5621634484863272,7.301301972213745,0.0008507606387138378,0.0,0.0,0.0,1.0
1754723722244464070,0,1754723722244202852,map,MoraiInfo,0.562144374999999,7.362468973937988,0.0010967788100242626,0.0,0.0,0.0,1.0
1754723722255689596,0,1754723722255490541,map,MoraiInfo,0.562144374999999,7.362468973937988,0.0010967788100242626,0.0,0.0,0.0,1.0
1754723722288882175,0,1754723722288643121,map,MoraiInfo,0.5621214868164053,7.431588904205322,0.0012654376029968273,0.0,0.0,0.0,1.0
1754723722291985978,0,1754723722290898084,map,MoraiInfo,0.5620966912841787,7.49424339944458,0.0013805714249610912,0.0,0.0,0.0,1.0
1754723722298021918,0,1754723722297780275,map,MoraiInfo,0.5620966912841787,7.49424339944458,0.0013805714249610912,0.0,0.0,0.0,1.0
1754723722303505911,0,1754723722303304672,map,MoraiInfo,0.5620718957519522,7.55867244416809,0.001473815441131593,0.0,0.0,0.0,1.0
1754723722335488931,0,1754723722335294246,map,MoraiInfo,0.5620471002197256,7.619183794799804,0.0015383076667785656,0.0,0.0,0.0,1.0
1754723722353851659,0,1754723722353658676,map,MoraiInfo,0.5620471002197256,7.619183794799804,0.0015383076667785656,0.0,0.0,0.0,1.0
1754723722375070654,0,1754723722374815940,map,MoraiInfo,0.562022304687499,7.6919124286804195,0.0009743471443653118,0.0,0.0,0.0,1.0
1754723722403125721,0,1754723722402921199,map,MoraiInfo,0.5619994165039053,7.747897879425048,0.0007597089558839809,0.0,0.0,0.0,1.0
1754723722438995387,0,1754723722438793659,map,MoraiInfo,0.5619994165039053,7.747897879425048,0.0007597089558839809,0.0,0.0,0.0,1.0
1754723722442978997,0,1754723722442788839,map,MoraiInfo,0.5619688989257803,7.815501229110717,0.0005709596723318111,0.0,0.0,0.0,1.0
1754723722466227319,0,1754723722465989828,map,MoraiInfo,0.5619231225585928,7.8865840595397945,0.0006547172367572796,0.0,0.0,0.0,1.0
1754723722468834698,0,1754723722468637228,map,MoraiInfo,0.5619231225585928,7.8865840595397945,0.0006547172367572796,0.0,0.0,0.0,1.0
1754723722530461084,0,1754723722530191898,map,MoraiInfo,0.5618639947509756,7.954620377365112,0.0009516228735446941,0.0,0.0,0.0,1.0
1754723722538128926,0,1754723722537903547,map,MoraiInfo,0.56179914489746,8.025013462844848,0.001184382736682893,0.0,0.0,0.0,1.0
1754723722557249304,0,1754723722557041645,map,MoraiInfo,0.56179914489746,8.025013462844848,0.001184382736682893,0.0,0.0,0.0,1.0
1754723722567858302,0,1754723722567632436,map,MoraiInfo,0.5617438317871084,8.086070076766967,0.001330600380897523,0.0,0.0,0.0,1.0
1754723722635149054,0,1754723722634843349,map,MoraiInfo,0.5616847039794912,8.148834482971191,0.0014374305307865154,0.0,0.0,0.0,1.0
1754723722635605327,0,1754723722635121345,map,MoraiInfo,0.5616847039794912,8.148834482971191,0.0014374305307865154,0.0,0.0,0.0,1.0
1754723722644169455,0,1754723722643884181,map,MoraiInfo,0.5616236688232412,8.211964623275756,0.0015141715109348308,0.0,0.0,0.0,1.0
1754723722691087797,0,1754723722690851926,map,MoraiInfo,0.5615607263183584,8.27149154359436,0.0015663404762744915,0.0,0.0,0.0,1.0
1754723722694263906,0,1754723722694062709,map,MoraiInfo,0.5615607263183584,8.27149154359436,0.0015663404762744915,0.0,0.0,0.0,1.0
1754723722702279299,0,1754723722702056169,map,MoraiInfo,0.561320400390624,8.331630007568359,0.0016741988062858593,0.0,0.0,0.0,1.0
1754723722735541068,0,1754723722735245466,map,MoraiInfo,0.5596209527587881,8.382834927383422,0.0017948386073112499,0.0,0.0,0.0,1.0
1754723722776859012,0,1754723722776649713,map,MoraiInfo,0.5596209527587881,8.382834927383422,0.0017948386073112499,0.0,0.0,0.0,1.0
1754723722778432509,0,1754723722778211832,map,MoraiInfo,0.5557089807128897,8.43237473184204,0.0018716764450073253,0.0,0.0,0.0,1.0
1754723722804101893,0,1754723722803800821,map,MoraiInfo,0.5499049188232412,8.479321018997192,0.001885899603366853,0.0,0.0,0.0,1.0
1754723722806334557,0,1754723722806092739,map,MoraiInfo,0.5499049188232412,8.479321018997192,0.001885899603366853,0.0,0.0,0.0,1.0
1754723722851179312,0,1754723722850781679,map,MoraiInfo,0.5415316583251943,8.52794005090332,0.0018854227662086498,0.0,0.0,0.0,1.0
1754723722894487805,0,1754723722894267559,map,MoraiInfo,0.5303584100341787,8.576781765762329,0.001879980117082597,0.0,0.0,0.0,1.0
1754723722896488070,0,1754723722896245479,map,MoraiInfo,0.5303584100341787,8.576781765762329,0.001879980117082597,0.0,0.0,0.0,1.0
1754723722902817459,0,1754723722902608156,map,MoraiInfo,0.5208655358886709,8.61075140649414,0.0018762101233005535,0.0,0.0,0.0,1.0
1754723722963089399,0,1754723722962831020,map,MoraiInfo,0.5091372491455068,8.647438303771972,0.001793419271707536,0.0,0.0,0.0,1.0
1754723722966166170,0,1754723722965924263,map,MoraiInfo,0.5091372491455068,8.647438303771972,0.001793419271707536,0.0,0.0,0.0,1.0
1754723722968605999,0,1754723722968403100,map,MoraiInfo,0.49743185058593653,8.683825747314453,0.0017868739366531383,0.0,0.0,0.0,1.0
1754723723007083926,0,1754723723006583690,map,MoraiInfo,0.48574552551269434,8.719225184265136,0.0017583717405796062,0.0,0.0,0.0,1.0
1754723723035188112,0,1754723723034644842,map,MoraiInfo,0.48574552551269434,8.719225184265136,0.0017583717405796062,0.0,0.0,0.0,1.0
1754723723079082281,0,1754723723078851222,map,MoraiInfo,0.4744330407714834,8.752737538162231,0.0017265093326568615,0.0,0.0,0.0,1.0
1754723723082102320,0,1754723723081887006,map,MoraiInfo,0.4641295434570303,8.782840506378173,0.0016940546035766613,0.0,0.0,0.0,1.0
1754723723087999581,0,1754723723087813138,map,MoraiInfo,0.4641295434570303,8.782840506378173,0.0016940546035766613,0.0,0.0,0.0,1.0
1754723723112944940,0,1754723723112699747,map,MoraiInfo,0.4534693719482412,8.813770548645019,0.0016636227071285259,0.0,0.0,0.0,1.0
1754723723158500179,0,1754723723158238410,map,MoraiInfo,0.4435759545898428,8.842346445861816,0.0016343493759632122,0.0,0.0,0.0,1.0
1754723723159976976,0,1754723723159751176,map,MoraiInfo,0.4435759545898428,8.842346445861816,0.0016343493759632122,0.0,0.0,0.0,1.0
1754723723173334432,0,1754723723172798395,map,MoraiInfo,0.4330950738525381,8.872536913696289,0.0016023044288158428,0.0,0.0,0.0,1.0
1754723723237940144,0,1754723723237724065,map,MoraiInfo,0.42541036621093653,8.894637839141845,0.0015782092511653911,0.0,0.0,0.0,1.0
1754723723238056798,0,1754723723237897634,map,MoraiInfo,0.42541036621093653,8.894637839141845,0.0015782092511653911,0.0,0.0,0.0,1.0
1754723723246989662,0,1754723723246698856,map,MoraiInfo,0.41553983703613184,8.923005835357666,0.0013982293009758007,0.0,0.0,0.0,1.0
1754723723271256468,0,1754723723270965814,map,MoraiInfo,0.4070616723632803,8.947384611907959,0.0008825243264436733,0.0,0.0,0.0,1.0
1754723723274790341,0,1754723723274590253,map,MoraiInfo,0.4070616723632803,8.947384611907959,0.0008825243264436733,0.0,0.0,0.0,1.0
1754723723329660872,0,1754723723329382896,map,MoraiInfo,0.39608869567870997,8.97893692666626,0.0005181965231895458,0.0,0.0,0.0,1.0
1754723723360174644,0,1754723723359929561,map,MoraiInfo,0.3834773065185537,9.015245692077636,0.0002666369825601589,0.0,0.0,0.0,1.0
1754723723362594807,0,1754723723361521244,map,MoraiInfo,0.3834773065185537,9.015245692077636,0.0002666369825601589,0.0,0.0,0.0,1.0
1754723723380261545,0,1754723723380001544,map,MoraiInfo,0.3666125299072256,9.063803927246093,9.89113748073589e-05,0.0,0.0,0.0,1.0
1754723723404861645,0,1754723723404667377,map,MoraiInfo,0.35567770019531153,9.095286623779296,0.00020038455724716298,0.0,0.0,0.0,1.0
1754723723438028514,0,1754723723437842607,map,MoraiInfo,0.35567770019531153,9.095286623779296,0.00020038455724716298,0.0,0.0,0.0,1.0
1754723723468338626,0,1754723723468086719,map,MoraiInfo,0.34121427551269434,9.13685871774292,0.0006943971663713466,0.0,0.0,0.0,1.0
1754723723472658516,0,1754723723472432851,map,MoraiInfo,0.32827482238769434,9.174069182220459,0.0010221053659915935,0.0,0.0,0.0,1.0
1754723723475796626,0,1754723723475571632,map,MoraiInfo,0.32827482238769434,9.174069182220459,0.0010221053659915935,0.0,0.0,0.0,1.0
1754723723520790240,0,1754723723520323514,map,MoraiInfo,0.3151179315185537,9.208611742797851,0.001305372714996339,0.0,0.0,0.0,1.0
1754723723566152030,0,1754723723565914154,map,MoraiInfo,0.30082235351562403,9.242321745697021,0.0014643457531929027,0.0,0.0,0.0,1.0
1754723723576462882,0,1754723723576239585,map,MoraiInfo,0.30082235351562403,9.242321745697021,0.0014643457531929027,0.0,0.0,0.0,1.0
1754723723594549680,0,1754723723594304323,map,MoraiInfo,0.2863951684570303,9.273263232055664,0.0015520353615283977,0.0,0.0,0.0,1.0
1754723723618430299,0,1754723723618243694,map,MoraiInfo,0.2724791528320303,9.30063988381958,0.001597435474395753,0.0,0.0,0.0,1.0
1754723723631972908,0,1754723723631768226,map,MoraiInfo,0.2724791528320303,9.30063988381958,0.001597435474395753,0.0,0.0,0.0,1.0
1754723723640974230,0,1754723723640745401,map,MoraiInfo,0.2578612329101553,9.327331320587158,0.0016189341247081768,0.0,0.0,0.0,1.0
1754723723670225654,0,1754723723669975280,map,MoraiInfo,0.2430163385009756,9.352474943939209,0.0016210575401783,0.0,0.0,0.0,1.0
1754723723694678837,0,1754723723694450139,map,MoraiInfo,0.2430163385009756,9.352474943939209,0.0016210575401783,0.0,0.0,0.0,1.0
1754723723708626349,0,1754723723708216667,map,MoraiInfo,0.2297430993652334,9.37343861276245,0.0016106118261814129,0.0,0.0,0.0,1.0
1754723723741220505,0,1754723723740982055,map,MoraiInfo,0.21563253417968653,9.394473330322265,0.0015926857292652141,0.0,0.0,0.0,1.0
1754723723760188405,0,1754723723759970903,map,MoraiInfo,0.21563253417968653,9.394473330322265,0.0015926857292652141,0.0,0.0,0.0,1.0
1754723723773909529,0,1754723723773495912,map,MoraiInfo,0.20145711914062403,9.414338366333007,0.0015691530704498302,0.0,0.0,0.0,1.0
1754723723806857322,0,1754723723806617736,map,MoraiInfo,0.18767843261718653,9.43257643395996,0.0015428823232650768,0.0,0.0,0.0,1.0
1754723723825619781,0,1754723723825339078,map,MoraiInfo,0.18767843261718653,9.43257643395996,0.0015428823232650768,0.0,0.0,0.0,1.0
1754723723859775228,0,1754723723859509944,map,MoraiInfo,0.17281637207031153,9.451244608703613,0.0015121337771415722,0.0,0.0,0.0,1.0
1754723723893720788,0,1754723723893475294,map,MoraiInfo,0.16074476257324122,9.46569229776001,0.001485993415117265,0.0,0.0,0.0,1.0
1754723723904569233,0,1754723723904288768,map,MoraiInfo,0.16074476257324122,9.46569229776001,0.001485993415117265,0.0,0.0,0.0,1.0
1754723723909569997,0,1754723723909352302,map,MoraiInfo,0.1464148522949209,9.48205496484375,0.0014548537135124218,0.0,0.0,0.0,1.0
1754723723963521997,0,1754723723963294029,map,MoraiInfo,0.13501081481933497,9.494531885925293,0.001430136412382127,0.0,0.0,0.0,1.0
1754723723964824589,0,1754723723964437723,map,MoraiInfo,0.13501081481933497,9.494531885925293,0.001430136412382127,0.0,0.0,0.0,1.0
1754723724006362668,0,1754723724006136655,map,MoraiInfo,0.12277326599120997,9.507420794311523,0.001404167413711549,0.0,0.0,0.0,1.0
1754723724015551834,0,1754723724015333652,map,MoraiInfo,0.11070165649413966,9.519618765655517,0.0013793160021305095,0.0,0.0,0.0,1.0
1754723724018047616,0,1754723724017834186,map,MoraiInfo,0.11070165649413966,9.519618765655517,0.0013793160021305095,0.0,0.0,0.0,1.0
1754723724043315996,0,1754723724043130874,map,MoraiInfo,0.0976782800292959,9.53228403741455,0.0013535258173942577,0.0,0.0,0.0,1.0
1754723724070386765,0,1754723724070201396,map,MoraiInfo,0.08737096801757716,9.541971937957763,0.0013336774706840526,0.0,0.0,0.0,1.0
1754723724119951822,0,1754723724119659185,map,MoraiInfo,0.08737096801757716,9.541971937957763,0.0013336774706840526,0.0,0.0,0.0,1.0
1754723724125735733,0,1754723724125503301,map,MoraiInfo,0.0763770104980459,9.551949278656005,0.0013139483332633983,0.0,0.0,0.0,1.0
1754723724140331444,0,1754723724140131473,map,MoraiInfo,0.06580648437499903,9.561253802124023,0.0012957987189292919,0.0,0.0,0.0,1.0
1754723724143580483,0,1754723724143378496,map,MoraiInfo,0.06580648437499903,9.561253802124023,0.0012957987189292919,0.0,0.0,0.0,1.0
1754723724175588868,0,1754723724175128221,map,MoraiInfo,0.05540571228027247,9.570131556335449,0.0012786959111690532,0.0,0.0,0.0,1.0
1754723724232691559,0,1754723724232452869,map,MoraiInfo,0.04535207763671778,9.57844282800293,0.0012630310654640209,0.0,0.0,0.0,1.0
1754723724239278282,0,1754723724239042520,map,MoraiInfo,0.04535207763671778,9.57844282800293,0.0012630310654640209,0.0,0.0,0.0,1.0
1754723724265888202,0,1754723724265651941,map,MoraiInfo,0.03487691894531153,9.586856142822265,0.0012476102262735378,0.0,0.0,0.0,1.0
1754723724275584068,0,1754723724275384902,map,MoraiInfo,0.024769878540038093,9.594753519836425,0.00120047226548195,0.0,0.0,0.0,1.0
1754723724294809712,0,1754723724294531345,map,MoraiInfo,0.024769878540038093,9.594753519836425,0.00120047226548195,0.0,0.0,0.0,1.0
1754723724308133435,0,1754723724307806491,map,MoraiInfo,0.01192770019531153,9.60514666253662,0.0006358262896537792,0.0,0.0,0.0,1.0
1754723724342198622,0,1754723724341984033,map,MoraiInfo,-0.0038231848144540947,9.617993132415771,0.00031679242849350087,0.0,0.0,0.0,1.0
1754723724361996995,0,1754723724361793518,map,MoraiInfo,-0.0038231848144540947,9.617993132415771,0.00031679242849350087,0.0,0.0,0.0,1.0
1754723724411328677,0,1754723724411062717,map,MoraiInfo,-0.022910022583008782,9.633511797729492,8.427284657955281e-05,0.0,0.0,0.0,1.0
1754723724432696580,0,1754723724432461261,map,MoraiInfo,-0.05001726135254003,9.65544773751831,-8.875757455825695e-05,0.0,0.0,0.0,1.0
1754723724442197108,0,1754723724441960334,map,MoraiInfo,-0.05001726135254003,9.65544773751831,-8.875757455825695e-05,0.0,0.0,0.0,1.0
1754723724443216173,0,1754723724442941188,map,MoraiInfo,-0.07121934875488378,9.672535197082519,-7.339075207710155e-05,0.0,0.0,0.0,1.0
1754723724487988987,0,1754723724487751960,map,MoraiInfo,-0.09721078857421972,9.69346739465332,0.00036732785403728596,0.0,0.0,0.0,1.0
1754723724510162803,0,1754723724509926319,map,MoraiInfo,-0.09721078857421972,9.69346739465332,0.00036732785403728596,0.0,0.0,0.0,1.0
1754723724511675229,0,1754723724511429548,map,MoraiInfo,-0.1221245764160166,9.713503138366699,0.0007107493281364452,0.0,0.0,0.0,1.0
1754723724545050446,0,1754723724544552803,map,MoraiInfo,-0.1465844152832041,9.733157412353515,0.0009672951698303234,0.0,0.0,0.0,1.0
1754723724567098128,0,1754723724566716194,map,MoraiInfo,-0.1465844152832041,9.733157412353515,0.0009672951698303234,0.0,0.0,0.0,1.0
1754723724591347207,0,1754723724591110467,map,MoraiInfo,-0.1697625158691416,9.751773135009765,0.001140146777033807,0.0,0.0,0.0,1.0
1754723724629532106,0,1754723724629295110,map,MoraiInfo,-0.19171609863281347,9.76940848046875,0.001308259814977647,0.0,0.0,0.0,1.0
1754723724634227463,0,1754723724634030580,map,MoraiInfo,-0.19171609863281347,9.76940848046875,0.001308259814977647,0.0,0.0,0.0,1.0
1754723724649018511,0,1754723724648734092,map,MoraiInfo,-0.20988168701171972,9.78302170449829,0.0013953831791877758,0.0,0.0,0.0,1.0
1754723724679122379,0,1754723724678578138,map,MoraiInfo,-0.2293957708740244,9.796896712127685,0.001441822648048402,0.0,0.0,0.0,1.0
1754723724707806410,0,1754723724707589626,map,MoraiInfo,-0.2293957708740244,9.796896712127685,0.001441822648048402,0.0,0.0,0.0,1.0
1754723724718061664,0,1754723724717796325,map,MoraiInfo,-0.24852075561523534,9.809764639678955,0.0014532779157161724,0.0,0.0,0.0,1.0
1754723724744266977,0,1754723724743979454,map,MoraiInfo,-0.26615800842285253,9.821079031768798,0.0014499996602535259,0.0,0.0,0.0,1.0
1754723724751194115,0,1754723724751006126,map,MoraiInfo,-0.26615800842285253,9.821079031768798,0.0014499996602535259,0.0,0.0,0.0,1.0
1754723724795069680,0,1754723724794794559,map,MoraiInfo,-0.2840699194335947,9.83204628640747,0.0014380042254924785,0.0,0.0,0.0,1.0
1754723724808311862,0,1754723724808116912,map,MoraiInfo,-0.30134668334961034,9.842103258911132,0.0014206890761852276,0.0,0.0,0.0,1.0
1754723724831294933,0,1754723724831060886,map,MoraiInfo,-0.30134668334961034,9.842103258911132,0.0014206890761852276,0.0,0.0,0.0,1.0
1754723724846366862,0,1754723724845895767,map,MoraiInfo,-0.31653108581543066,9.850536600891113,0.0014030572772026073,0.0,0.0,0.0,1.0
1754723724878929873,0,1754723724878698587,map,MoraiInfo,-0.33230485900879003,9.858913676086425,0.0013827842473983776,0.0,0.0,0.0,1.0
1754723724902272656,0,1754723724902028560,map,MoraiInfo,-0.33230485900879003,9.858913676086425,0.0013827842473983776,0.0,0.0,0.0,1.0
1754723724908715570,0,1754723724908512353,map,MoraiInfo,-0.34787073120117284,9.866776720825195,0.0013616506755352031,0.0,0.0,0.0,1.0
1754723724944493562,0,1754723724944285631,map,MoraiInfo,-0.36224451049804784,9.873697058502197,0.0013417501747608196,0.0,0.0,0.0,1.0
1754723724958599327,0,1754723724958365201,map,MoraiInfo,-0.36224451049804784,9.873697058502197,0.0013417501747608196,0.0,0.0,0.0,1.0
1754723724985377599,0,1754723724985185861,map,MoraiInfo,-0.37674417480468847,9.880466715637207,0.0012943309545516979,0.0,0.0,0.0,1.0
1754723725010320204,0,1754723725010065317,map,MoraiInfo,-0.39064302429199316,9.887290255371093,0.0012752202153205883,0.0,0.0,0.0,1.0
1754723725046601934,0,1754723725046316385,map,MoraiInfo,-0.39064302429199316,9.887290255371093,0.0012752202153205883,0.0,0.0,0.0,1.0
1754723725053552788,0,1754723725053327083,map,MoraiInfo,-0.40305032714843847,9.893389002624511,0.0012639363110065471,0.0,0.0,0.0,1.0
1754723725079531170,0,1754723725079295158,map,MoraiInfo,-0.4163140295410166,9.899863974395751,0.0011160385608673107,0.0,0.0,0.0,1.0
1754723725102070525,0,1754723725101781606,map,MoraiInfo,-0.4163140295410166,9.899863974395751,0.0011160385608673107,0.0,0.0,0.0,1.0
1754723725108353887,0,1754723725108166694,map,MoraiInfo,-0.4332055090332041,9.908079401794433,0.0006223034858703624,0.0,0.0,0.0,1.0
1754723725165255955,0,1754723725164785861,map,MoraiInfo,-0.4529828070068369,9.917666689697265,0.00029470890760421864,0.0,0.0,0.0,1.0
1754723725206438911,0,1754723725206200122,map,MoraiInfo,-0.4529828070068369,9.917666689697265,0.00029470890760421864,0.0,0.0,0.0,1.0
1754723725212930502,0,1754723725212710380,map,MoraiInfo,-0.48016824707031347,9.930844561401367,6.598539650440327e-05,0.0,0.0,0.0,1.0
1754723725232930896,0,1754723725232692241,map,MoraiInfo,-0.5053109167480478,9.94301869088745,0.0001018897444009792,0.0,0.0,0.0,1.0
1754723725249557540,0,1754723725249306440,map,MoraiInfo,-0.5053109167480478,9.94301869088745,0.0001018897444009792,0.0,0.0,0.0,1.0
1754723725267485108,0,1754723725267302751,map,MoraiInfo,-0.5315045355224619,9.955679194274902,0.0005190999060869228,0.0,0.0,0.0,1.0
1754723725280372113,0,1754723725280137300,map,MoraiInfo,-0.557759189453126,9.968367354217529,0.0008116488158702861,0.0,0.0,0.0,1.0
1754723725300411524,0,1754723725300187826,map,MoraiInfo,-0.557759189453126,9.968367354217529,0.0008116488158702861,0.0,0.0,0.0,1.0
1754723725314464475,0,1754723725314018249,map,MoraiInfo,-0.5825852392578135,9.980362669769287,0.0010181435197591793,0.0,0.0,0.0,1.0
1754723725373038195,0,1754723725372759342,map,MoraiInfo,-0.6059044836425791,9.991628901306152,0.001154034659266473,0.0,0.0,0.0,1.0
1754723725395362656,0,1754723725395091295,map,MoraiInfo,-0.6059044836425791,9.991628901306152,0.001154034659266473,0.0,0.0,0.0,1.0
1754723725409832889,0,1754723725409560203,map,MoraiInfo,-0.6279076574707041,10.00211931878662,0.0013059911131858837,0.0,0.0,0.0,1.0
1754723725442143226,0,1754723725441895484,map,MoraiInfo,-0.6487301824951182,10.011109606567382,0.0013746556639671337,0.0,0.0,0.0,1.0
1754723725450638565,0,1754723725450417518,map,MoraiInfo,-0.6487301824951182,10.011109606567382,0.0013746556639671337,0.0,0.0,0.0,1.0
1754723725475487284,0,1754723725475158214,map,MoraiInfo,-0.6699933050537119,10.019670740905761,0.001400643289089204,0.0,0.0,0.0,1.0
1754723725500061106,0,1754723725499782323,map,MoraiInfo,-0.6872414587402353,10.026227728668212,0.0014057283103466045,0.0,0.0,0.0,1.0
1754723725501375702,0,1754723725501147985,map,MoraiInfo,-0.6872414587402353,10.026227728668212,0.0014057283103466045,0.0,0.0,0.0,1.0
1754723725519320185,0,1754723725518860340,map,MoraiInfo,-0.7074536322021494,10.033436075988769,0.00139898180961609,0.0,0.0,0.0,1.0
1754723725549519904,0,1754723725549228906,map,MoraiInfo,-0.7250946997070322,10.0393030803833,0.0013861370086669933,0.0,0.0,0.0,1.0
1754723725551123744,0,1754723725550895929,map,MoraiInfo,-0.7250946997070322,10.0393030803833,0.0013861370086669933,0.0,0.0,0.0,1.0
1754723725584790300,0,1754723725584317922,map,MoraiInfo,-0.7396477697753916,10.04383589440918,0.0013724428415298473,0.0,0.0,0.0,1.0
1754723725647258066,0,1754723725647052764,map,MoraiInfo,-0.7561139105224619,10.048670069519043,0.0013547924160957348,0.0,0.0,0.0,1.0
1754723725674333243,0,1754723725674046993,map,MoraiInfo,-0.7561139105224619,10.048670069519043,0.0013547924160957348,0.0,0.0,0.0,1.0
1754723725681301180,0,1754723725681069850,map,MoraiInfo,-0.771605396118165,10.052902476135253,0.001337302178144456,0.0,0.0,0.0,1.0
1754723725687166109,0,1754723725686947584,map,MoraiInfo,-0.7869099615478525,10.056923167053222,0.0012946885824203502,0.0,0.0,0.0,1.0
1754723725687906337,0,1754723725687662839,map,MoraiInfo,-0.7869099615478525,10.056923167053222,0.0012946885824203502,0.0,0.0,0.0,1.0
1754723725713815385,0,1754723725713617563,map,MoraiInfo,-0.8013714788818369,10.061012522521972,0.001272709369659425,0.0,0.0,0.0,1.0
1754723725743956365,0,1754723725743764638,map,MoraiInfo,-0.81539812072754,10.064974085632324,0.0012608592212200176,0.0,0.0,0.0,1.0
1754723725769434125,0,1754723725769191265,map,MoraiInfo,-0.81539812072754,10.064974085632324,0.0012608592212200176,0.0,0.0,0.0,1.0
1754723725781052665,0,1754723725780779361,map,MoraiInfo,-0.8319157598876963,10.06969620401001,0.0006983962655067455,0.0,0.0,0.0,1.0
1754723725856620779,0,1754723725856351375,map,MoraiInfo,-0.8528317449951182,10.075572268310546,0.00039098531007766835,0.0,0.0,0.0,1.0
1754723725860619197,0,1754723725860368967,map,MoraiInfo,-0.8528317449951182,10.075572268310546,0.00039098531007766835,0.0,0.0,0.0,1.0
1754723725862141957,0,1754723725861876726,map,MoraiInfo,-0.8776997564697275,10.082429186645507,0.00014341369271278492,0.0,0.0,0.0,1.0
1754723725901105316,0,1754723725900859355,map,MoraiInfo,-0.9084595678710947,10.09089113885498,-1.6233623027800403e-05,0.0,0.0,0.0,1.0
1754723725912395170,0,1754723725912193298,map,MoraiInfo,-0.9084595678710947,10.09089113885498,-1.6233623027800403e-05,0.0,0.0,0.0,1.0
1754723725934741701,0,1754723725934539556,map,MoraiInfo,-0.9399651525878916,10.099533812347412,0.00010874241590499989,0.0,0.0,0.0,1.0
1754723725955411066,0,1754723725955067873,map,MoraiInfo,-0.9756821630859385,10.109318033996582,0.000690940096974374,0.0,0.0,0.0,1.0
1754723725983409953,0,1754723725983197212,map,MoraiInfo,-0.9756821630859385,10.109318033996582,0.000690940096974374,0.0,0.0,0.0,1.0
1754723726024078719,0,1754723726023863554,map,MoraiInfo,-0.9991330145263682,10.114847914520263,0.000960977077484132,0.0,0.0,0.0,1.0
1754723726027703181,0,1754723726027517795,map,MoraiInfo,-1.0290459631347666,10.121027247253418,0.001180962920188905,0.0,0.0,0.0,1.0
1754723726049340134,0,1754723726049138069,map,MoraiInfo,-1.0290459631347666,10.121027247253418,0.001180962920188905,0.0,0.0,0.0,1.0
1754723726050804980,0,1754723726050606489,map,MoraiInfo,-1.052327060546876,10.125176207366943,0.0012875099480152141,0.0,0.0,0.0,1.0
1754723726083777139,0,1754723726083237171,map,MoraiInfo,-1.0766762731933603,10.128891245666503,0.0013596799969673168,0.0,0.0,0.0,1.0
1754723726110848678,0,1754723726110520601,map,MoraiInfo,-1.0766762731933603,10.128891245666503,0.0013596799969673168,0.0,0.0,0.0,1.0
1754723726139952697,0,1754723726139660596,map,MoraiInfo,-1.1013497351074228,10.13202358895874,0.0014031578600406658,0.0,0.0,0.0,1.0
1754723726181751977,0,1754723726181556701,map,MoraiInfo,-1.1251191137695322,10.134409682098388,0.001422056257724763,0.0,0.0,0.0,1.0
1754723726190717080,0,1754723726190453052,map,MoraiInfo,-1.1251191137695322,10.134409682098388,0.001422056257724763,0.0,0.0,0.0,1.0
1754723726215203086,0,1754723726214941978,map,MoraiInfo,-1.1435154913330088,10.135811106506347,0.0014250811934471141,0.0,0.0,0.0,1.0
1754723726236647987,0,1754723726236427545,map,MoraiInfo,-1.1649807928466807,10.136987940612793,0.0014195938408374797,0.0,0.0,0.0,1.0
1754723726238839211,0,1754723726238615274,map,MoraiInfo,-1.1649807928466807,10.136987940612793,0.0014195938408374797,0.0,0.0,0.0,1.0
1754723726245003254,0,1754723726244771242,map,MoraiInfo,-1.1834782598876963,10.137579695526123,0.0014082764089107525,0.0,0.0,0.0,1.0
1754723726299711830,0,1754723726299503326,map,MoraiInfo,-1.201212787475587,10.137779013458251,0.0013935279846191417,0.0,0.0,0.0,1.0
1754723726302388146,0,1754723726302169561,map,MoraiInfo,-1.201212787475587,10.137779013458251,0.0013935279846191417,0.0,0.0,0.0,1.0
1754723726352811402,0,1754723726352559566,map,MoraiInfo,-1.2209023474121103,10.13770796472168,0.001343180686235429,0.0,0.0,0.0,1.0
1754723726359015980,0,1754723726358817815,map,MoraiInfo,-1.238381290283204,10.137943522277832,0.0013223786652088176,0.0,0.0,0.0,1.0
1754723726394167953,0,1754723726393962144,map,MoraiInfo,-1.238381290283204,10.137943522277832,0.0013223786652088176,0.0,0.0,0.0,1.0
1754723726406518575,0,1754723726406311273,map,MoraiInfo,-1.252846622314454,10.138133780303955,0.001312510371208192,0.0,0.0,0.0,1.0
1754723726444612021,0,1754723726444411993,map,MoraiInfo,-1.268959903564454,10.13831259423828,0.0012934964895248424,0.0,0.0,0.0,1.0
1754723726446685311,0,1754723726446327924,map,MoraiInfo,-1.268959903564454,10.13831259423828,0.0012934964895248424,0.0,0.0,0.0,1.0
1754723726454413053,0,1754723726454210996,map,MoraiInfo,-1.2855710028076182,10.13846661264038,0.0012740094959735881,0.0,0.0,0.0,1.0
1754723726485805358,0,1754723726485281705,map,MoraiInfo,-1.2994946478271494,10.138581530395507,0.001258031725883485,0.0,0.0,0.0,1.0
1754723726520057063,0,1754723726519832611,map,MoraiInfo,-1.2994946478271494,10.138581530395507,0.001258031725883485,0.0,0.0,0.0,1.0
1754723726524560646,0,1754723726524340152,map,MoraiInfo,-1.3130730627441416,10.138684050384521,0.0012436185777187359,0.0,0.0,0.0,1.0
1754723726548037143,0,1754723726547788381,map,MoraiInfo,-1.3267659185791025,10.138779417816162,0.001230393797159196,0.0,0.0,0.0,1.0
1754723726567848559,0,1754723726567585706,map,MoraiInfo,-1.3267659185791025,10.138779417816162,0.001230393797159196,0.0,0.0,0.0,1.0
1754723726617701433,0,1754723726617452144,map,MoraiInfo,-1.3400925634765635,10.138866679016113,0.0012184467911720287,0.0,0.0,0.0,1.0
1754723726651156640,0,1754723726650905132,map,MoraiInfo,-1.353148364868165,10.138951079193115,0.001207505613565446,0.0,0.0,0.0,1.0
1754723726656602003,0,1754723726656401634,map,MoraiInfo,-1.353148364868165,10.138951079193115,0.001207505613565446,0.0,0.0,0.0,1.0
1754723726675195274,0,1754723726674964904,map,MoraiInfo,-1.3648995397949228,10.139027373138427,0.0011976447701454174,0.0,0.0,0.0,1.0
1754723726682628691,0,1754723726682433128,map,MoraiInfo,-1.3778084753417978,10.139111296478271,0.0011872512102127086,0.0,0.0,0.0,1.0
1754723726706234205,0,1754723726706001043,map,MoraiInfo,-1.3778084753417978,10.139111296478271,0.0011872512102127086,0.0,0.0,0.0,1.0
1754723726717929936,0,1754723726717678308,map,MoraiInfo,-1.3885849951171885,10.139181391540527,0.0011789195984601986,0.0,0.0,0.0,1.0
1754723726751710017,0,1754723726751495599,map,MoraiInfo,-1.399943256225587,10.139252917114257,0.0011707165092229854,0.0,0.0,0.0,1.0
1754723726772845319,0,1754723726772636651,map,MoraiInfo,-1.399943256225587,10.139252917114257,0.0011707165092229854,0.0,0.0,0.0,1.0
1754723726803304308,0,1754723726803039073,map,MoraiInfo,-1.4135312078857432,10.139333979431152,0.0007884141802787792,0.0,0.0,0.0,1.0
1754723726835283254,0,1754723726835023880,map,MoraiInfo,-1.429116153564454,10.139441267791748,0.0004898209869861614,0.0,0.0,0.0,1.0
1754723726838830052,0,1754723726838622093,map,MoraiInfo,-1.429116153564454,10.139441267791748,0.0004898209869861614,0.0,0.0,0.0,1.0
1754723726879683285,0,1754723726879443407,map,MoraiInfo,-1.4494256018066416,10.139580981079101,0.00018132969737053029,0.0,0.0,0.0,1.0
1754723726883716931,0,1754723726883512735,map,MoraiInfo,-1.4748963354492197,10.139749781433105,-4.811882972716175e-06,0.0,0.0,0.0,1.0
1754723726886096619,0,1754723726885879755,map,MoraiInfo,-1.4748963354492197,10.139749781433105,-4.811882972716175e-06,0.0,0.0,0.0,1.0
1754723726919245665,0,1754723726918890476,map,MoraiInfo,-1.5066079138183603,10.139955775085449,-0.0001383691281080235,0.0,0.0,0.0,1.0
1754723726989573719,0,1754723726989324808,map,MoraiInfo,-1.5411557196044932,10.140171305480957,-0.0002119566500186909,0.0,0.0,0.0,1.0
1754723726993160575,0,1754723726992974519,map,MoraiInfo,-1.5411557196044932,10.140171305480957,-0.0002119566500186909,0.0,0.0,0.0,1.0
1754723727004818959,0,1754723727004615783,map,MoraiInfo,-1.5776719091796885,10.140388743225097,-0.00024520114064216503,0.0,0.0,0.0,1.0
1754723727029166404,0,1754723727028962373,map,MoraiInfo,-1.616402530517579,10.140609518829345,-0.000253515988588332,0.0,0.0,0.0,1.0
1754723727050843447,0,1754723727050644874,map,MoraiInfo,-1.616402530517579,10.140609518829345,-0.000253515988588332,0.0,0.0,0.0,1.0
1754723727056990236,0,1754723727056763410,map,MoraiInfo,-1.66580095275879,10.14087893182373,-0.00023982182145118602,0.0,0.0,0.0,1.0
1754723727083993064,0,1754723727083459615,map,MoraiInfo,-1.7110203741455088,10.141113535705566,-0.00021003440022468456,0.0,0.0,0.0,1.0
1754723727109673077,0,1754723727109203815,map,MoraiInfo,-1.7110203741455088,10.141113535705566,-0.00021003440022468456,0.0,0.0,0.0,1.0
1754723727155591726,0,1754723727155310630,map,MoraiInfo,-1.760445499267579,10.141361491027832,-0.00016469761729240306,0.0,0.0,0.0,1.0
1754723727167447209,0,1754723727167211771,map,MoraiInfo,-1.8166226385498057,10.141636149230957,-0.00010629251599311718,0.0,0.0,0.0,1.0
1754723727186333300,0,1754723727186033010,map,MoraiInfo,-1.8166226385498057,10.141636149230957,-0.00010629251599311718,0.0,0.0,0.0,1.0
1754723727190273135,0,1754723727190067291,map,MoraiInfo,-1.8697155950927744,10.141881243530273,0.0002718430757522594,0.0,0.0,0.0,1.0
1754723727219306979,0,1754723727219059705,map,MoraiInfo,-1.926735782470704,10.142134920898437,0.0006953657418489467,0.0,0.0,0.0,1.0
1754723727239688339,0,1754723727239492416,map,MoraiInfo,-1.926735782470704,10.142134920898437,0.0006953657418489467,0.0,0.0,0.0,1.0
1754723727254116069,0,1754723727253735542,map,MoraiInfo,-1.9802083013916025,10.142371432128906,0.0009947505593299877,0.0,0.0,0.0,1.0
1754723727281328166,0,1754723727281087160,map,MoraiInfo,-2.0323628424072275,10.14260126763916,0.001210552901029588,0.0,0.0,0.0,1.0
1754723727305354859,0,1754723727305105209,map,MoraiInfo,-2.0323628424072275,10.14260126763916,0.001210552901029588,0.0,0.0,0.0,1.0
1754723727319424298,0,1754723727319114446,map,MoraiInfo,-2.075886630859376,10.142792002502441,0.0013427001237869274,0.0,0.0,0.0,1.0
1754723727374458204,0,1754723727374243497,map,MoraiInfo,-2.120106601562501,10.142985598388671,0.0014420908689498912,0.0,0.0,0.0,1.0
1754723727378036502,0,1754723727377834320,map,MoraiInfo,-2.120106601562501,10.142985598388671,0.0014420908689498912,0.0,0.0,0.0,1.0
1754723727380512396,0,1754723727380292654,map,MoraiInfo,-2.165009403076173,10.143180147949218,0.0015152332186698925,0.0,0.0,0.0,1.0
1754723727418628128,0,1754723727418329715,map,MoraiInfo,-2.2065266607666025,10.143359438720703,0.001566772609949113,0.0,0.0,0.0,1.0
1754723727447385567,0,1754723727447134971,map,MoraiInfo,-2.2065266607666025,10.143359438720703,0.001566772609949113,0.0,0.0,0.0,1.0
1754723727464509001,0,1754723727464270353,map,MoraiInfo,-2.248745822753907,10.143541590515136,0.0016048935055732738,0.0,0.0,0.0,1.0
1754723727481661756,0,1754723727481423616,map,MoraiInfo,-2.2909497259521494,10.14372088128662,0.0016294170916080486,0.0,0.0,0.0,1.0
1754723727502366828,0,1754723727502128362,map,MoraiInfo,-2.2909497259521494,10.14372088128662,0.0016294170916080486,0.0,0.0,0.0,1.0
1754723727519439930,0,1754723727519146203,map,MoraiInfo,-2.3224419592285166,10.143854395690918,0.001639155000448228,0.0,0.0,0.0,1.0
1754723727552761799,0,1754723727552561044,map,MoraiInfo,-2.3587578771972666,10.144007937255859,0.0016421054303646099,0.0,0.0,0.0,1.0
1754723727576353060,0,1754723727576081037,map,MoraiInfo,-2.3587578771972666,10.144007937255859,0.0016421054303646099,0.0,0.0,0.0,1.0
1754723727582477055,0,1754723727582214832,map,MoraiInfo,-2.392027759399415,10.144147173706054,0.0016363871097564708,0.0,0.0,0.0,1.0
1754723727635530884,0,1754723727635284423,map,MoraiInfo,-2.4257668493652353,10.144292609039306,0.0010234278440475475,0.0,0.0,0.0,1.0
1754723727638599961,0,1754723727638386964,map,MoraiInfo,-2.4257668493652353,10.144292609039306,0.0010234278440475475,0.0,0.0,0.0,1.0
1754723727651795846,0,1754723727651583433,map,MoraiInfo,-2.466793918457032,10.14447189981079,0.0006563880294561397,0.0,0.0,0.0,1.0
1754723727682454822,0,1754723727682239532,map,MoraiInfo,-2.507637882080079,10.144645945373535,0.00041236475110054127,0.0,0.0,0.0,1.0
1754723727701959367,0,1754723727701781511,map,MoraiInfo,-2.507637882080079,10.144645945373535,0.00041236475110054127,0.0,0.0,0.0,1.0
1754723727718318103,0,1754723727718086719,map,MoraiInfo,-2.5536126135253916,10.144833819213867,0.00024410083889961354,0.0,0.0,0.0,1.0
1754723727752821000,0,1754723727752543926,map,MoraiInfo,-2.606015109863282,10.145037905517578,0.00014857321977615467,0.0,0.0,0.0,1.0
1754723727777506499,0,1754723727777298927,map,MoraiInfo,-2.606015109863282,10.145037905517578,0.00014857321977615467,0.0,0.0,0.0,1.0
1754723727781621770,0,1754723727781424283,map,MoraiInfo,-2.654795551147462,10.145213381591796,0.00041428327560424916,0.0,0.0,0.0,1.0
1754723727817231888,0,1754723727816970348,map,MoraiInfo,-2.7027539251708994,10.145378367248535,0.0007885073125362407,0.0,0.0,0.0,1.0
1754723727839355917,0,1754723727839075088,map,MoraiInfo,-2.7027539251708994,10.145378367248535,0.0007885073125362407,0.0,0.0,0.0,1.0
1754723727852967396,0,1754723727852647542,map,MoraiInfo,-2.7513245581054697,10.145544783416748,0.0010607496649026882,0.0,0.0,0.0,1.0
1754723727884777434,0,1754723727884484767,map,MoraiInfo,-2.797768497314454,10.145701662841796,0.0012441866844892513,0.0,0.0,0.0,1.0
1754723727893141213,0,1754723727892922401,map,MoraiInfo,-2.797768497314454,10.145701662841796,0.0012441866844892513,0.0,0.0,0.0,1.0
1754723727919084679,0,1754723727918811321,map,MoraiInfo,-2.8391846655273447,10.145840422454834,0.001368408352136613,0.0,0.0,0.0,1.0
1754723727970922944,0,1754723727970714092,map,MoraiInfo,-2.8821343420410166,10.145983950439453,0.0014662456512451183,0.0,0.0,0.0,1.0
1754723727980502017,0,1754723727980240583,map,MoraiInfo,-2.8821343420410166,10.145983950439453,0.0014662456512451183,0.0,0.0,0.0,1.0
1754723727985353593,0,1754723727985135555,map,MoraiInfo,-2.928934955444337,10.14613844567871,0.0015410234034061443,0.0,0.0,0.0,1.0
1754723728016450786,0,1754723728016193628,map,MoraiInfo,-2.959378146972657,10.146238581481933,0.0015737463533878338,0.0,0.0,0.0,1.0
1754723728056511317,0,1754723728056261777,map,MoraiInfo,-2.959378146972657,10.146238581481933,0.0015737463533878338,0.0,0.0,0.0,1.0
1754723728060533021,0,1754723728060315132,map,MoraiInfo,-2.9975651739501963,10.146365420166015,0.0010438498854637157,0.0,0.0,0.0,1.0
1754723728085474483,0,1754723728085256814,map,MoraiInfo,-3.0418280599975596,10.146517531219482,0.0007234656065702449,0.0,0.0,0.0,1.0
1754723728087294389,0,1754723728087066411,map,MoraiInfo,-3.0418280599975596,10.146517531219482,0.0007234656065702449,0.0,0.0,0.0,1.0
1754723728121594689,0,1754723728121081113,map,MoraiInfo,-3.087769412841798,10.146670595947265,0.00046320565044880024,0.0,0.0,0.0,1.0
1754723728173988946,0,1754723728173697948,map,MoraiInfo,-3.136623287048341,10.146825568023681,0.00030166588723659626,0.0,0.0,0.0,1.0
1754723728181600929,0,1754723728181397438,map,MoraiInfo,-3.136623287048341,10.146825568023681,0.00030166588723659626,0.0,0.0,0.0,1.0
1754723728198481218,0,1754723728198228836,map,MoraiInfo,-3.1928881643676768,10.146993414703369,0.0002076488733291637,0.0,0.0,0.0,1.0
1754723728223209393,0,1754723728222767829,map,MoraiInfo,-3.244287395324708,10.147135989013671,0.0004093956947326671,0.0,0.0,0.0,1.0
1754723728244731321,0,1754723728244463205,map,MoraiInfo,-3.244287395324708,10.147135989013671,0.0004093956947326671,0.0,0.0,0.0,1.0
1754723728275494532,0,1754723728275197267,map,MoraiInfo,-3.299556636657716,10.147278086486816,0.0008055840432643901,0.0,0.0,0.0,1.0
1754723728290150679,0,1754723728289624691,map,MoraiInfo,-3.348770046081544,10.147403017822265,0.0010629140585660946,0.0,0.0,0.0,1.0
1754723728337111745,0,1754723728336913824,map,MoraiInfo,-3.348770046081544,10.147403017822265,0.0010629140585660946,0.0,0.0,0.0,1.0
1754723728348878260,0,1754723728348638057,map,MoraiInfo,-3.396525287475587,10.14752365762329,0.0012448590993881237,0.0,0.0,0.0,1.0
1754723728364937966,0,1754723728364684820,map,MoraiInfo,-3.445401096191407,10.147646681610107,0.0012918610870838176,0.0,0.0,0.0,1.0
1754723728368217123,0,1754723728367978572,map,MoraiInfo,-3.445401096191407,10.147646681610107,0.0012918610870838176,0.0,0.0,0.0,1.0
1754723728386912663,0,1754723728386364221,map,MoraiInfo,-3.4945706365966807,10.147773997131347,0.0007999737560749065,0.0,0.0,0.0,1.0
1754723728420684888,0,1754723728420432567,map,MoraiInfo,-3.5479363439941416,10.147909895721435,0.0005813290178775798,0.0,0.0,0.0,1.0
1754723728443808132,0,1754723728443578958,map,MoraiInfo,-3.5479363439941416,10.147909895721435,0.0005813290178775798,0.0,0.0,0.0,1.0
1754723728455912987,0,1754723728455682039,map,MoraiInfo,-3.6031798361206064,10.14804674798584,0.00042457252740860096,0.0,0.0,0.0,1.0
1754723728485379389,0,1754723728485094308,map,MoraiInfo,-3.664650821533204,10.148193136993408,0.00031345829367637745,0.0,0.0,0.0,1.0
1754723728512498159,0,1754723728512216567,map,MoraiInfo,-3.664650821533204,10.148193136993408,0.00031345829367637745,0.0,0.0,0.0,1.0
1754723728522759661,0,1754723728522569417,map,MoraiInfo,-3.7232760427856455,10.148314253631591,0.0006135099381208431,0.0,0.0,0.0,1.0
1754723728578184781,0,1754723728577893733,map,MoraiInfo,-3.779946231689454,10.148426310363769,0.0008993011713027965,0.0,0.0,0.0,1.0
1754723728581153280,0,1754723728580907821,map,MoraiInfo,-3.779946231689454,10.148426310363769,0.0008993011713027965,0.0,0.0,0.0,1.0
1754723728583766561,0,1754723728583528041,map,MoraiInfo,-3.8365200994873057,10.148535982910156,0.0011451815068721782,0.0,0.0,0.0,1.0
1754723728635872438,0,1754723728635581254,map,MoraiInfo,-3.8886183737182627,10.148635165039062,0.0013082411885261547,0.0,0.0,0.0,1.0
1754723728644214746,0,1754723728643943786,map,MoraiInfo,-3.8886183737182627,10.148635165039062,0.0013082411885261547,0.0,0.0,0.0,1.0
1754723728671401176,0,1754723728671120405,map,MoraiInfo,-3.9438313482666025,10.148738161865234,0.0014269736409187328,0.0,0.0,0.0,1.0
1754723728722595939,0,1754723728722380638,map,MoraiInfo,-3.9927443502807627,10.148828284088134,0.0015024927258491527,0.0,0.0,0.0,1.0
1754723728748833842,0,1754723728748579263,map,MoraiInfo,-3.9927443502807627,10.148828284088134,0.0015024927258491527,0.0,0.0,0.0,1.0
1754723728756556388,0,1754723728756327867,map,MoraiInfo,-4.042956256713868,10.14891983682251,0.0015596386790275585,0.0,0.0,0.0,1.0
1754723728777197028,0,1754723728776997327,map,MoraiInfo,-4.092331790771485,10.149008051696777,0.001601168215274812,0.0,0.0,0.0,1.0
1754723728777320156,0,1754723728777156591,map,MoraiInfo,-4.092331790771485,10.149008051696777,0.001601168215274812,0.0,0.0,0.0,1.0
1754723728785827161,0,1754723728785551071,map,MoraiInfo,-4.132727527465821,10.149079577270507,0.0016267162561416637,0.0,0.0,0.0,1.0
1754723728839592515,0,1754723728839353084,map,MoraiInfo,-4.173693561401368,10.14915062600708,0.001645961105823518,0.0,0.0,0.0,1.0
1754723728841922066,0,1754723728841707468,map,MoraiInfo,-4.173693561401368,10.14915062600708,0.001645961105823518,0.0,0.0,0.0,1.0
1754723728856211693,0,1754723728855773448,map,MoraiInfo,-4.215074443664552,10.149222628417968,0.001660180538892747,0.0,0.0,0.0,1.0
1754723728888181900,0,1754723728887977838,map,MoraiInfo,-4.2574509619140635,10.149294153991699,0.0016680558025836956,0.0,0.0,0.0,1.0
1754723728889374909,0,1754723728889137744,map,MoraiInfo,-4.2574509619140635,10.149294153991699,0.0016680558025836956,0.0,0.0,0.0,1.0
1754723728921356703,0,1754723728921121597,map,MoraiInfo,-4.290352725830079,10.149348513427734,0.0016683799028396618,0.0,0.0,0.0,1.0
1754723728959086594,0,1754723728958860874,map,MoraiInfo,-4.325142764892579,10.149405733886718,0.0016633917391300213,0.0,0.0,0.0,1.0
1754723728972086812,0,1754723728971849441,map,MoraiInfo,-4.325142764892579,10.149405733886718,0.0016633917391300213,0.0,0.0,0.0,1.0
1754723728989202306,0,1754723728988987207,map,MoraiInfo,-4.362891101684571,10.14946629220581,0.0016510684788227092,0.0,0.0,0.0,1.0
1754723729022168924,0,1754723729021907091,map,MoraiInfo,-4.394247913208009,10.149516360107421,0.0016351167857646953,0.0,0.0,0.0,1.0
1754723729059982696,0,1754723729059756755,map,MoraiInfo,-4.394247913208009,10.149516360107421,0.0016351167857646953,0.0,0.0,0.0,1.0
1754723729062509682,0,1754723729062283754,map,MoraiInfo,-4.4222201345825205,10.149560705963134,0.0016169336438179027,0.0,0.0,0.0,1.0
1754723729086173021,0,1754723729085930824,map,MoraiInfo,-4.45056714996338,10.149613634887695,0.0016627807915210735,0.0,0.0,0.0,1.0
1754723729089641549,0,1754723729089437246,map,MoraiInfo,-4.45056714996338,10.149613634887695,0.0016627807915210735,0.0,0.0,0.0,1.0
1754723729131910266,0,1754723729131444454,map,MoraiInfo,-4.475954913940431,10.148660914245605,0.0016600762307643901,0.0,0.0,0.0,1.0
1754723729189785692,0,1754723729189534902,map,MoraiInfo,-4.50120248779297,10.147081629577636,0.001634081155061723,0.0,0.0,0.0,1.0
1754723729206463561,0,1754723729206213474,map,MoraiInfo,-4.50120248779297,10.147081629577636,0.001634081155061723,0.0,0.0,0.0,1.0
1754723729227631918,0,1754723729227409124,map,MoraiInfo,-4.524058246459962,10.145111338439941,0.0015981246531009685,0.0,0.0,0.0,1.0
1754723729232386142,0,1754723729232175827,map,MoraiInfo,-4.5463179586792,10.142624632659912,0.0015588563680648815,0.0,0.0,0.0,1.0
1754723729256349443,0,1754723729256099700,map,MoraiInfo,-4.5463179586792,10.142624632659912,0.0015588563680648815,0.0,0.0,0.0,1.0
1754723729278168918,0,1754723729277886867,map,MoraiInfo,-4.570410632934571,10.139628664794921,0.0014870849251747142,0.0,0.0,0.0,1.0
1754723729302244940,0,1754723729301979303,map,MoraiInfo,-4.587857150878907,10.137687937561035,0.0014457453787326824,0.0,0.0,0.0,1.0
1754723729317335304,0,1754723729317129373,map,MoraiInfo,-4.587857150878907,10.137687937561035,0.0014457453787326824,0.0,0.0,0.0,1.0
1754723729353829712,0,1754723729353585720,map,MoraiInfo,-4.606834316101075,10.13556601220703,0.0014192436635494243,0.0,0.0,0.0,1.0
1754723729357380250,0,1754723729357154607,map,MoraiInfo,-4.6252583502197275,10.133455530944824,0.0013896164298057567,0.0,0.0,0.0,1.0
1754723729365915366,0,1754723729365691661,map,MoraiInfo,-4.6252583502197275,10.133455530944824,0.0013896164298057567,0.0,0.0,0.0,1.0
1754723729393591998,0,1754723729393098592,map,MoraiInfo,-4.643422984924317,10.131338373962402,0.0013615947961807262,0.0,0.0,0.0,1.0
1754723729438473155,0,1754723729438242912,map,MoraiInfo,-4.665095233764649,10.128775851074218,0.0007420790195465099,0.0,0.0,0.0,1.0
1754723729445921895,0,1754723729445694208,map,MoraiInfo,-4.665095233764649,10.128775851074218,0.0007420790195465099,0.0,0.0,0.0,1.0
1754723729458449529,0,1754723729458255767,map,MoraiInfo,-4.690259837951661,10.125791327301025,0.00040635958313942067,0.0,0.0,0.0,1.0
1754723729507072272,0,1754723729506808757,map,MoraiInfo,-4.729210758056642,10.121166483703613,0.0001272384822368633,0.0,0.0,0.0,1.0
1754723729511445437,0,1754723729511220216,map,MoraiInfo,-4.729210758056642,10.121166483703613,0.0001272384822368633,0.0,0.0,0.0,1.0
1754723729522106155,0,1754723729521853446,map,MoraiInfo,-4.756678485717774,10.11789251977539,0.00017048351466655842,0.0,0.0,0.0,1.0
1754723729574849098,0,1754723729574646949,map,MoraiInfo,-4.7859639166259775,10.114382998291015,0.0005651389062404644,0.0,0.0,0.0,1.0
1754723729585721073,0,1754723729585538625,map,MoraiInfo,-4.7859639166259775,10.114382998291015,0.0005651389062404644,0.0,0.0,0.0,1.0
1754723729588796173,0,1754723729588599443,map,MoraiInfo,-4.818310642089845,10.110506789031982,0.0008708399534225475,0.0,0.0,0.0,1.0
1754723729625976509,0,1754723729625468254,map,MoraiInfo,-4.84762468322754,10.1069939296875,0.0010672335326671611,0.0,0.0,0.0,1.0
1754723729656451797,0,1754723729655948400,map,MoraiInfo,-4.84762468322754,10.1069939296875,0.0010672335326671611,0.0,0.0,0.0,1.0
1754723729678213580,0,1754723729677918195,map,MoraiInfo,-4.8774250982666025,10.103421465698242,0.0012092266976833355,0.0,0.0,0.0,1.0
1754723729697102011,0,1754723729696834087,map,MoraiInfo,-4.902976894226075,10.100331560913085,0.0013611216843128215,0.0,0.0,0.0,1.0
1754723729721455677,0,1754723729721210956,map,MoraiInfo,-4.902976894226075,10.100331560913085,0.0013611216843128215,0.0,0.0,0.0,1.0
1754723729745041038,0,1754723729744828939,map,MoraiInfo,-4.92701807006836,10.096456305328369,0.0014304120838642131,0.0,0.0,0.0,1.0
1754723729775817677,0,1754723729775568485,map,MoraiInfo,-4.9498385427856455,10.09222056085205,0.001459912657737733,0.0,0.0,0.0,1.0
1754723729787665781,0,1754723729787424325,map,MoraiInfo,-4.9498385427856455,10.09222056085205,0.001459912657737733,0.0,0.0,0.0,1.0
1754723729811003287,0,1754723729810700654,map,MoraiInfo,-4.972063922729493,10.087582365814209,0.001464509665966035,0.0,0.0,0.0,1.0
1754723729821739145,0,1754723729821363687,map,MoraiInfo,-4.994594478454591,10.082302824798584,0.0014544104039669048,0.0,0.0,0.0,1.0
1754723729846432992,0,1754723729846151828,map,MoraiInfo,-4.994594478454591,10.082302824798584,0.0014544104039669048,0.0,0.0,0.0,1.0
1754723729878580603,0,1754723729878291130,map,MoraiInfo,-5.011073016967774,10.078048006835937,0.0014410775899887096,0.0,0.0,0.0,1.0
1754723729913863359,0,1754723729913626670,map,MoraiInfo,-5.029959583129884,10.07281138116455,0.0014220301806926738,0.0,0.0,0.0,1.0
1754723729917885901,0,1754723729917695999,map,MoraiInfo,-5.029959583129884,10.07281138116455,0.0014220301806926738,0.0,0.0,0.0,1.0
1754723729920652614,0,1754723729920443058,map,MoraiInfo,-5.0486372946167,10.067189471069335,0.0014000584185123455,0.0,0.0,0.0,1.0
1754723729957315164,0,1754723729957090854,map,MoraiInfo,-5.064202213134767,10.06217266732788,0.0013806571066379558,0.0,0.0,0.0,1.0
1754723729976653046,0,1754723729976443529,map,MoraiInfo,-5.064202213134767,10.06217266732788,0.0013806571066379558,0.0,0.0,0.0,1.0
1754723730022569227,0,1754723730022361755,map,MoraiInfo,-5.080037975158692,10.056783453765869,0.0013258506357669841,0.0,0.0,0.0,1.0
1754723730026772536,0,1754723730026549100,map,MoraiInfo,-5.097512149658204,10.051220671478271,0.001305905431509019,0.0,0.0,0.0,1.0
1754723730034731840,0,1754723730034516572,map,MoraiInfo,-5.097512149658204,10.051220671478271,0.001305905431509019,0.0,0.0,0.0,1.0
1754723730077036818,0,1754723730076781749,map,MoraiInfo,-5.110529804077149,10.047064558807373,0.0012956571578979503,0.0,0.0,0.0,1.0
1754723730111005520,0,1754723730110756635,map,MoraiInfo,-5.125140094604493,10.042380587402343,0.0012771871685981762,0.0,0.0,0.0,1.0
1754723730114675416,0,1754723730114479064,map,MoraiInfo,-5.125140094604493,10.042380587402343,0.0012771871685981762,0.0,0.0,0.0,1.0
1754723730118688682,0,1754723730118491649,map,MoraiInfo,-5.139258289184571,10.037835375610351,0.001258661299943925,0.0,0.0,0.0,1.0
1754723730159081873,0,1754723730158592462,map,MoraiInfo,-5.1551560400390635,10.032614962402343,0.0006874625384807598,0.0,0.0,0.0,1.0
1754723730196245208,0,1754723730195959568,map,MoraiInfo,-5.1551560400390635,10.032614962402343,0.0006874625384807598,0.0,0.0,0.0,1.0
1754723730215963023,0,1754723730215667963,map,MoraiInfo,-5.176737689819337,10.025577322784423,0.0003671248257160198,0.0,0.0,0.0,1.0
1754723730219823318,0,1754723730219601154,map,MoraiInfo,-5.201245212402345,10.017639891448974,0.00012860007584095112,0.0,0.0,0.0,1.0
1754723730239338132,0,1754723730239140033,map,MoraiInfo,-5.201245212402345,10.017639891448974,0.00012860007584095112,0.0,0.0,0.0,1.0
1754723730271557561,0,1754723730271345138,map,MoraiInfo,-5.229722881164552,10.008423106018066,-1.6218721866606556e-05,0.0,0.0,0.0,1.0
1754723730304746586,0,1754723730304497003,map,MoraiInfo,-5.262387180175782,9.997831599060058,0.0001339961588382732,0.0,0.0,0.0,1.0
1754723730305908256,0,1754723730305622339,map,MoraiInfo,-5.262387180175782,9.997831599060058,0.0001339961588382732,0.0,0.0,0.0,1.0
1754723730332122618,0,1754723730331899166,map,MoraiInfo,-5.295962238159181,9.98692156488037,0.0006177958846092235,0.0,0.0,0.0,1.0
1754723730354211341,0,1754723730353941202,map,MoraiInfo,-5.3210801123046885,9.978758112731933,0.0008981016278266918,0.0,0.0,0.0,1.0
1754723730395154040,0,1754723730394904851,map,MoraiInfo,-5.3210801123046885,9.978758112731933,0.0008981016278266918,0.0,0.0,0.0,1.0
1754723730400440244,0,1754723730400196552,map,MoraiInfo,-5.3481234548950205,9.96925856286621,0.0011610065400600444,0.0,0.0,0.0,1.0
1754723730423592278,0,1754723730423309564,map,MoraiInfo,-5.372277164306642,9.959802882019043,0.0012937945127487194,0.0,0.0,0.0,1.0
1754723730424622505,0,1754723730424432992,map,MoraiInfo,-5.372277164306642,9.959802882019043,0.0012937945127487194,0.0,0.0,0.0,1.0
1754723730453857222,0,1754723730453667640,map,MoraiInfo,-5.394750499572755,9.950319544616699,0.0013669145107269298,0.0,0.0,0.0,1.0
1754723730506815839,0,1754723730506627559,map,MoraiInfo,-5.417487048950196,9.940087096038818,0.0014103625714778911,0.0,0.0,0.0,1.0
1754723730508777976,0,1754723730508543729,map,MoraiInfo,-5.417487048950196,9.940087096038818,0.0014103625714778911,0.0,0.0,0.0,1.0
1754723730535659081,0,1754723730535415410,map,MoraiInfo,-5.440583133544923,9.928953425231933,0.001429007649421693,0.0,0.0,0.0,1.0
1754723730553601771,0,1754723730553113698,map,MoraiInfo,-5.455811405029298,9.921173350158691,0.0014305573701858532,0.0,0.0,0.0,1.0
1754723730592682578,0,1754723730592424869,map,MoraiInfo,-5.455811405029298,9.921173350158691,0.0014305573701858532,0.0,0.0,0.0,1.0
1754723730611727355,0,1754723730611487627,map,MoraiInfo,-5.474158191528321,9.911332384887695,0.001424451619386674,0.0,0.0,0.0,1.0
1754723730617353248,0,1754723730617130517,map,MoraiInfo,-5.490576648559571,9.902035490814209,0.0014124710857868206,0.0,0.0,0.0,1.0
1754723730640596413,0,1754723730640361785,map,MoraiInfo,-5.490576648559571,9.902035490814209,0.0014124710857868206,0.0,0.0,0.0,1.0
1754723730651306135,0,1754723730651088476,map,MoraiInfo,-5.506523990478517,9.892552630249023,0.0013964001834392559,0.0,0.0,0.0,1.0
1754723730700206285,0,1754723730699949741,map,MoraiInfo,-5.522086047973634,9.88297106439209,0.001344786286354066,0.0,0.0,0.0,1.0
1754723730702533312,0,1754723730702322721,map,MoraiInfo,-5.522086047973634,9.88297106439209,0.001344786286354066,0.0,0.0,0.0,1.0
1754723730718338613,0,1754723730717780828,map,MoraiInfo,-5.5378207205200205,9.87367226296997,0.0013253104686737072,0.0,0.0,0.0,1.0
1754723730751255966,0,1754723730750965595,map,MoraiInfo,-5.550596141662599,9.866118685546875,0.0013143134117126476,0.0,0.0,0.0,1.0
1754723730769094025,0,1754723730768813610,map,MoraiInfo,-5.550596141662599,9.866118685546875,0.0013143134117126476,0.0,0.0,0.0,1.0
1754723730797244972,0,1754723730797016382,map,MoraiInfo,-5.564618968811036,9.857785479370117,0.001294815242290498,0.0,0.0,0.0,1.0
1754723730813988939,0,1754723730813788414,map,MoraiInfo,-5.578628444519044,9.8494255703125,0.001275685876607896,0.0,0.0,0.0,1.0
1754723730833450790,0,1754723730833208560,map,MoraiInfo,-5.578628444519044,9.8494255703125,0.001275685876607896,0.0,0.0,0.0,1.0
1754723730850121948,0,1754723730849910497,map,MoraiInfo,-5.59342660888672,9.84055163079834,0.000692327767610551,0.0,0.0,0.0,1.0
1754723730893031378,0,1754723730892775058,map,MoraiInfo,-5.612955951538087,9.828842417541503,0.0003753148764371883,0.0,0.0,0.0,1.0
1754723730900394595,0,1754723730900116920,map,MoraiInfo,-5.612955951538087,9.828842417541503,0.0003753148764371883,0.0,0.0,0.0,1.0
1754723730915966698,0,1754723730915470361,map,MoraiInfo,-5.6356247900390635,9.815251604858398,0.00013725578784942738,0.0,0.0,0.0,1.0
1754723730950193574,0,1754723730949981451,map,MoraiInfo,-5.661990070190431,9.79943777734375,-1.8818974494932972e-05,0.0,0.0,0.0,1.0
1754723730970769040,0,1754723730970486640,map,MoraiInfo,-5.661990070190431,9.79943777734375,-1.8818974494932972e-05,0.0,0.0,0.0,1.0
1754723730982421390,0,1754723730982118606,map,MoraiInfo,-5.695251369323731,9.779464976135253,-0.00012711688876151928,0.0,0.0,0.0,1.0
1754723731029958112,0,1754723731029681921,map,MoraiInfo,-5.730955982055665,9.758008734527587,-0.0001775759458541859,0.0,0.0,0.0,1.0
1754723731031535370,0,1754723731031232595,map,MoraiInfo,-5.730955982055665,9.758008734527587,-0.0001775759458541859,0.0,0.0,0.0,1.0
1754723731046176100,0,1754723731045842170,map,MoraiInfo,-5.764416599121095,9.737890021148681,7.007017731666676e-05,0.0,0.0,0.0,1.0
1754723731081528884,0,1754723731081348180,map,MoraiInfo,-5.7949923513793955,9.718692557159423,0.0006089818477630626,0.0,0.0,0.0,1.0
1754723731103606899,0,1754723731103331804,map,MoraiInfo,-5.7949923513793955,9.718692557159423,0.0006089818477630626,0.0,0.0,0.0,1.0
1754723731110373420,0,1754723731110181331,map,MoraiInfo,-5.826681995239259,9.696983115020751,0.0009824123978614818,0.0,0.0,0.0,1.0
1754723731147095782,0,1754723731146878480,map,MoraiInfo,-5.85538949951172,9.675742403808593,0.0012215983867645275,0.0,0.0,0.0,1.0
1754723731168670983,0,1754723731168387651,map,MoraiInfo,-5.85538949951172,9.675742403808593,0.0012215983867645275,0.0,0.0,0.0,1.0
1754723731203496709,0,1754723731202953815,map,MoraiInfo,-5.881699466552735,9.654907481018066,0.0013784703612327587,0.0,0.0,0.0,1.0
1754723731233004324,0,1754723731232788801,map,MoraiInfo,-5.905465030517579,9.634731070343017,0.0014737819135189067,0.0,0.0,0.0,1.0
1754723731255890465,0,1754723731255620241,map,MoraiInfo,-5.905465030517579,9.634731070343017,0.0014737819135189067,0.0,0.0,0.0,1.0
1754723731257021284,0,1754723731256808519,map,MoraiInfo,-5.9294270513916025,9.612912909332275,0.0015336138010025036,0.0,0.0,0.0,1.0
1754723731279604702,0,1754723731279381036,map,MoraiInfo,-5.948503398742677,9.594412104431152,0.0015594747662544262,0.0,0.0,0.0,1.0
1754723731300197582,0,1754723731299966096,map,MoraiInfo,-5.948503398742677,9.594412104431152,0.0015594747662544262,0.0,0.0,0.0,1.0
1754723731309819695,0,1754723731309557676,map,MoraiInfo,-5.967163944091798,9.575172201934814,0.0015683260560035717,0.0,0.0,0.0,1.0
1754723731348588400,0,1754723731348005533,map,MoraiInfo,-5.9837998388671885,9.556959406677246,0.001564086675643922,0.0,0.0,0.0,1.0
1754723731371420880,0,1754723731371080160,map,MoraiInfo,-5.9837998388671885,9.556959406677246,0.001564086675643922,0.0,0.0,0.0,1.0
1754723731397990254,0,1754723731397738456,map,MoraiInfo,-6.000111484375001,9.538116709533691,0.0015502434968948375,0.0,0.0,0.0,1.0
1754723731409865056,0,1754723731409628391,map,MoraiInfo,-6.015249156799317,9.519642607513427,0.0014850546419620525,0.0,0.0,0.0,1.0
1754723731432258671,0,1754723731432012319,map,MoraiInfo,-6.015249156799317,9.519642607513427,0.0014850546419620525,0.0,0.0,0.0,1.0
1754723731444132768,0,1754723731443851709,map,MoraiInfo,-6.0288743017578135,9.50345160180664,0.0014741805195808422,0.0,0.0,0.0,1.0
1754723731505509184,0,1754723731505226850,map,MoraiInfo,-6.042405986633302,9.487321154418945,0.0014474776387214672,0.0,0.0,0.0,1.0
1754723731511282166,0,1754723731511052370,map,MoraiInfo,-6.042405986633302,9.487321154418945,0.0014474776387214672,0.0,0.0,0.0,1.0
1754723731529529445,0,1754723731529325962,map,MoraiInfo,-6.05653467163086,9.470383421722412,0.0014161702990531932,0.0,0.0,0.0,1.0
1754723731542401411,0,1754723731542170524,map,MoraiInfo,-6.069236659851075,9.45508267098999,0.0013879773020744335,0.0,0.0,0.0,1.0
1754723731562500759,0,1754723731562217950,map,MoraiInfo,-6.069236659851075,9.45508267098999,0.0013879773020744335,0.0,0.0,0.0,1.0
1754723731594331616,0,1754723731594056367,map,MoraiInfo,-6.079701328125001,9.442445055786132,0.0013655510544776928,0.0,0.0,0.0,1.0
1754723731625839069,0,1754723731625334739,map,MoraiInfo,-6.09121599182129,9.428509013000488,0.0013430912792682659,0.0,0.0,0.0,1.0
1754723731643621138,0,1754723731643396139,map,MoraiInfo,-6.09121599182129,9.428509013000488,0.0013430912792682659,0.0,0.0,0.0,1.0
1754723731666498601,0,1754723731666215658,map,MoraiInfo,-6.105150127258302,9.411669031921386,0.0007330880314111721,0.0,0.0,0.0,1.0
1754723731685388418,0,1754723731685182094,map,MoraiInfo,-6.121436023559571,9.391962305847168,0.0003978547453880321,0.0,0.0,0.0,1.0
1754723731705713529,0,1754723731705515146,map,MoraiInfo,-6.121436023559571,9.391962305847168,0.0003978547453880321,0.0,0.0,0.0,1.0
1754723731726352502,0,1754723731726149559,map,MoraiInfo,-6.140428447570802,9.36893822366333,0.00015476837754249684,0.0,0.0,0.0,1.0
1754723731745148375,0,1754723731744596481,map,MoraiInfo,-6.161959552612306,9.342797056976318,2.2475421428691522e-06,0.0,0.0,0.0,1.0
1754723731778801032,0,1754723731778575897,map,MoraiInfo,-6.161959552612306,9.342797056976318,2.2475421428691522e-06,0.0,0.0,0.0,1.0
1754723731783145569,0,1754723731782957553,map,MoraiInfo,-6.186291599121095,9.31323935205078,-7.652744650840648e-05,0.0,0.0,0.0,1.0
1754723731827166245,0,1754723731826894998,map,MoraiInfo,-6.211335086669923,9.28279616052246,8.776903152465931e-05,0.0,0.0,0.0,1.0
1754723731829798599,0,1754723731829621553,map,MoraiInfo,-6.211335086669923,9.28279616052246,8.776903152465931e-05,0.0,0.0,0.0,1.0
1754723731852592320,0,1754723731852038621,map,MoraiInfo,-6.2356919287109385,9.25318361932373,0.0006631512939929973,0.0,0.0,0.0,1.0
1754723731892564465,0,1754723731892312049,map,MoraiInfo,-6.257412814941407,9.225413100067138,0.001068079173564912,0.0,0.0,0.0,1.0
1754723731911388404,0,1754723731911174058,map,MoraiInfo,-6.257412814941407,9.225413100067138,0.001068079173564912,0.0,0.0,0.0,1.0
1754723731915916174,0,1754723731915658473,map,MoraiInfo,-6.276950740661622,9.198425547424316,0.0012822237610816967,0.0,0.0,0.0,1.0
1754723731952177363,0,1754723731951959371,map,MoraiInfo,-6.293966197814942,9.17312933618164,0.0013980132341384899,0.0,0.0,0.0,1.0
1754723731962512647,0,1754723731962264776,map,MoraiInfo,-6.293966197814942,9.17312933618164,0.0013980132341384899,0.0,0.0,0.0,1.0
1754723731989317077,0,1754723731989121675,map,MoraiInfo,-6.310475253906251,9.146975771728515,0.001478896737098695,0.0,0.0,0.0,1.0
1754723732031283366,0,1754723732031070947,map,MoraiInfo,-6.324975871887208,9.122378126922607,0.001522326171398164,0.0,0.0,0.0,1.0
1754723732032889477,0,1754723732032663822,map,MoraiInfo,-6.324975871887208,9.122378126922607,0.001522326171398164,0.0,0.0,0.0,1.0
1754723732042607148,0,1754723732042387247,map,MoraiInfo,-6.338600063171388,9.097475306335449,0.0015401628613471996,0.0,0.0,0.0,1.0
1754723732080464640,0,1754723732080213546,map,MoraiInfo,-6.34922494873047,9.076667563262939,0.001540457159280778,0.0,0.0,0.0,1.0
1754723732113997218,0,1754723732113726615,map,MoraiInfo,-6.34922494873047,9.076667563262939,0.001540457159280778,0.0,0.0,0.0,1.0
1754723732134704298,0,1754723732134526252,map,MoraiInfo,-6.359657192077638,9.05489088708496,0.0015309464931488048,0.0,0.0,0.0,1.0
1754723732144654637,0,1754723732144378423,map,MoraiInfo,-6.368514919128419,9.035027281585693,0.0014821898937225353,0.0,0.0,0.0,1.0
1754723732147462131,0,1754723732147255659,map,MoraiInfo,-6.368514919128419,9.035027281585693,0.0014821898937225353,0.0,0.0,0.0,1.0
1754723732177332612,0,1754723732176851987,map,MoraiInfo,-6.377440357055665,9.015469805541992,0.0014670167863369,0.0,0.0,0.0,1.0
1754723732218998676,0,1754723732218762636,map,MoraiInfo,-6.386266612854005,8.996238486114501,0.0014396806061267864,0.0,0.0,0.0,1.0
1754723732230909776,0,1754723732230641841,map,MoraiInfo,-6.386266612854005,8.996238486114501,0.0014396806061267864,0.0,0.0,0.0,1.0
1754723732238344719,0,1754723732238111019,map,MoraiInfo,-6.395104312744142,8.97688557321167,0.0014076468348503124,0.0,0.0,0.0,1.0
1754723732289924364,0,1754723732289686679,map,MoraiInfo,-6.402344608154298,8.960940138641357,0.0013820801675319683,0.0,0.0,0.0,1.0
1754723732291477593,0,1754723732291261911,map,MoraiInfo,-6.402344608154298,8.960940138641357,0.0013820801675319683,0.0,0.0,0.0,1.0
1754723732312849623,0,1754723732312353134,map,MoraiInfo,-6.410102748718263,8.943780199829101,0.0014034149050712597,0.0,0.0,0.0,1.0
1754723732362342748,0,1754723732362145900,map,MoraiInfo,-6.416436099853517,8.928169028106689,0.0013943251967430126,0.0,0.0,0.0,1.0
1754723732366494499,0,1754723732366226911,map,MoraiInfo,-6.416436099853517,8.928169028106689,0.0013943251967430126,0.0,0.0,0.0,1.0
1754723732373563030,0,1754723732373380661,map,MoraiInfo,-6.422058009948731,8.913517252746582,0.0013744284212589275,0.0,0.0,0.0,1.0
1754723732418042866,0,1754723732417660236,map,MoraiInfo,-6.427597904052735,8.898333803955078,0.0013480161130428325,0.0,0.0,0.0,1.0
1754723732444009734,0,1754723732443587541,map,MoraiInfo,-6.427597904052735,8.898333803955078,0.0013480161130428325,0.0,0.0,0.0,1.0
1754723732464252396,0,1754723732463996887,map,MoraiInfo,-6.432451152648927,8.884309546295166,0.0013229337334632885,0.0,0.0,0.0,1.0
1754723732488246949,0,1754723732488007068,map,MoraiInfo,-6.436677837219239,8.871482149902343,0.0013014090061187755,0.0,0.0,0.0,1.0
1754723732492848391,0,1754723732492617368,map,MoraiInfo,-6.436677837219239,8.871482149902343,0.0013014090061187755,0.0,0.0,0.0,1.0
1754723732520369769,0,1754723732520126104,map,MoraiInfo,-6.440966510620118,8.857857958618164,0.0012363561242818843,0.0,0.0,0.0,1.0
1754723732555930320,0,1754723732555544137,map,MoraiInfo,-6.447242641296388,8.837794558349609,0.0006390244513750087,0.0,0.0,0.0,1.0
1754723732572113393,0,1754723732571777820,map,MoraiInfo,-6.447242641296388,8.837794558349609,0.0006390244513750087,0.0,0.0,0.0,1.0
1754723732603772445,0,1754723732603539943,map,MoraiInfo,-6.452586078491212,8.820578829589843,0.00034997358918190113,0.0,0.0,0.0,1.0
1754723732640736994,0,1754723732640495061,map,MoraiInfo,-6.459814929809571,8.796471850219726,0.00011605143547058216,0.0,0.0,0.0,1.0
1754723732642345858,0,1754723732642107963,map,MoraiInfo,-6.459814929809571,8.796471850219726,0.00011605143547058216,0.0,0.0,0.0,1.0
1754723732646483942,0,1754723732646298170,map,MoraiInfo,-6.468329334106446,8.766915575805664,-4.044428467750438e-05,0.0,0.0,0.0,1.0
1754723732680019087,0,1754723732679589271,map,MoraiInfo,-6.477949046936036,8.732819573226928,-0.00012432292103767284,0.0,0.0,0.0,1.0
1754723732702328923,0,1754723732702081441,map,MoraiInfo,-6.477949046936036,8.732819573226928,-0.00012432292103767284,0.0,0.0,0.0,1.0
1754723732724231625,0,1754723732724030971,map,MoraiInfo,-6.4891499517822275,8.692407862487793,0.00017435409128666035,0.0,0.0,0.0,1.0
1754723732737344636,0,1754723732736945390,map,MoraiInfo,-6.498268985595704,8.65927960092163,0.0005863916873931896,0.0,0.0,0.0,1.0
1754723732763485886,0,1754723732763226985,map,MoraiInfo,-6.498268985595704,8.65927960092163,0.0005863916873931896,0.0,0.0,0.0,1.0
1754723732785555823,0,1754723732785353660,map,MoraiInfo,-6.506426715698243,8.62952353173828,0.000898200348019601,0.0,0.0,0.0,1.0
1754723732804483735,0,1754723732804225444,map,MoraiInfo,-6.514800929870606,8.598502651992797,0.0011929173767566692,0.0,0.0,0.0,1.0
1754723732823020815,0,1754723732822770357,map,MoraiInfo,-6.514800929870606,8.598502651992797,0.0011929173767566692,0.0,0.0,0.0,1.0
1754723732836269614,0,1754723732835870742,map,MoraiInfo,-6.521078967895509,8.570961491409301,0.001342044472694398,0.0,0.0,0.0,1.0
1754723732884818791,0,1754723732884632110,map,MoraiInfo,-6.526299381103517,8.5447220962677,0.0014273647964000713,0.0,0.0,0.0,1.0
1754723732884964126,0,1754723732884787082,map,MoraiInfo,-6.526299381103517,8.5447220962677,0.0014273647964000713,0.0,0.0,0.0,1.0
1754723732914684211,0,1754723732914449453,map,MoraiInfo,-6.530795001831056,8.51868130380249,0.001472872942686082,0.0,0.0,0.0,1.0
1754723732936015782,0,1754723732935823440,map,MoraiInfo,-6.534530544128419,8.492734686676025,0.0014912535250186931,0.0,0.0,0.0,1.0
1754723732957530123,0,1754723732957320928,map,MoraiInfo,-6.534530544128419,8.492734686676025,0.0014912535250186931,0.0,0.0,0.0,1.0
1754723732984305985,0,1754723732984054327,map,MoraiInfo,-6.537136936035157,8.47029616052246,0.0014923748373985302,0.0,0.0,0.0,1.0
1754723733007066439,0,1754723733006579875,map,MoraiInfo,-6.539191150512696,8.448222414794921,0.0014838960766792308,0.0,0.0,0.0,1.0
1754723733033221433,0,1754723733032960414,map,MoraiInfo,-6.539191150512696,8.448222414794921,0.0014838960766792308,0.0,0.0,0.0,1.0
1754723733040576590,0,1754723733040356874,map,MoraiInfo,-6.540810489501954,8.424259201828002,0.0014660668373107921,0.0,0.0,0.0,1.0
1754723733067303854,0,1754723733067023038,map,MoraiInfo,-6.541628742065431,8.405534521881103,0.0014205512404441845,0.0,0.0,0.0,1.0
1754723733087068464,0,1754723733086801052,map,MoraiInfo,-6.541628742065431,8.405534521881103,0.0014205512404441845,0.0,0.0,0.0,1.0
1754723733105253109,0,1754723733104854106,map,MoraiInfo,-6.542574786987306,8.387920395675659,0.001409684568643571,0.0,0.0,0.0,1.0
1754723733154537760,0,1754723733154332637,map,MoraiInfo,-6.543698215332032,8.368326203170776,0.0013779786229133617,0.0,0.0,0.0,1.0
1754723733158132733,0,1754723733157931327,map,MoraiInfo,-6.543698215332032,8.368326203170776,0.0013779786229133617,0.0,0.0,0.0,1.0
1754723733170060418,0,1754723733169856071,map,MoraiInfo,-6.544706249084474,8.350254074874877,0.0013499681651592266,0.0,0.0,0.0,1.0
1754723733209539150,0,1754723733209342718,map,MoraiInfo,-6.545577907409669,8.33404733354187,0.0013283838331699382,0.0,0.0,0.0,1.0
1754723733225027181,0,1754723733224792480,map,MoraiInfo,-6.545577907409669,8.33404733354187,0.0013283838331699382,0.0,0.0,0.0,1.0
1754723733253216442,0,1754723733252980947,map,MoraiInfo,-6.54649057373047,8.316504494491577,0.001307373195886613,0.0,0.0,0.0,1.0
1754723733294035388,0,1754723733293529510,map,MoraiInfo,-6.547329807128907,8.300041930023193,0.0012889628112316143,0.0,0.0,0.0,1.0
1754723733327080108,0,1754723733326798439,map,MoraiInfo,-6.547329807128907,8.300041930023193,0.0012889628112316143,0.0,0.0,0.0,1.0
1754723733327357680,0,1754723733327059268,map,MoraiInfo,-6.548037433471681,8.286005751434326,0.0012738753855228435,0.0,0.0,0.0,1.0
1754723733360581580,0,1754723733360295057,map,MoraiInfo,-6.548790836181642,8.27100302392578,0.001258177012205125,0.0,0.0,0.0,1.0
1754723733380650315,0,1754723733380415678,map,MoraiInfo,-6.548790836181642,8.27100302392578,0.001258177012205125,0.0,0.0,0.0,1.0
1754723733401634083,0,1754723733401322603,map,MoraiInfo,-6.5494832037353525,8.257220284286499,0.0012442220747470867,0.0,0.0,0.0,1.0
1754723733422779473,0,1754723733422500848,map,MoraiInfo,-6.550103092041017,8.243397013488769,0.0012671102583408367,0.0,0.0,0.0,1.0
1754723733426693200,0,1754723733426492452,map,MoraiInfo,-6.550103092041017,8.243397013488769,0.0012671102583408367,0.0,0.0,0.0,1.0
1754723733437176742,0,1754723733436949014,map,MoraiInfo,-6.550257587280274,8.230484978500366,0.0012619172036647808,0.0,0.0,0.0,1.0
1754723733466805770,0,1754723733466357469,map,MoraiInfo,-6.550202274169923,8.218668715301513,0.001248290091753007,0.0,0.0,0.0,1.0
1754723733493358821,0,1754723733493096113,map,MoraiInfo,-6.550202274169923,8.218668715301513,0.001248290091753007,0.0,0.0,0.0,1.0
1754723733503256904,0,1754723733503053903,map,MoraiInfo,-6.550010585632325,8.207009569946289,0.001232869252562524,0.0,0.0,0.0,1.0
1754723733534026423,0,1754723733533763408,map,MoraiInfo,-6.549691104736329,8.195674673858642,0.0012178712338209163,0.0,0.0,0.0,1.0
1754723733562126441,0,1754723733561925649,map,MoraiInfo,-6.549691104736329,8.195674673858642,0.0012178712338209163,0.0,0.0,0.0,1.0
1754723733584528273,0,1754723733584282398,map,MoraiInfo,-6.549231433715821,8.184539095703125,0.0012037430703639995,0.0,0.0,0.0,1.0
1754723733617268621,0,1754723733616882085,map,MoraiInfo,-6.548686885681153,8.174077288452148,0.0011916135251522075,0.0,0.0,0.0,1.0
1754723733642282673,0,1754723733642026424,map,MoraiInfo,-6.548686885681153,8.174077288452148,0.0011916135251522075,0.0,0.0,0.0,1.0
1754723733645596171,0,1754723733645362377,map,MoraiInfo,-6.547959232177735,8.162646309677124,0.0011796721071004879,0.0,0.0,0.0,1.0
1754723733673892167,0,1754723733673624992,map,MoraiInfo,-6.547269725646974,8.153403059783935,0.0011555601656436931,0.0,0.0,0.0,1.0
1754723733706027888,0,1754723733705790281,map,MoraiInfo,-6.547269725646974,8.153403059783935,0.0011555601656436931,0.0,0.0,0.0,1.0
1754723733714147955,0,1754723733713943958,map,MoraiInfo,-6.546765231933595,8.143990771118164,0.001154736876487733,0.0,0.0,0.0,1.0
1754723733735915668,0,1754723733735647678,map,MoraiInfo,-6.546310329284669,8.134465710464477,0.0011441943049430858,0.0,0.0,0.0,1.0
1754723733739484938,0,1754723733739273786,map,MoraiInfo,-6.546310329284669,8.134465710464477,0.0011441943049430858,0.0,0.0,0.0,1.0
1754723733782790694,0,1754723733782272338,map,MoraiInfo,-6.545883083190919,8.125278250518798,0.0011346277594566356,0.0,0.0,0.0,1.0
1754723733832447322,0,1754723733832243204,map,MoraiInfo,-6.545428180541993,8.115714804473876,0.0011275459825992595,0.0,0.0,0.0,1.0
1754723733869727785,0,1754723733869499683,map,MoraiInfo,-6.545428180541993,8.115714804473876,0.0011275459825992595,0.0,0.0,0.0,1.0
1754723733869829519,0,1754723733869678258,map,MoraiInfo,-6.545017146911622,8.107232348266601,0.0011219636350870144,0.0,0.0,0.0,1.0
1754723733898921547,0,1754723733898679018,map,MoraiInfo,-6.544587993469239,8.09858681375122,0.0011174392700195324,0.0,0.0,0.0,1.0
1754723733900158762,0,1754723733899916648,map,MoraiInfo,-6.544587993469239,8.09858681375122,0.0011174392700195324,0.0,0.0,0.0,1.0
1754723733921238351,0,1754723733921000003,map,MoraiInfo,-6.544108295288087,8.089081780258178,0.0008964885771274578,0.0,0.0,0.0,1.0
1754723733947100814,0,1754723733946866989,map,MoraiInfo,-6.5434407232666025,8.07560064012146,0.0004923076182603847,0.0,0.0,0.0,1.0
1754723733960020201,0,1754723733959782838,map,MoraiInfo,-6.5434407232666025,8.07560064012146,0.0004923076182603847,0.0,0.0,0.0,1.0
1754723733965559705,0,1754723733965339899,map,MoraiInfo,-6.542548084106446,8.057666079345703,0.0001741342991590511,0.0,0.0,0.0,1.0
1754723734017700205,0,1754723734017445564,map,MoraiInfo,-6.541437053527833,8.035384194198608,-1.869790256023296e-05,0.0,0.0,0.0,1.0
1754723734019696348,0,1754723734019454002,map,MoraiInfo,-6.541437053527833,8.035384194198608,-1.869790256023296e-05,0.0,0.0,0.0,1.0
1754723734058727127,0,1754723734058483362,map,MoraiInfo,-6.540110492553712,8.008842961135864,-0.00015178948640823253,0.0,0.0,0.0,1.0
1754723734083420102,0,1754723734083184480,map,MoraiInfo,-6.538355731811524,7.973936573806762,-0.00023776546120643505,0.0,0.0,0.0,1.0
1754723734091963253,0,1754723734091672658,map,MoraiInfo,-6.538355731811524,7.973936573806762,-0.00023776546120643505,0.0,0.0,0.0,1.0
1754723734117873099,0,1754723734117576599,map,MoraiInfo,-6.536648654785157,7.940167919937133,-0.00027298249304294475,0.0,0.0,0.0,1.0
1754723734152923243,0,1754723734152687311,map,MoraiInfo,-6.534833812561036,7.9044633072052,-0.00028488852083682903,0.0,0.0,0.0,1.0
1754723734156394104,0,1754723734156219959,map,MoraiInfo,-6.534833812561036,7.9044633072052,-0.00028488852083682903,0.0,0.0,0.0,1.0
1754723734164599123,0,1754723734164287328,map,MoraiInfo,-6.53263559326172,7.861493126693725,-0.0002760539948940266,0.0,0.0,0.0,1.0
1754723734221490983,0,1754723734220992088,map,MoraiInfo,-6.530334377136231,7.816848055664062,-6.313875317573436e-05,0.0,0.0,0.0,1.0
1754723734232173267,0,1754723734231879949,map,MoraiInfo,-6.530334377136231,7.816848055664062,-6.313875317573436e-05,0.0,0.0,0.0,1.0
1754723734247061515,0,1754723734246820449,map,MoraiInfo,-6.527893924560548,7.769691483322143,0.0005230338126420986,0.0,0.0,0.0,1.0
1754723734284287551,0,1754723734284056663,map,MoraiInfo,-6.525824451293946,7.7297260921630855,0.0008333691209554683,0.0,0.0,0.0,1.0
1754723734288304638,0,1754723734288108825,map,MoraiInfo,-6.525824451293946,7.7297260921630855,0.0008333691209554683,0.0,0.0,0.0,1.0
1754723734316172424,0,1754723734315929889,map,MoraiInfo,-6.523741626586915,7.689577833953857,0.001069401651620866,0.0,0.0,0.0,1.0
1754723734333597492,0,1754723734333383798,map,MoraiInfo,-6.521435642089845,7.645126120391845,0.001270902603864671,0.0,0.0,0.0,1.0
1754723734345874001,0,1754723734345638036,map,MoraiInfo,-6.521435642089845,7.645126120391845,0.001270902603864671,0.0,0.0,0.0,1.0
1754723734365005072,0,1754723734364734411,map,MoraiInfo,-6.51979436859131,7.613509671035766,0.0013735418021678936,0.0,0.0,0.0,1.0
1754723734423725077,0,1754723734423498868,map,MoraiInfo,-6.518038654174806,7.5797228973541255,0.0014516350626945507,0.0,0.0,0.0,1.0
1754723734425562689,0,1754723734425326108,map,MoraiInfo,-6.518038654174806,7.5797228973541255,0.0014516350626945507,0.0,0.0,0.0,1.0
1754723734428624679,0,1754723734428422689,map,MoraiInfo,-6.516252422180177,7.545356766525268,0.001503487378358842,0.0,0.0,0.0,1.0
1754723734467199406,0,1754723734466655731,map,MoraiInfo,-6.514658832397462,7.514679924789428,0.0015296947956085216,0.0,0.0,0.0,1.0
1754723734506831898,0,1754723734506584882,map,MoraiInfo,-6.514658832397462,7.514679924789428,0.0015296947956085216,0.0,0.0,0.0,1.0
1754723734512961530,0,1754723734512758255,map,MoraiInfo,-6.513107204284669,7.484872118774414,0.0015405242145061504,0.0,0.0,0.0,1.0
1754723734534521216,0,1754723734534299850,map,MoraiInfo,-6.511628055419923,7.453189627471923,0.0016191203892230999,0.0,0.0,0.0,1.0
1754723734556016138,0,1754723734555811882,map,MoraiInfo,-6.511628055419923,7.453189627471923,0.0016191203892230999,0.0,0.0,0.0,1.0
1754723734581636400,0,1754723734581392288,map,MoraiInfo,-6.511446857299806,7.425673262420654,0.001621888279914857,0.0,0.0,0.0,1.0
1754723734599676954,0,1754723734599429845,map,MoraiInfo,-6.511835956420899,7.404830233398437,0.0016085368394851696,0.0,0.0,0.0,1.0
1754723734624257636,0,1754723734624003887,map,MoraiInfo,-6.511835956420899,7.404830233398437,0.0016085368394851696,0.0,0.0,0.0,1.0
1754723734657805514,0,1754723734657592058,map,MoraiInfo,-6.5127657888793955,7.3813445728454585,0.001581595540046693,0.0,0.0,0.0,1.0
1754723734661803286,0,1754723734661581039,map,MoraiInfo,-6.5141133306884775,7.359938160720825,0.0015091945230960857,0.0,0.0,0.0,1.0
1754723734665454578,0,1754723734665250062,map,MoraiInfo,-6.5141133306884775,7.359938160720825,0.0015091945230960857,0.0,0.0,0.0,1.0
1754723734704060727,0,1754723734703547477,map,MoraiInfo,-6.515143298950196,7.338911787811279,0.001475801020860673,0.0,0.0,0.0,1.0
1754723734751538266,0,1754723734751315116,map,MoraiInfo,-6.516287708129884,7.316708580795288,0.001282935291528703,0.0,0.0,0.0,1.0
1754723734769019707,0,1754723734768731355,map,MoraiInfo,-6.516287708129884,7.316708580795288,0.001282935291528703,0.0,0.0,0.0,1.0
1754723734791762555,0,1754723734791541337,map,MoraiInfo,-6.517626666870118,7.29160930329895,0.0007611282914876949,0.0,0.0,0.0,1.0
1754723734814077662,0,1754723734813788890,map,MoraiInfo,-6.519354724731446,7.2608375709686275,0.0003798317909240734,0.0,0.0,0.0,1.0
1754723734816116000,0,1754723734815864801,map,MoraiInfo,-6.519354724731446,7.2608375709686275,0.0003798317909240734,0.0,0.0,0.0,1.0
1754723734858444989,0,1754723734857757806,map,MoraiInfo,-6.521035098876954,7.230638520065307,0.00017838485538959614,0.0,0.0,0.0,1.0
1754723734895933721,0,1754723734895695447,map,MoraiInfo,-6.523086452331544,7.192739979568481,2.3094266653062023e-05,0.0,0.0,0.0,1.0
1754723734914306890,0,1754723734913880109,map,MoraiInfo,-6.523086452331544,7.192739979568481,2.3094266653062023e-05,0.0,0.0,0.0,1.0
1754723734914320313,0,1754723734914064407,map,MoraiInfo,-6.525166416015626,7.153670565429687,-6.020694971084484e-05,0.0,0.0,0.0,1.0
1754723734935122152,0,1754723734934608459,map,MoraiInfo,-6.527716541137696,7.106213347259521,-0.00010890766978263744,0.0,0.0,0.0,1.0
1754723734941596900,0,1754723734941112756,map,MoraiInfo,-6.527716541137696,7.106213347259521,-0.00010890766978263744,0.0,0.0,0.0,1.0
1754723734967654590,0,1754723734967458724,map,MoraiInfo,-6.530147456970216,7.060868517700195,-0.00012022510170936473,0.0,0.0,0.0,1.0
1754723735025246867,0,1754723735024995088,map,MoraiInfo,-6.532702350463868,7.013369099441528,0.00015867993235588185,0.0,0.0,0.0,1.0
1754723735032351414,0,1754723735032126903,map,MoraiInfo,-6.532702350463868,7.013369099441528,0.00015867993235588185,0.0,0.0,0.0,1.0
1754723735053529864,0,1754723735053293704,map,MoraiInfo,-6.53538217529297,6.963164345565795,0.0006452102959156047,0.0,0.0,0.0,1.0
1754723735076634857,0,1754723735076402187,map,MoraiInfo,-6.5381211279296885,6.911818758789062,0.0009804119169712078,0.0,0.0,0.0,1.0
1754723735091471440,0,1754723735091230392,map,MoraiInfo,-6.5381211279296885,6.911818758789062,0.0009804119169712078,0.0,0.0,0.0,1.0
1754723735096438705,0,1754723735096235513,map,MoraiInfo,-6.540550136413575,6.866266028228759,0.0011927497386932384,0.0,0.0,0.0,1.0
1754723735148021160,0,1754723735147785663,map,MoraiInfo,-6.542380237426759,6.831965700927734,0.0013104577362537395,0.0,0.0,0.0,1.0
1754723735150011774,0,1754723735149778127,map,MoraiInfo,-6.542380237426759,6.831965700927734,0.0013104577362537395,0.0,0.0,0.0,1.0
1754723735165332164,0,1754723735164817333,map,MoraiInfo,-6.544559383239747,6.791056172195434,0.001423427164554597,0.0,0.0,0.0,1.0
1754723735198630366,0,1754723735198385477,map,MoraiInfo,-6.546568775024415,6.753348366561889,0.0014974635839462291,0.0,0.0,0.0,1.0
1754723735205631788,0,1754723735205426216,map,MoraiInfo,-6.546568775024415,6.753348366561889,0.0014974635839462291,0.0,0.0,0.0,1.0
1754723735263723977,0,1754723735263457775,map,MoraiInfo,-6.548622989501954,6.7147631805572505,0.0013708074390888225,0.0,0.0,0.0,1.0
1754723735268837203,0,1754723735268654108,map,MoraiInfo,-6.551018619384767,6.669909612480163,0.0008269336819648754,0.0,0.0,0.0,1.0
1754723735292727250,0,1754723735292490720,map,MoraiInfo,-6.551018619384767,6.669909612480163,0.0008269336819648754,0.0,0.0,0.0,1.0
1754723735313843774,0,1754723735313615083,map,MoraiInfo,-6.553086185302735,6.631083504501342,0.0007622551918029796,0.0,0.0,0.0,1.0
1754723735361280747,0,1754723735360999822,map,MoraiInfo,-6.555371188964845,6.588065640274047,0.0010842953622341167,0.0,0.0,0.0,1.0
1754723735364755617,0,1754723735364494085,map,MoraiInfo,-6.555371188964845,6.588065640274047,0.0010842953622341167,0.0,0.0,0.0,1.0
1754723735368528041,0,1754723735368307828,map,MoraiInfo,-6.557393932189942,6.549706117454528,0.0013358530402183544,0.0,0.0,0.0,1.0
1754723735404469929,0,1754723735403978586,map,MoraiInfo,-6.560474300231935,6.514454619232177,0.0015165817737579357,0.0,0.0,0.0,1.0
1754723735444523696,0,1754723735444291830,map,MoraiInfo,-6.560474300231935,6.514454619232177,0.0015165817737579357,0.0,0.0,0.0,1.0
1754723735446750295,0,1754723735446490526,map,MoraiInfo,-6.564791583862306,6.47915972882843,0.0016113084554672252,0.0,0.0,0.0,1.0
1754723735489840994,0,1754723735489571332,map,MoraiInfo,-6.570061588134767,6.445424930397033,0.0016559001803398143,0.0,0.0,0.0,1.0
1754723735493272875,0,1754723735493053913,map,MoraiInfo,-6.570061588134767,6.445424930397033,0.0016559001803398143,0.0,0.0,0.0,1.0
1754723735513842155,0,1754723735513570308,map,MoraiInfo,-6.5757283209228525,6.415980831924438,0.0016665135324001323,0.0,0.0,0.0,1.0
1754723735545818814,0,1754723735545536994,map,MoraiInfo,-6.58199968322754,6.38790942842102,0.0016617488861083995,0.0,0.0,0.0,1.0
1754723735551275012,0,1754723735551061868,map,MoraiInfo,-6.58199968322754,6.38790942842102,0.0016617488861083995,0.0,0.0,0.0,1.0
1754723735578861141,0,1754723735578609228,map,MoraiInfo,-6.589122676696778,6.360041634384155,0.0016457785665988933,0.0,0.0,0.0,1.0
1754723735595106312,0,1754723735594871997,map,MoraiInfo,-6.596985721435548,6.332991973701477,0.0016227413713932048,0.0,0.0,0.0,1.0
1754723735613651938,0,1754723735613449335,map,MoraiInfo,-6.596985721435548,6.332991973701477,0.0016227413713932048,0.0,0.0,0.0,1.0
1754723735659960407,0,1754723735659674167,map,MoraiInfo,-6.604032420959474,6.311085478607177,0.0016003486514091503,0.0,0.0,0.0,1.0
1754723735683156268,0,1754723735682948112,map,MoraiInfo,-6.61157789215088,6.289453284088134,0.0015739288926124584,0.0,0.0,0.0,1.0
1754723735686530307,0,1754723735686323165,map,MoraiInfo,-6.61157789215088,6.289453284088134,0.0015739288926124584,0.0,0.0,0.0,1.0
1754723735689871327,0,1754723735689668416,map,MoraiInfo,-6.619309329833985,6.269091741386413,0.0015427817404270183,0.0,0.0,0.0,1.0
1754723735750484319,0,1754723735750118494,map,MoraiInfo,-6.627164745178224,6.24975241834259,0.0015112657845020305,0.0,0.0,0.0,1.0
1754723735766820199,0,1754723735766617774,map,MoraiInfo,-6.627164745178224,6.24975241834259,0.0015112657845020305,0.0,0.0,0.0,1.0
1754723735778003980,0,1754723735777750015,map,MoraiInfo,-6.636089229431153,6.2292003791961665,0.0014774550497531902,0.0,0.0,0.0,1.0
1754723735820928647,0,1754723735820713520,map,MoraiInfo,-6.64353647216797,6.213068620506286,0.0014512066543102276,0.0,0.0,0.0,1.0
1754723735843214337,0,1754723735842820882,map,MoraiInfo,-6.64353647216797,6.213068620506286,0.0014512066543102276,0.0,0.0,0.0,1.0
1754723735843244064,0,1754723735842987298,map,MoraiInfo,-6.65132513031006,6.197028176132202,0.0014255431294441234,0.0,0.0,0.0,1.0
1754723735863662454,0,1754723735863409042,map,MoraiInfo,-6.659488582458497,6.181007997337341,0.0013992984592914592,0.0,0.0,0.0,1.0
1754723735866425883,0,1754723735866231203,map,MoraiInfo,-6.659488582458497,6.181007997337341,0.0013992984592914592,0.0,0.0,0.0,1.0
1754723735896469904,0,1754723735895941972,map,MoraiInfo,-6.667237186279298,6.166554943862915,0.0013741564750671398,0.0,0.0,0.0,1.0
1754723735946165443,0,1754723735945917844,map,MoraiInfo,-6.675255679931642,6.1522021454010005,0.0013497968018054973,0.0,0.0,0.0,1.0
1754723735948985823,0,1754723735948788166,map,MoraiInfo,-6.675255679931642,6.1522021454010005,0.0013497968018054973,0.0,0.0,0.0,1.0
1754723735983552898,0,1754723735983071327,map,MoraiInfo,-6.682996654357911,6.1388635795745845,0.001295292079448701,0.0,0.0,0.0,1.0
1754723736014725993,0,1754723736014489650,map,MoraiInfo,-6.691185855712892,6.124027625862121,0.0012779024243354808,0.0,0.0,0.0,1.0
1754723736023399919,0,1754723736023163080,map,MoraiInfo,-6.691185855712892,6.124027625862121,0.0012779024243354808,0.0,0.0,0.0,1.0
1754723736054623312,0,1754723736054395437,map,MoraiInfo,-6.697337055053712,6.112881199661254,0.0012653593719005596,0.0,0.0,0.0,1.0
1754723736067045082,0,1754723736066222429,map,MoraiInfo,-6.703933620300294,6.100965754333496,0.0012477201223373424,0.0,0.0,0.0,1.0
1754723736079179990,0,1754723736078974008,map,MoraiInfo,-6.703933620300294,6.100965754333496,0.0012477201223373424,0.0,0.0,0.0,1.0
1754723736090872751,0,1754723736090627431,map,MoraiInfo,-6.711158656921388,6.087958590332031,0.0012305483967065822,0.0,0.0,0.0,1.0
1754723736157243680,0,1754723736156770229,map,MoraiInfo,-6.719242000427247,6.073539273086547,0.0006574460119009029,0.0,0.0,0.0,1.0
1754723736157261138,0,1754723736156949281,map,MoraiInfo,-6.719242000427247,6.073539273086547,0.0006574460119009029,0.0,0.0,0.0,1.0
1754723736169663985,0,1754723736169428825,map,MoraiInfo,-6.728934192504884,6.056246535125732,0.00036386147141456715,0.0,0.0,0.0,1.0
1754723736194873750,0,1754723736194612026,map,MoraiInfo,-6.741206073608399,6.034299866500854,0.00011968731880188099,0.0,0.0,0.0,1.0
1754723736212721124,0,1754723736212439298,map,MoraiInfo,-6.741206073608399,6.034299866500854,0.00011968731880188099,0.0,0.0,0.0,1.0
1754723736247511698,0,1754723736247275829,map,MoraiInfo,-6.756091022338868,6.007672564331054,-3.327123820781597e-05,0.0,0.0,0.0,1.0
1754723736261685704,0,1754723736261416196,map,MoraiInfo,-6.77351751312256,5.976482884231567,0.00016367554664611927,0.0,0.0,0.0,1.0
1754723736283390682,0,1754723736283108949,map,MoraiInfo,-6.77351751312256,5.976482884231567,0.00016367554664611927,0.0,0.0,0.0,1.0
1754723736328066594,0,1754723736327862501,map,MoraiInfo,-6.787537479248048,5.951371208969116,0.0005680017918348323,0.0,0.0,0.0,1.0
1754723736333743154,0,1754723736333559751,map,MoraiInfo,-6.803952121582032,5.921968952957153,0.0008870002627372753,0.0,0.0,0.0,1.0
1754723736334045444,0,1754723736333876371,map,MoraiInfo,-6.803952121582032,5.921968952957153,0.0008870002627372753,0.0,0.0,0.0,1.0
1754723736358044606,0,1754723736357833147,map,MoraiInfo,-6.815219783630372,5.901783720794677,0.001045675277709962,0.0,0.0,0.0,1.0
1754723736390743606,0,1754723736390508174,map,MoraiInfo,-6.828746700134278,5.877551810089111,0.0011816744506359111,0.0,0.0,0.0,1.0
1754723736413537188,0,1754723736413333177,map,MoraiInfo,-6.828746700134278,5.877551810089111,0.0011816744506359111,0.0,0.0,0.0,1.0
1754723736442599163,0,1754723736442368030,map,MoraiInfo,-6.842251682128907,5.853359238449096,0.0012720835208892833,0.0,0.0,0.0,1.0
1754723736467981738,0,1754723736467369556,map,MoraiInfo,-6.852658176269532,5.834794775787353,0.0013806086778640758,0.0,0.0,0.0,1.0
1754723736498110532,0,1754723736497827529,map,MoraiInfo,-6.852658176269532,5.834794775787353,0.0013806086778640758,0.0,0.0,0.0,1.0
1754723736519096467,0,1754723736518870115,map,MoraiInfo,-6.86499586090088,5.814653412643432,0.0014279161393642437,0.0,0.0,0.0,1.0
1754723736546101493,0,1754723736545858860,map,MoraiInfo,-6.876366519775392,5.7970338028106685,0.0014415544271469127,0.0,0.0,0.0,1.0
1754723736547658320,0,1754723736547428369,map,MoraiInfo,-6.876366519775392,5.7970338028106685,0.0014415544271469127,0.0,0.0,0.0,1.0
1754723736587166006,0,1754723736586800098,map,MoraiInfo,-6.888985538330079,5.778373734298706,0.001434539705514909,0.0,0.0,0.0,1.0
1754723736628636709,0,1754723736628363609,map,MoraiInfo,-6.901445293273927,5.760809556785583,0.001417418271303178,0.0,0.0,0.0,1.0
1754723736640210290,0,1754723736639966249,map,MoraiInfo,-6.901445293273927,5.760809556785583,0.001417418271303178,0.0,0.0,0.0,1.0
1754723736661045551,0,1754723736660835266,map,MoraiInfo,-6.910942935791017,5.747972742858886,0.0013722155988216411,0.0,0.0,0.0,1.0
1754723736678766799,0,1754723736678563594,map,MoraiInfo,-6.9200791357421885,5.735268966499328,0.0013551463186740886,0.0,0.0,0.0,1.0
1754723736681868223,0,1754723736681643724,map,MoraiInfo,-6.9200791357421885,5.735268966499328,0.0013551463186740886,0.0,0.0,0.0,1.0
1754723736690387380,0,1754723736690008401,map,MoraiInfo,-6.930865192260743,5.7201149027976985,0.0013261747360229503,0.0,0.0,0.0,1.0
1754723736730504138,0,1754723736729986190,map,MoraiInfo,-6.939473056640626,5.708018378559112,0.0013072465360164653,0.0,0.0,0.0,1.0
1754723736799613056,0,1754723736799097537,map,MoraiInfo,-6.939473056640626,5.708018378559112,0.0013072465360164653,0.0,0.0,0.0,1.0
1754723736811267190,0,1754723736810906648,map,MoraiInfo,-6.949035549011231,5.694646434131622,0.001288944184780122,0.0,0.0,0.0,1.0
1754723736832709141,0,1754723736832501173,map,MoraiInfo,-6.95735254272461,5.683019117656707,0.0013075855374336254,0.0,0.0,0.0,1.0
1754723736852010284,0,1754723736851719379,map,MoraiInfo,-6.95735254272461,5.683019117656707,0.0013075855374336254,0.0,0.0,0.0,1.0
1754723736876990136,0,1754723736876788854,map,MoraiInfo,-6.9670151708984385,5.670509115997314,0.0013046053051948558,0.0,0.0,0.0,1.0
1754723736878269713,0,1754723736878020524,map,MoraiInfo,-6.974701785888673,5.660949305835723,0.001291089951992036,0.0,0.0,0.0,1.0
1754723736878434796,0,1754723736878266572,map,MoraiInfo,-6.974701785888673,5.660949305835723,0.001291089951992036,0.0,0.0,0.0,1.0
1754723736905669623,0,1754723736905476570,map,MoraiInfo,-6.983614826049806,5.650172845664978,0.0012700830399990093,0.0,0.0,0.0,1.0
1754723736926706284,0,1754723736926492929,map,MoraiInfo,-6.9910630224609385,5.641415850463867,0.001252250075340272,0.0,0.0,0.0,1.0
1754723736951630588,0,1754723736951345682,map,MoraiInfo,-6.9910630224609385,5.641415850463867,0.001252250075340272,0.0,0.0,0.0,1.0
1754723736973425823,0,1754723736973153829,map,MoraiInfo,-6.998851680603028,5.632474498096466,0.001235175207257272,0.0,0.0,0.0,1.0
1754723736996877118,0,1754723736996598720,map,MoraiInfo,-7.00681772216797,5.623552994075775,0.0012196165323257457,0.0,0.0,0.0,1.0
1754723736998630144,0,1754723736998424768,map,MoraiInfo,-7.00681772216797,5.623552994075775,0.0012196165323257457,0.0,0.0,0.0,1.0
1754723737028796772,0,1754723737028259754,map,MoraiInfo,-7.014666461791993,5.614993588272094,0.0012060602009296428,0.0,0.0,0.0,1.0
1754723737089146749,0,1754723737088884830,map,MoraiInfo,-7.021556758728028,5.607651607337951,0.0011952475458383571,0.0,0.0,0.0,1.0
1754723737097516155,0,1754723737097327470,map,MoraiInfo,-7.021556758728028,5.607651607337951,0.0011952475458383571,0.0,0.0,0.0,1.0
1754723737124942517,0,1754723737124660253,map,MoraiInfo,-7.029871845092774,5.598999337497711,0.0011832837760448467,0.0,0.0,0.0,1.0
1754723737127782147,0,1754723737127551078,map,MoraiInfo,-7.0360201834106455,5.5927456777725215,0.0011752147972583782,0.0,0.0,0.0,1.0
1754723737131128756,0,1754723737130929708,map,MoraiInfo,-7.0360201834106455,5.5927456777725215,0.0011752147972583782,0.0,0.0,0.0,1.0
1754723737183989721,0,1754723737183427095,map,MoraiInfo,-7.042897128906251,5.585890785995483,0.0011667751520872127,0.0,0.0,0.0,1.0
1754723737205510077,0,1754723737205246925,map,MoraiInfo,-7.050101184692384,5.578860775772094,0.0011586409807205211,0.0,0.0,0.0,1.0
1754723737223465795,0,1754723737223146915,map,MoraiInfo,-7.050101184692384,5.578860775772094,0.0011586409807205211,0.0,0.0,0.0,1.0
1754723737260282772,0,1754723737260031700,map,MoraiInfo,-7.05689039215088,5.57237626725769,0.0011515927314758312,0.0,0.0,0.0,1.0
1754723737284709366,0,1754723737284470558,map,MoraiInfo,-7.06301774963379,5.566638128105163,0.0011455726623535167,0.0,0.0,0.0,1.0
1754723737287063965,0,1754723737286875963,map,MoraiInfo,-7.06301774963379,5.566638128105163,0.0011455726623535167,0.0,0.0,0.0,1.0
1754723737309740737,0,1754723737309490919,map,MoraiInfo,-7.069710635986329,5.56048502141571,0.0011395004391670238,0.0,0.0,0.0,1.0
1754723737328933807,0,1754723737328421592,map,MoraiInfo,-7.075892352905274,5.554913119617462,0.0011341509222984325,0.0,0.0,0.0,1.0
1754723737334616867,0,1754723737333514213,map,MoraiInfo,-7.075892352905274,5.554913119617462,0.0011341509222984325,0.0,0.0,0.0,1.0
1754723737416934722,0,1754723737416694879,map,MoraiInfo,-7.082885646667481,5.548728839698791,0.0011284922063350689,0.0,0.0,0.0,1.0
1754723737418467489,0,1754723737418234109,map,MoraiInfo,-7.088625812377931,5.543744699302673,0.0011241503804922115,0.0,0.0,0.0,1.0
1754723737420825726,0,1754723737420619726,map,MoraiInfo,-7.088625812377931,5.543744699302673,0.0011241503804922115,0.0,0.0,0.0,1.0
1754723737427769735,0,1754723737427551031,map,MoraiInfo,-7.094381236877442,5.5388307731781,0.001120009720325471,0.0,0.0,0.0,1.0
1754723737465490613,0,1754723737465231180,map,MoraiInfo,-7.100155734863282,5.533984557929992,0.0011160646378994,0.0,0.0,0.0,1.0
1754723737468344718,0,1754723737468137741,map,MoraiInfo,-7.100155734863282,5.533984557929992,0.0011160646378994,0.0,0.0,0.0,1.0
1754723737514101637,0,1754723737513607501,map,MoraiInfo,-7.106350803222657,5.528870598617553,0.001112017109990121,0.0,0.0,0.0,1.0
1754723737561793208,0,1754723737561511754,map,MoraiInfo,-7.111639880981446,5.524576083961486,0.0011088021844625484,0.0,0.0,0.0,1.0
1754723737563439686,0,1754723737563238859,map,MoraiInfo,-7.111639880981446,5.524576083961486,0.0011088021844625484,0.0,0.0,0.0,1.0
1754723737579435404,0,1754723737579223632,map,MoraiInfo,-7.117845439758302,5.519548193756103,0.0008625120669603359,0.0,0.0,0.0,1.0
1754723737595197302,0,1754723737595013856,map,MoraiInfo,-7.127467059936524,5.511753992382049,0.0004926186800003063,0.0,0.0,0.0,1.0
1754723737596611679,0,1754723737596397399,map,MoraiInfo,-7.127467059936524,5.511753992382049,0.0004926186800003063,0.0,0.0,0.0,1.0
1754723737649605757,0,1754723737649311065,map,MoraiInfo,-7.14233961090088,5.500087634864807,0.0001600191742181789,0.0,0.0,0.0,1.0
1754723737660878594,0,1754723737660628557,map,MoraiInfo,-7.157694721069337,5.488862888160705,6.908111274242512e-05,0.0,0.0,0.0,1.0
1754723737692025160,0,1754723737691781044,map,MoraiInfo,-7.157694721069337,5.488862888160705,6.908111274242512e-05,0.0,0.0,0.0,1.0
1754723737723945920,0,1754723737723709583,map,MoraiInfo,-7.176510715332032,5.47669310981369,0.0002887670695781719,0.0,0.0,0.0,1.0
1754723737726812960,0,1754723737726607322,map,MoraiInfo,-7.1958540914917,5.464986757579803,0.0006190997362136852,0.0,0.0,0.0,1.0
1754723737730173365,0,1754723737729970693,map,MoraiInfo,-7.1958540914917,5.464986757579803,0.0006190997362136852,0.0,0.0,0.0,1.0
1754723737784932058,0,1754723737784570693,map,MoraiInfo,-7.214393520202638,5.454422609153747,0.0008701656758785259,0.0,0.0,0.0,1.0
1754723737803785422,0,1754723737803584337,map,MoraiInfo,-7.231876277770997,5.444996790233612,0.0010272574424743663,0.0,0.0,0.0,1.0
1754723737822473139,0,1754723737822169542,map,MoraiInfo,-7.231876277770997,5.444996790233612,0.0010272574424743663,0.0,0.0,0.0,1.0
1754723737830364437,0,1754723737830163478,map,MoraiInfo,-7.24862565979004,5.436447874847412,0.001126622110605241,0.0,0.0,0.0,1.0
1754723737882013263,0,1754723737881813764,map,MoraiInfo,-7.266440296020509,5.427873150650024,0.0011938785016536724,0.0,0.0,0.0,1.0
1754723737882629327,0,1754723737882397174,map,MoraiInfo,-7.266440296020509,5.427873150650024,0.0011938785016536724,0.0,0.0,0.0,1.0
1754723737939065107,0,1754723737938849210,map,MoraiInfo,-7.281737232055665,5.420893267932891,0.0012303416430950176,0.0,0.0,0.0,1.0
1754723737939385349,0,1754723737939011335,map,MoraiInfo,-7.296760463562013,5.4143592875633235,0.0012523283064365398,0.0,0.0,0.0,1.0
1754723737959484698,0,1754723737959256172,map,MoraiInfo,-7.296760463562013,5.4143592875633235,0.0012523283064365398,0.0,0.0,0.0,1.0
1754723737965263595,0,1754723737965044736,map,MoraiInfo,-7.312306308593751,5.407956318202972,0.001263943761587144,0.0,0.0,0.0,1.0
1754723738023180575,0,1754723738022925615,map,MoraiInfo,-7.3272751806640635,5.401933984104156,0.001242232769727708,0.0,0.0,0.0,1.0
1754723738043634348,0,1754723738043439626,map,MoraiInfo,-7.3272751806640635,5.401933984104156,0.001242232769727708,0.0,0.0,0.0,1.0
1754723738061520181,0,1754723738061244249,map,MoraiInfo,-7.339711093750001,5.396674827877044,0.0012356855720281612,0.0,0.0,0.0,1.0
1754723738083315826,0,1754723738083096265,map,MoraiInfo,-7.352871799316407,5.3911136549148555,0.0012321223318576824,0.0,0.0,0.0,1.0
1754723738085339083,0,1754723738085088014,map,MoraiInfo,-7.352871799316407,5.3911136549148555,0.0012321223318576824,0.0,0.0,0.0,1.0
1754723738101591455,0,1754723738101261138,map,MoraiInfo,-7.366664790954591,5.385441021266937,0.001262483447790147,0.0,0.0,0.0,1.0
1754723738148236496,0,1754723738147778749,map,MoraiInfo,-7.379991435852052,5.380487040821075,0.0012566794455051433,0.0,0.0,0.0,1.0
1754723738203518178,0,1754723738203310489,map,MoraiInfo,-7.379991435852052,5.380487040821075,0.0012566794455051433,0.0,0.0,0.0,1.0
1754723738219099546,0,1754723738218895912,map,MoraiInfo,-7.391299152221681,5.376506940666198,0.0012418788671493541,0.0,0.0,0.0,1.0
1754723738232490759,0,1754723738232258796,map,MoraiInfo,-7.400607967224122,5.37334050351715,0.0012354452908039104,0.0,0.0,0.0,1.0
1754723738232869017,0,1754723738232444524,map,MoraiInfo,-7.400607967224122,5.37334050351715,0.0012354452908039104,0.0,0.0,0.0,1.0
1754723738242937766,0,1754723738242710113,map,MoraiInfo,-7.41187086090088,5.369658903423309,0.0012232021242380153,0.0,0.0,0.0,1.0
1754723738263818241,0,1754723738263602018,map,MoraiInfo,-7.422657871093751,5.366298035923004,0.0012076359987258922,0.0,0.0,0.0,1.0
1754723738265479023,0,1754723738265239000,map,MoraiInfo,-7.422657871093751,5.366298035923004,0.0012076359987258922,0.0,0.0,0.0,1.0
1754723738314307474,0,1754723738314064502,map,MoraiInfo,-7.432827854003907,5.363256351295471,0.0011933457851409923,0.0,0.0,0.0,1.0
1754723738330386674,0,1754723738330175638,map,MoraiInfo,-7.443334483947755,5.36023928338623,0.0011808958649635326,0.0,0.0,0.0,1.0
1754723738357366841,0,1754723738357148408,map,MoraiInfo,-7.443334483947755,5.36023928338623,0.0011808958649635326,0.0,0.0,0.0,1.0
1754723738362562101,0,1754723738362350940,map,MoraiInfo,-7.45295801147461,5.35759081060028,0.001172342598438264,0.0,0.0,0.0,1.0
1754723738415521566,0,1754723738415271520,map,MoraiInfo,-7.462119960632325,5.355170265975952,0.001166374683380128,0.0,0.0,0.0,1.0
1754723738418894092,0,1754723738418652534,map,MoraiInfo,-7.462119960632325,5.355170265975952,0.001166374683380128,0.0,0.0,0.0,1.0
1754723738429519518,0,1754723738429027557,map,MoraiInfo,-7.472725772705079,5.352497534099578,0.0011577171087265026,0.0,0.0,0.0,1.0
1754723738463191198,0,1754723738462961196,map,MoraiInfo,-7.480806255187989,5.350548819843292,0.0011520323157310497,0.0,0.0,0.0,1.0
1754723738502755054,0,1754723738502538681,map,MoraiInfo,-7.480806255187989,5.350548819843292,0.0011520323157310497,0.0,0.0,0.0,1.0
1754723738505875098,0,1754723738505672931,map,MoraiInfo,-7.489356899108888,5.348578469100952,0.001144380569458009,0.0,0.0,0.0,1.0
1754723738527380934,0,1754723738527092456,map,MoraiInfo,-7.498160266723634,5.346634463611602,0.0011374906450510036,0.0,0.0,0.0,1.0
1754723738530695781,0,1754723738530494928,map,MoraiInfo,-7.498160266723634,5.346634463611602,0.0011374906450510036,0.0,0.0,0.0,1.0
1754723738565874447,0,1754723738565422296,map,MoraiInfo,-7.5062960623168955,5.344917313400268,0.001132202595472337,0.0,0.0,0.0,1.0
1754723738624081231,0,1754723738623880386,map,MoraiInfo,-7.514521503295899,5.343259469810485,0.001128058210015298,0.0,0.0,0.0,1.0
1754723738628241049,0,1754723738627991914,map,MoraiInfo,-7.514521503295899,5.343259469810485,0.001128058210015298,0.0,0.0,0.0,1.0
1754723738649100517,0,1754723738648813962,map,MoraiInfo,-7.523173236694337,5.341599301639556,0.0011233028769493114,0.0,0.0,0.0,1.0
1754723738667137486,0,1754723738666664600,map,MoraiInfo,-7.530150317993165,5.340320245567321,0.0011200059950351726,0.0,0.0,0.0,1.0
1754723738707924384,0,1754723738707617521,map,MoraiInfo,-7.530150317993165,5.340320245567321,0.0011200059950351726,0.0,0.0,0.0,1.0
1754723738727771803,0,1754723738727532863,map,MoraiInfo,-7.537716770019532,5.339002744499206,0.0011154350638389599,0.0,0.0,0.0,1.0
1754723738746230012,0,1754723738746001005,map,MoraiInfo,-7.5449007986450205,5.337809221092224,0.0011112254858016979,0.0,0.0,0.0,1.0
1754723738749799899,0,1754723738749581098,map,MoraiInfo,-7.5449007986450205,5.337809221092224,0.0011112254858016979,0.0,0.0,0.0,1.0
1754723738781826393,0,1754723738781316518,map,MoraiInfo,-7.552327060546876,5.336635069194793,0.0011074238270521175,0.0,0.0,0.0,1.0
1754723738828826850,0,1754723738828623294,map,MoraiInfo,-7.55940332397461,5.335575954261779,0.0011045907437801372,0.0,0.0,0.0,1.0
1754723738848011587,0,1754723738847763538,map,MoraiInfo,-7.55940332397461,5.335575954261779,0.0011045907437801372,0.0,0.0,0.0,1.0
1754723738869272668,0,1754723738869040489,map,MoraiInfo,-7.565930270996095,5.334646896663665,0.0011020389199256908,0.0,0.0,0.0,1.0
1754723738875387400,0,1754723738875195741,map,MoraiInfo,-7.572834873046876,5.333715216461181,0.0010993660241365444,0.0,0.0,0.0,1.0
1754723738899384606,0,1754723738899102926,map,MoraiInfo,-7.572834873046876,5.333715216461181,0.0010993660241365444,0.0,0.0,0.0,1.0
1754723738901417767,0,1754723738901179790,map,MoraiInfo,-7.5795029638671885,5.332869426551818,0.0010963578522205364,0.0,0.0,0.0,1.0
1754723738971414344,0,1754723738970925569,map,MoraiInfo,-7.585626506652833,5.332135574165344,0.0010937389731407177,0.0,0.0,0.0,1.0
1754723739007674820,0,1754723739007467508,map,MoraiInfo,-7.585626506652833,5.332135574165344,0.0010937389731407177,0.0,0.0,0.0,1.0
1754723739031768984,0,1754723739031572818,map,MoraiInfo,-7.5921162603759775,5.331401304546356,0.0010911666601896297,0.0,0.0,0.0,1.0
1754723739042006339,0,1754723739041825294,map,MoraiInfo,-7.59817399963379,5.33075930291748,0.0010890208929777156,0.0,0.0,0.0,1.0
1754723739043406081,0,1754723739043184041,map,MoraiInfo,-7.59817399963379,5.33075930291748,0.0010890208929777156,0.0,0.0,0.0,1.0
1754723739062400165,0,1754723739062150239,map,MoraiInfo,-7.6037949560546885,5.330199138465881,0.0010871824622154247,0.0,0.0,0.0,1.0
1754723739084552442,0,1754723739084266662,map,MoraiInfo,-7.609742069091798,5.329637483898162,0.0010732033103704464,0.0,0.0,0.0,1.0
1754723739087766762,0,1754723739087542772,map,MoraiInfo,-7.609742069091798,5.329637483898162,0.0010732033103704464,0.0,0.0,0.0,1.0
1754723739098364727,0,1754723739098180770,map,MoraiInfo,-7.615565204467774,5.328919247928619,0.0010741625726223003,0.0,0.0,0.0,1.0
1754723739166883363,0,1754723739166686296,map,MoraiInfo,-7.622639560546876,5.3280537288818355,0.000814373865723611,0.0,0.0,0.0,1.0
1754723739171783162,0,1754723739171565055,map,MoraiInfo,-7.622639560546876,5.3280537288818355,0.000814373865723611,0.0,0.0,0.0,1.0
1754723739193099212,0,1754723739192897319,map,MoraiInfo,-7.635069751586915,5.326524631324768,0.0004399840533733379,0.0,0.0,0.0,1.0
1754723739198485389,0,1754723739198280811,map,MoraiInfo,-7.646858119812013,5.325070754829406,0.00041620180010795704,0.0,0.0,0.0,1.0
1754723739221305821,0,1754723739221065282,map,MoraiInfo,-7.646858119812013,5.325070754829406,0.00041620180010795704,0.0,0.0,0.0,1.0
1754723739248951674,0,1754723739248718738,map,MoraiInfo,-7.663686656799317,5.323000387493133,0.00016429580748081318,0.0,0.0,0.0,1.0
1754723739266932520,0,1754723739266428470,map,MoraiInfo,-7.685061359252931,5.320359246078491,-2.697177231311687e-05,0.0,0.0,0.0,1.0
1754723739272567287,0,1754723739272004604,map,MoraiInfo,-7.685061359252931,5.320359246078491,-2.697177231311687e-05,0.0,0.0,0.0,1.0
1754723739302317307,0,1754723739301813840,map,MoraiInfo,-7.710703754272462,5.317179397884368,-0.00015642747282981762,0.0,0.0,0.0,1.0
1754723739362277887,0,1754723739362005949,map,MoraiInfo,-7.741677188720704,5.313330845180511,-0.00023899108171462902,0.0,0.0,0.0,1.0
1754723739396464916,0,1754723739396214723,map,MoraiInfo,-7.741677188720704,5.313330845180511,-0.00023899108171462902,0.0,0.0,0.0,1.0
1754723739402186953,0,1754723739402006387,map,MoraiInfo,-7.77512826904297,5.309167281929016,-0.00027377039194106945,0.0,0.0,0.0,1.0
1754723739425018992,0,1754723739424734354,map,MoraiInfo,-7.81217660888672,5.304548518005371,-0.00010358236730098613,0.0,0.0,0.0,1.0
1754723739425455911,0,1754723739425177335,map,MoraiInfo,-7.81217660888672,5.304548518005371,-0.00010358236730098613,0.0,0.0,0.0,1.0
1754723739451200435,0,1754723739450910091,map,MoraiInfo,-7.847468280639649,5.300130502525329,0.00045861981809139363,0.0,0.0,0.0,1.0
1754723739467881860,0,1754723739467638492,map,MoraiInfo,-7.881710910644532,5.295841411891937,0.0008160632848739635,0.0,0.0,0.0,1.0
1754723739490577749,0,1754723739490320682,map,MoraiInfo,-7.881710910644532,5.295841411891937,0.0008160632848739635,0.0,0.0,0.0,1.0
1754723739499327069,0,1754723739499112844,map,MoraiInfo,-7.913197421875001,5.291883246246337,0.0011013814061880123,0.0,0.0,0.0,1.0
1754723739550059930,0,1754723739549738645,map,MoraiInfo,-7.942660236206056,5.289210931602478,0.0013011296093463909,0.0,0.0,0.0,1.0
1754723739558366401,0,1754723739558121204,map,MoraiInfo,-7.942660236206056,5.289210931602478,0.0013011296093463909,0.0,0.0,0.0,1.0
1754723739582591466,0,1754723739582310438,map,MoraiInfo,-7.971482181396485,5.287483767810821,0.0014165651798248302,0.0,0.0,0.0,1.0
1754723739597912379,0,1754723739597433805,map,MoraiInfo,-7.998214626159669,5.286634342018127,0.0014712561666965496,0.0,0.0,0.0,1.0
1754723739603417807,0,1754723739603104591,map,MoraiInfo,-7.998214626159669,5.286634342018127,0.0014712561666965496,0.0,0.0,0.0,1.0
1754723739680177786,0,1754723739679872035,map,MoraiInfo,-8.02242937072754,5.286530689540863,0.0014892865717411052,0.0,0.0,0.0,1.0
1754723739683557419,0,1754723739683366537,map,MoraiInfo,-8.049278163757325,5.286891714874267,0.0014508602023124706,0.0,0.0,0.0,1.0
1754723739703154632,0,1754723739702935457,map,MoraiInfo,-8.049278163757325,5.286891714874267,0.0014508602023124706,0.0,0.0,0.0,1.0
1754723739710190450,0,1754723739709985971,map,MoraiInfo,-8.069547557678224,5.286913887802124,0.0014420312643051159,0.0,0.0,0.0,1.0
1754723739756767435,0,1754723739756534814,map,MoraiInfo,-8.091132068481446,5.286976711097717,0.0014309895038604747,0.0,0.0,0.0,1.0
1754723739762336123,0,1754723739762164592,map,MoraiInfo,-8.091132068481446,5.286976711097717,0.0014309895038604747,0.0,0.0,0.0,1.0
1754723739767614515,0,1754723739767416477,map,MoraiInfo,-8.11260499938965,5.287104086223602,0.0014119532704353344,0.0,0.0,0.0,1.0
1754723739797193509,0,1754723739796909570,map,MoraiInfo,-8.133412265625001,5.287275270763397,0.001391005963087083,0.0,0.0,0.0,1.0
1754723739835392143,0,1754723739835144281,map,MoraiInfo,-8.133412265625001,5.287275270763397,0.001391005963087083,0.0,0.0,0.0,1.0
1754723739840639364,0,1754723739840419530,map,MoraiInfo,-8.156654262390138,5.287521378341674,0.0007761579751968395,0.0,0.0,0.0,1.0
1754723739883162260,0,1754723739882914304,map,MoraiInfo,-8.186726474609376,5.287855820003509,0.0004132141172885906,0.0,0.0,0.0,1.0
1754723739887035343,0,1754723739886836528,map,MoraiInfo,-8.186726474609376,5.287855820003509,0.0004132141172885906,0.0,0.0,0.0,1.0
1754723739917054558,0,1754723739916776180,map,MoraiInfo,-8.219866657104493,5.288227335754394,0.00017069399356842152,0.0,0.0,0.0,1.0
1754723739932605977,0,1754723739932329654,map,MoraiInfo,-8.251411342468263,5.2885751288566585,3.6546289920807995e-05,0.0,0.0,0.0,1.0
1754723739950641221,0,1754723739950395345,map,MoraiInfo,-8.251411342468263,5.2885751288566585,3.6546289920807995e-05,0.0,0.0,0.0,1.0
1754723739984957992,0,1754723739984693765,map,MoraiInfo,-8.293803119506837,5.2890381973419185,-6.596624851226696e-05,0.0,0.0,0.0,1.0
1754723739999667599,0,1754723739999428272,map,MoraiInfo,-8.335856342163087,5.289489523712158,-0.00011568583548068889,0.0,0.0,0.0,1.0
1754723740002794843,0,1754723740002573966,map,MoraiInfo,-8.335856342163087,5.289489523712158,-0.00011568583548068889,0.0,0.0,0.0,1.0
1754723740033961407,0,1754723740033766508,map,MoraiInfo,-8.382809543457032,5.289984599891662,-0.00013040632009506115,0.0,0.0,0.0,1.0
1754723740070755809,0,1754723740070519447,map,MoraiInfo,-8.430673503723146,5.290480450931549,-0.00011893615126609691,0.0,0.0,0.0,1.0
1754723740074133457,0,1754723740073935270,map,MoraiInfo,-8.430673503723146,5.290480450931549,-0.00011893615126609691,0.0,0.0,0.0,1.0
1754723740104967393,0,1754723740104524612,map,MoraiInfo,-8.484785938110353,5.291031495872497,-8.374705910682567e-05,0.0,0.0,0.0,1.0
1754723740154116285,0,1754723740153911590,map,MoraiInfo,-8.53772535308838,5.291557685676574,0.00027443774044513813,0.0,0.0,0.0,1.0
1754723740156427215,0,1754723740156197071,map,MoraiInfo,-8.53772535308838,5.291557685676574,0.00027443774044513813,0.0,0.0,0.0,1.0
1754723740168372748,0,1754723740168147563,map,MoraiInfo,-8.599789523925782,5.292165176216125,0.0007504869997501384,0.0,0.0,0.0,1.0
1754723740218759852,0,1754723740218534946,map,MoraiInfo,-8.642110729064942,5.2925787728462215,0.0009842322021722805,0.0,0.0,0.0,1.0
1754723740222752159,0,1754723740222523927,map,MoraiInfo,-8.642110729064942,5.2925787728462215,0.0009842322021722805,0.0,0.0,0.0,1.0
1754723740244861982,0,1754723740244646310,map,MoraiInfo,-8.690624141540528,5.293051497283935,0.0011915054917335521,0.0,0.0,0.0,1.0
1754723740271161356,0,1754723740270915031,map,MoraiInfo,-8.741021060791017,5.293541507068634,0.0013473194837570202,0.0,0.0,0.0,1.0
1754723740272013508,0,1754723740271775484,map,MoraiInfo,-8.741021060791017,5.293541507068634,0.0013473194837570202,0.0,0.0,0.0,1.0
1754723740300403325,0,1754723740299821138,map,MoraiInfo,-8.782383823242188,5.2939427655372615,0.0014427055418491375,0.0,0.0,0.0,1.0
1754723740354551932,0,1754723740354271411,map,MoraiInfo,-8.824246311035157,5.294347957912445,0.0015130464732646953,0.0,0.0,0.0,1.0
1754723740358022553,0,1754723740357833147,map,MoraiInfo,-8.824246311035157,5.294347957912445,0.0015130464732646953,0.0,0.0,0.0,1.0
1754723740384270881,0,1754723740384049415,map,MoraiInfo,-8.866782092895509,5.294758693519592,0.0015671078860759746,0.0,0.0,0.0,1.0
1754723740401188869,0,1754723740400859117,map,MoraiInfo,-8.90686311706543,5.295144752803802,0.0016032990813255321,0.0,0.0,0.0,1.0
1754723740419308378,0,1754723740419053077,map,MoraiInfo,-8.90686311706543,5.295144752803802,0.0016032990813255321,0.0,0.0,0.0,1.0
1754723740437334802,0,1754723740437079668,map,MoraiInfo,-8.942997836914063,5.295491771045684,0.0016231474280357372,0.0,0.0,0.0,1.0
1754723740467053558,0,1754723740466850280,map,MoraiInfo,-8.978088283386231,5.295828000846862,0.0016328220069408428,0.0,0.0,0.0,1.0
1754723740485875112,0,1754723740485638380,map,MoraiInfo,-8.978088283386231,5.295828000846862,0.0016328220069408428,0.0,0.0,0.0,1.0
1754723740501128373,0,1754723740500916004,map,MoraiInfo,-9.012655162658692,5.296158210578918,0.0016296443343162548,0.0,0.0,0.0,1.0
1754723740530927001,0,1754723740530685663,map,MoraiInfo,-9.04977312072754,5.296518401447296,0.0009615842998027813,0.0,0.0,0.0,1.0
1754723740550530725,0,1754723740550290107,map,MoraiInfo,-9.04977312072754,5.296518401447296,0.0009615842998027813,0.0,0.0,0.0,1.0
1754723740583428950,0,1754723740583162069,map,MoraiInfo,-9.088913822021485,5.296898500267028,0.0006254327297210704,0.0,0.0,0.0,1.0
1754723740600640852,0,1754723740600314617,map,MoraiInfo,-9.133685016479493,5.297327951732635,0.00037807345390319935,0.0,0.0,0.0,1.0
1754723740630358978,0,1754723740630115270,map,MoraiInfo,-9.133685016479493,5.297327951732635,0.00037807345390319935,0.0,0.0,0.0,1.0
1754723740635982438,0,1754723740635761976,map,MoraiInfo,-9.181965732421876,5.297782079521179,0.0002863381803035747,0.0,0.0,0.0,1.0
1754723740683670837,0,1754723740683466434,map,MoraiInfo,-9.236292743530274,5.29828073197937,0.0006886769831180584,0.0,0.0,0.0,1.0
1754723740686472828,0,1754723740686252355,map,MoraiInfo,-9.236292743530274,5.29828073197937,0.0006886769831180584,0.0,0.0,0.0,1.0
1754723740703617231,0,1754723740703109979,map,MoraiInfo,-9.278555774536134,5.298660473171234,0.0009453457593917858,0.0,0.0,0.0,1.0
1754723740735419292,0,1754723740735176086,map,MoraiInfo,-9.320204639282228,5.2990309756431575,0.001161438673734666,0.0,0.0,0.0,1.0
1754723740755678143,0,1754723740755468130,map,MoraiInfo,-9.320204639282228,5.2990309756431575,0.001161438673734666,0.0,0.0,0.0,1.0
1754723740782244594,0,1754723740782037496,map,MoraiInfo,-9.361367130126954,5.299394742790222,0.0013166379928588878,0.0,0.0,0.0,1.0
1754723740798808241,0,1754723740798608303,map,MoraiInfo,-9.401498699035646,5.299747840705871,0.0014267538487911235,0.0,0.0,0.0,1.0
1754723740818588709,0,1754723740818382501,map,MoraiInfo,-9.401498699035646,5.299747840705871,0.0014267538487911235,0.0,0.0,0.0,1.0
1754723740833378623,0,1754723740832891702,map,MoraiInfo,-9.439707660522462,5.30008258039093,0.0014986780285835277,0.0,0.0,0.0,1.0
1754723740866526193,0,1754723740866327762,map,MoraiInfo,-9.47611703857422,5.300400571170806,0.0015470471978187572,0.0,0.0,0.0,1.0
1754723740879434747,0,1754723740879226207,map,MoraiInfo,-9.47611703857422,5.300400571170806,0.0015470471978187572,0.0,0.0,0.0,1.0
1754723740919100330,0,1754723740918868064,map,MoraiInfo,-9.512376689758302,5.300716237369537,0.0015768308937549602,0.0,0.0,0.0,1.0
1754723740933279088,0,1754723740932831287,map,MoraiInfo,-9.545213603820802,5.301001266780853,0.0015892770886421215,0.0,0.0,0.0,1.0
1754723740963040615,0,1754723740962791204,map,MoraiInfo,-9.545213603820802,5.301001266780853,0.0015892770886421215,0.0,0.0,0.0,1.0
1754723740968368430,0,1754723740968114852,map,MoraiInfo,-9.57675352081299,5.30127532893753,0.0013823223114013683,0.0,0.0,0.0,1.0
1754723741018432251,0,1754723741018241882,map,MoraiInfo,-9.619160556640626,5.301650301757812,0.0007958982884883892,0.0,0.0,0.0,1.0
1754723741020108346,0,1754723741019900083,map,MoraiInfo,-9.619160556640626,5.301650301757812,0.0007958982884883892,0.0,0.0,0.0,1.0
1754723741031442639,0,1754723741031233310,map,MoraiInfo,-9.652621173706056,5.301945583168029,0.0005156558752059948,0.0,0.0,0.0,1.0
1754723741067884224,0,1754723741067611455,map,MoraiInfo,-9.694848918762208,5.30231155568695,0.00030591271817684285,0.0,0.0,0.0,1.0
1754723741093689827,0,1754723741093396425,map,MoraiInfo,-9.694848918762208,5.30231155568695,0.00030591271817684285,0.0,0.0,0.0,1.0
1754723741096901735,0,1754723741096671342,map,MoraiInfo,-9.742799663391114,5.302718595806121,0.00016477450728416554,0.0,0.0,0.0,1.0
1754723741133696071,0,1754723741133337259,map,MoraiInfo,-9.793424510803224,5.303137974086761,9.330481290817372e-05,0.0,0.0,0.0,1.0
1754723741158271356,0,1754723741157891988,map,MoraiInfo,-9.793424510803224,5.303137974086761,9.330481290817372e-05,0.0,0.0,0.0,1.0
1754723741183875826,0,1754723741183467626,map,MoraiInfo,-9.844427966918946,5.303550140205383,0.0003008966147899639,0.0,0.0,0.0,1.0
1754723741229053449,0,1754723741228822469,map,MoraiInfo,-9.903968715515138,5.3040159505043025,0.0007795777916908275,0.0,0.0,0.0,1.0
1754723741233586317,0,1754723741233380556,map,MoraiInfo,-9.903968715515138,5.3040159505043025,0.0007795777916908275,0.0,0.0,0.0,1.0
1754723741276550529,0,1754723741276322841,map,MoraiInfo,-9.947228336181642,5.304352657142639,0.0010241747647523891,0.0,0.0,0.0,1.0
1754723741281212010,0,1754723741281007289,map,MoraiInfo,-9.99075212463379,5.304689959827423,0.0012065817415714275,0.0,0.0,0.0,1.0
1754723741302943920,0,1754723741302723407,map,MoraiInfo,-9.99075212463379,5.304689959827423,0.0012065817415714275,0.0,0.0,0.0,1.0
1754723741304754563,0,1754723741304549455,map,MoraiInfo,-10.040721797790528,5.3050758402976985,0.0013623659312725078,0.0,0.0,0.0,1.0
1754723741332276117,0,1754723741332041501,map,MoraiInfo,-10.080495738830567,5.30538191014862,0.0014536504447460186,0.0,0.0,0.0,1.0
1754723741353286312,0,1754723741353065013,map,MoraiInfo,-10.080495738830567,5.30538191014862,0.0014536504447460186,0.0,0.0,0.0,1.0
1754723741368874595,0,1754723741368645191,map,MoraiInfo,-10.121061229553224,5.305693046394348,0.0015224900841712963,0.0,0.0,0.0,1.0
1754723741402001154,0,1754723741401787042,map,MoraiInfo,-10.15962591156006,5.305987970176696,0.0015699875354766857,0.0,0.0,0.0,1.0
1754723741424486400,0,1754723741424192428,map,MoraiInfo,-10.15962591156006,5.305987970176696,0.0015699875354766857,0.0,0.0,0.0,1.0
1754723741432244065,0,1754723741432023763,map,MoraiInfo,-10.196058177795411,5.306275502983093,0.0016632948815822612,0.0,0.0,0.0,1.0
1754723741469612265,0,1754723741469371795,map,MoraiInfo,-10.230618381347657,5.305448071304321,0.0017461974918842327,0.0,0.0,0.0,1.0
1754723741496687525,0,1754723741496441602,map,MoraiInfo,-10.230618381347657,5.305448071304321,0.0017461974918842327,0.0,0.0,0.0,1.0
1754723741504034554,0,1754723741503791332,map,MoraiInfo,-10.263535404052735,5.303505079093933,0.0017517071962356578,0.0,0.0,0.0,1.0
1754723741537536269,0,1754723741537168741,map,MoraiInfo,-10.29310979827881,5.300840572658538,0.0017325070500373851,0.0,0.0,0.0,1.0
1754723741559997518,0,1754723741559734106,map,MoraiInfo,-10.29310979827881,5.300840572658538,0.0017325070500373851,0.0,0.0,0.0,1.0
1754723741569242454,0,1754723741569018602,map,MoraiInfo,-10.321682834472657,5.29736383372879,0.001704165041446687,0.0,0.0,0.0,1.0
1754723741601917361,0,1754723741601622819,map,MoraiInfo,-10.3489302633667,5.293441788497924,0.0016238217055797588,0.0,0.0,0.0,1.0
1754723741629839626,0,1754723741629572153,map,MoraiInfo,-10.3489302633667,5.293441788497924,0.0016238217055797588,0.0,0.0,0.0,1.0
1754723741634358611,0,1754723741634135961,map,MoraiInfo,-10.373528385009767,5.290189341846466,0.0015876565873622905,0.0,0.0,0.0,1.0
1754723741691770712,0,1754723741691502571,map,MoraiInfo,-10.398411655273438,5.286812559906005,0.001553722918033601,0.0,0.0,0.0,1.0
1754723741694331472,0,1754723741694120883,map,MoraiInfo,-10.398411655273438,5.286812559906005,0.001553722918033601,0.0,0.0,0.0,1.0
1754723741707540204,0,1754723741707029342,map,MoraiInfo,-10.424111270751954,5.283226029220581,0.001514115631580354,0.0,0.0,0.0,1.0
1754723741745086952,0,1754723741744841098,map,MoraiInfo,-10.447386646118165,5.279914633575439,0.0014795896410942089,0.0,0.0,0.0,1.0
1754723741772944406,0,1754723741772719383,map,MoraiInfo,-10.447386646118165,5.279914633575439,0.0014795896410942089,0.0,0.0,0.0,1.0
1754723741791514911,0,1754723741791293859,map,MoraiInfo,-10.465227031555177,5.277354941907882,0.0014528569579124462,0.0,0.0,0.0,1.0
1754723741834119026,0,1754723741833856821,map,MoraiInfo,-10.487593555297853,5.2740970414314265,0.0008717358857393276,0.0,0.0,0.0,1.0
1754723741845583460,0,1754723741845329046,map,MoraiInfo,-10.487593555297853,5.2740970414314265,0.0008717358857393276,0.0,0.0,0.0,1.0
1754723741849185346,0,1754723741848963499,map,MoraiInfo,-10.515292072143556,5.270085589233398,0.0005433422327041637,0.0,0.0,0.0,1.0
1754723741868569834,0,1754723741868343353,map,MoraiInfo,-10.548811817016603,5.265243903938293,0.00025766462087631337,0.0,0.0,0.0,1.0
1754723741892661805,0,1754723741892409563,map,MoraiInfo,-10.548811817016603,5.265243903938293,0.00025766462087631337,0.0,0.0,0.0,1.0
1754723741903307847,0,1754723741903085470,map,MoraiInfo,-10.583628558959962,5.260206596199035,8.698299527168385e-05,0.0,0.0,0.0,1.0
1754723741953788208,0,1754723741953556060,map,MoraiInfo,-10.62391748413086,5.254362956825256,-2.6802271604536854e-05,0.0,0.0,0.0,1.0
1754723741955797369,0,1754723741955549240,map,MoraiInfo,-10.62391748413086,5.254362956825256,-2.6802271604536854e-05,0.0,0.0,0.0,1.0
1754723741965870985,0,1754723741965599536,map,MoraiInfo,-10.66585149749756,5.248258815351486,0.00013234958052635304,0.0,0.0,0.0,1.0
1754723742018883546,0,1754723742018666028,map,MoraiInfo,-10.704997920837403,5.242557720485687,0.0006266173720359813,0.0,0.0,0.0,1.0
1754723742021939006,0,1754723742021722793,map,MoraiInfo,-10.704997920837403,5.242557720485687,0.0006266173720359813,0.0,0.0,0.0,1.0
1754723742035721343,0,1754723742035363674,map,MoraiInfo,-10.745327854003907,5.236678437534332,0.0009465602040290844,0.0,0.0,0.0,1.0
1754723742083939525,0,1754723742083665370,map,MoraiInfo,-10.782153034057618,5.231305853668212,0.001137865036725999,0.0,0.0,0.0,1.0
1754723742085396777,0,1754723742085166931,map,MoraiInfo,-10.782153034057618,5.231305853668212,0.001137865036725999,0.0,0.0,0.0,1.0
1754723742112859332,0,1754723742112578392,map,MoraiInfo,-10.818662547912599,5.22597791368103,0.001290106475353242,0.0,0.0,0.0,1.0
1754723742150281729,0,1754723742149993181,map,MoraiInfo,-10.851608657684327,5.221171544137954,0.0014622968435287487,0.0,0.0,0.0,1.0
1754723742174573507,0,1754723742174370527,map,MoraiInfo,-10.851608657684327,5.221171544137954,0.0014622968435287487,0.0,0.0,0.0,1.0
1754723742175406495,0,1754723742175153732,map,MoraiInfo,-10.881721401062013,5.215576485935211,0.0015641872584819805,0.0,0.0,0.0,1.0
1754723742200591946,0,1754723742200348138,map,MoraiInfo,-10.914537334289552,5.208387361112594,0.00160521760582924,0.0,0.0,0.0,1.0
1754723742202083132,0,1754723742201832294,map,MoraiInfo,-10.914537334289552,5.208387361112594,0.00160521760582924,0.0,0.0,0.0,1.0
1754723742258267308,0,1754723742258048295,map,MoraiInfo,-10.937901401367188,5.202616290393829,0.0016104218363761913,0.0,0.0,0.0,1.0
1754723742296016674,0,1754723742295778274,map,MoraiInfo,-10.962359332885743,5.195833281818389,0.0015991416573524486,0.0,0.0,0.0,1.0
1754723742303718580,0,1754723742303495645,map,MoraiInfo,-10.962359332885743,5.195833281818389,0.0015991416573524486,0.0,0.0,0.0,1.0
1754723742305994011,0,1754723742305810213,map,MoraiInfo,-10.986069583740235,5.188600615802764,0.0015806455910205852,0.0,0.0,0.0,1.0
1754723742336347463,0,1754723742335980653,map,MoraiInfo,-11.008438014831544,5.181155012193679,0.001557038426399232,0.0,0.0,0.0,1.0
1754723742363808427,0,1754723742363595724,map,MoraiInfo,-11.008438014831544,5.181155012193679,0.001557038426399232,0.0,0.0,0.0,1.0
1754723742366942495,0,1754723742366692543,map,MoraiInfo,-11.029416942443849,5.173550264183044,0.0015301269292831432,0.0,0.0,0.0,1.0
1754723742413011313,0,1754723742412780046,map,MoraiInfo,-11.04913606628418,5.165877358261108,0.0015022580325603496,0.0,0.0,0.0,1.0
1754723742420829886,0,1754723742420566797,map,MoraiInfo,-11.04913606628418,5.165877358261108,0.0015022580325603496,0.0,0.0,0.0,1.0
1754723742450428695,0,1754723742450191974,map,MoraiInfo,-11.068123245086671,5.158014134708404,0.0014320251345634472,0.0,0.0,0.0,1.0
1754723742469777982,0,1754723742469259977,map,MoraiInfo,-11.086466693725587,5.150771753135681,0.001412184238433839,0.0,0.0,0.0,1.0
1754723742504171370,0,1754723742503946304,map,MoraiInfo,-11.086466693725587,5.150771753135681,0.001412184238433839,0.0,0.0,0.0,1.0
1754723742521633980,0,1754723742521438837,map,MoraiInfo,-11.104442500915528,5.143552855792999,0.001183253973722459,0.0,0.0,0.0,1.0
1754723742554523711,0,1754723742554202795,map,MoraiInfo,-11.125922107543946,5.134928540531158,0.000717320740222932,0.0,0.0,0.0,1.0
1754723742558263408,0,1754723742558011054,map,MoraiInfo,-11.125922107543946,5.134928540531158,0.000717320740222932,0.0,0.0,0.0,1.0
1754723742567561960,0,1754723742567326068,map,MoraiInfo,-11.15158262237549,5.124540315214157,0.0003581412881612789,0.0,0.0,0.0,1.0
1754723742629804819,0,1754723742629396200,map,MoraiInfo,-11.180298709716798,5.112924979272842,0.00014344349503517262,0.0,0.0,0.0,1.0
1754723742643046941,0,1754723742642719030,map,MoraiInfo,-11.180298709716798,5.112924979272842,0.00014344349503517262,0.0,0.0,0.0,1.0
1754723742646738314,0,1754723742646464586,map,MoraiInfo,-11.214884185638429,5.098953292909622,-8.779317140578113e-06,0.0,0.0,0.0,1.0
1754723742684052744,0,1754723742683774709,map,MoraiInfo,-11.250566863861085,5.084537790361404,-8.90854001045216e-05,0.0,0.0,0.0,1.0
1754723742687105931,0,1754723742686916112,map,MoraiInfo,-11.250566863861085,5.084537790361404,-8.90854001045216e-05,0.0,0.0,0.0,1.0
1754723742716181857,0,1754723742715924263,map,MoraiInfo,-11.292155170288087,5.067706183734893,-0.00013329900801181682,0.0,0.0,0.0,1.0
1754723742748998147,0,1754723742748770236,map,MoraiInfo,-11.339514160003663,5.048510209861755,-0.00014318034052848705,0.0,0.0,0.0,1.0
1754723742749688983,0,1754723742749456167,map,MoraiInfo,-11.339514160003663,5.048510209861755,-0.00014318034052848705,0.0,0.0,0.0,1.0
1754723742766899777,0,1754723742766693830,map,MoraiInfo,-11.380542659606935,5.031862543169021,-0.00012778930366039165,0.0,0.0,0.0,1.0
1754723742801506717,0,1754723742801296949,map,MoraiInfo,-11.4287060736084,5.012307600322723,-9.113803505897411e-05,0.0,0.0,0.0,1.0
1754723742819626870,0,1754723742819415092,map,MoraiInfo,-11.4287060736084,5.012307600322723,-9.113803505897411e-05,0.0,0.0,0.0,1.0
1754723742831047558,0,1754723742830675363,map,MoraiInfo,-11.482131385650636,4.990610421839714,-5.447000265121349e-05,0.0,0.0,0.0,1.0
1754723742868256220,0,1754723742867863178,map,MoraiInfo,-11.537399673309327,4.968155459705352,-2.533450722694286e-05,0.0,0.0,0.0,1.0
1754723742898851658,0,1754723742898553133,map,MoraiInfo,-11.537399673309327,4.968155459705352,-2.533450722694286e-05,0.0,0.0,0.0,1.0
1754723742922503362,0,1754723742922260999,map,MoraiInfo,-11.593212032165528,4.945469529572486,9.049594402313343e-05,0.0,0.0,0.0,1.0
1754723742951301053,0,1754723742951084613,map,MoraiInfo,-11.650301837768556,4.922245846334457,0.0006204408407211315,0.0,0.0,0.0,1.0
1754723742959557105,0,1754723742959364175,map,MoraiInfo,-11.650301837768556,4.922245846334457,0.0006204408407211315,0.0,0.0,0.0,1.0
1754723742978378149,0,1754723742978139877,map,MoraiInfo,-11.713169002380372,4.896660776082038,0.0009660565108060848,0.0,0.0,0.0,1.0
1754723743001253881,0,1754723743001021385,map,MoraiInfo,-11.756635093536378,4.878972479346752,0.001145002692937852,0.0,0.0,0.0,1.0
1754723743035148110,0,1754723743034933328,map,MoraiInfo,-11.756635093536378,4.878972479346752,0.001145002692937852,0.0,0.0,0.0,1.0
1754723743038311284,0,1754723743038059711,map,MoraiInfo,-11.805320167388917,4.8584516208801265,0.0014581207931041729,0.0,0.0,0.0,1.0
1754723743063366987,0,1754723743063139438,map,MoraiInfo,-11.851753139343263,4.836504631880283,0.0016242128610610973,0.0,0.0,0.0,1.0
1754723743071959683,0,1754723743071651935,map,MoraiInfo,-11.851753139343263,4.836504631880283,0.0016242128610610973,0.0,0.0,0.0,1.0
1754723743135434285,0,1754723743135003566,map,MoraiInfo,-11.894639873352052,4.813737382385492,0.0017165069282054912,0.0,0.0,0.0,1.0
1754723743162099127,0,1754723743161880970,map,MoraiInfo,-11.93534030899048,4.7897246249202485,0.0017715257406234752,0.0,0.0,0.0,1.0
1754723743164796502,0,1754723743164581775,map,MoraiInfo,-11.93534030899048,4.7897246249202485,0.0017715257406234752,0.0,0.0,0.0,1.0
1754723743188204994,0,1754723743187988996,map,MoraiInfo,-11.970776462402345,4.766525062005579,0.001799815595149995,0.0,0.0,0.0,1.0
1754723743209827420,0,1754723743209555387,map,MoraiInfo,-12.004538440551759,4.7421646204028125,0.0018143069744110119,0.0,0.0,0.0,1.0
1754723743230472302,0,1754723743230194807,map,MoraiInfo,-12.004538440551759,4.7421646204028125,0.0018143069744110119,0.0,0.0,0.0,1.0
1754723743251152397,0,1754723743250919103,map,MoraiInfo,-12.038779163208009,4.714968548360824,0.0018207740783691417,0.0,0.0,0.0,1.0
1754723743296666499,0,1754723743296272039,map,MoraiInfo,-12.064222240295411,4.692915999535083,0.0018184979259967815,0.0,0.0,0.0,1.0
1754723743324072910,0,1754723743323863744,map,MoraiInfo,-12.064222240295411,4.692915999535083,0.0018184979259967815,0.0,0.0,0.0,1.0
1754723743334302803,0,1754723743334080696,map,MoraiInfo,-12.09115495666504,4.667551272753238,0.0018086855113506328,0.0,0.0,0.0,1.0
1754723743347555692,0,1754723743347360610,map,MoraiInfo,-12.114471340026856,4.643834472838401,0.0017923948168754589,0.0,0.0,0.0,1.0
1754723743353873276,0,1754723743353655815,map,MoraiInfo,-12.114471340026856,4.643834472838401,0.0017923948168754589,0.0,0.0,0.0,1.0
1754723743385772597,0,1754723743385525226,map,MoraiInfo,-12.135589504089356,4.620717392507553,0.0017695252597332012,0.0,0.0,0.0,1.0
1754723743421461641,0,1754723743421220302,map,MoraiInfo,-12.156127834167481,4.59651835376358,0.001739376485347749,0.0,0.0,0.0,1.0
1754723743422112017,0,1754723743421873331,map,MoraiInfo,-12.156127834167481,4.59651835376358,0.001739376485347749,0.0,0.0,0.0,1.0
1754723743449061175,0,1754723743448816061,map,MoraiInfo,-12.173343562927247,4.57483989113903,0.001708367168903352,0.0,0.0,0.0,1.0
1754723743467787228,0,1754723743467550754,map,MoraiInfo,-12.189737701263429,4.552832455578804,0.0016740572452545177,0.0,0.0,0.0,1.0
1754723743490179243,0,1754723743489941358,map,MoraiInfo,-12.189737701263429,4.552832455578804,0.0016740572452545177,0.0,0.0,0.0,1.0
1754723743522785990,0,1754723743522504806,map,MoraiInfo,-12.204073810424806,4.532258288208007,0.0016398590803146373,0.0,0.0,0.0,1.0
1754723743551335093,0,1754723743551068782,map,MoraiInfo,-12.219107532348634,4.509319798294067,0.001599700450897218,0.0,0.0,0.0,1.0
1754723743565314986,0,1754723743565030336,map,MoraiInfo,-12.219107532348634,4.509319798294067,0.001599700450897218,0.0,0.0,0.0,1.0
1754723743567914560,0,1754723743567677736,map,MoraiInfo,-12.230101966705323,4.491545395198822,0.0015677225589752208,0.0,0.0,0.0,1.0
1754723743603680688,0,1754723743603198528,map,MoraiInfo,-12.241949939575196,4.471209571901321,0.0015306708216667186,0.0,0.0,0.0,1.0
1754723743648095373,0,1754723743647829294,map,MoraiInfo,-12.241949939575196,4.471209571901321,0.0015306708216667186,0.0,0.0,0.0,1.0
1754723743669386022,0,1754723743669180154,map,MoraiInfo,-12.250508689727784,4.455725119653701,0.001502511352300645,0.0,0.0,0.0,1.0
1754723743691351364,0,1754723743691103696,map,MoraiInfo,-12.25960912689209,4.4384339612159724,0.001471420079469682,0.0,0.0,0.0,1.0
1754723743691415584,0,1754723743691276550,map,MoraiInfo,-12.25960912689209,4.4384339612159724,0.001471420079469682,0.0,0.0,0.0,1.0
1754723743726381091,0,1754723743726188659,map,MoraiInfo,-12.269211196746827,4.419093297067642,0.0014373746514320385,0.0,0.0,0.0,1.0
1754723743772545374,0,1754723743772302865,map,MoraiInfo,-12.277635001983644,4.401090310159683,0.0014065888524055492,0.0,0.0,0.0,1.0
1754723743773253369,0,1754723743772990942,map,MoraiInfo,-12.277635001983644,4.401090310159683,0.0014065888524055492,0.0,0.0,0.0,1.0
1754723743796009165,0,1754723743795711994,map,MoraiInfo,-12.283759021606446,4.387325988355636,0.001383667141199113,0.0,0.0,0.0,1.0
1754723743830725875,0,1754723743830486297,map,MoraiInfo,-12.289544486846925,4.373700753990173,0.001361866742372514,0.0,0.0,0.0,1.0
1754723743834285130,0,1754723743834088087,map,MoraiInfo,-12.289544486846925,4.373700753990173,0.001361866742372514,0.0,0.0,0.0,1.0
1754723743836907937,0,1754723743836698055,map,MoraiInfo,-12.295492076721192,4.359017358366012,0.0013392877578735363,0.0,0.0,0.0,1.0
1754723743874209299,0,1754723743873714208,map,MoraiInfo,-12.301141643371583,4.344353304449081,0.0013176363706588756,0.0,0.0,0.0,1.0
1754723743904158529,0,1754723743903911590,map,MoraiInfo,-12.301141643371583,4.344353304449081,0.0013176363706588756,0.0,0.0,0.0,1.0
1754723743932967381,0,1754723743932736873,map,MoraiInfo,-12.305978679504396,4.331111447158813,0.0012989428639411937,0.0,0.0,0.0,1.0
1754723743945411896,0,1754723743945166349,map,MoraiInfo,-12.310614490356446,4.317794875446319,0.0012809944152832042,0.0,0.0,0.0,1.0
1754723743967030618,0,1754723743966759443,map,MoraiInfo,-12.310614490356446,4.317794875446319,0.0012809944152832042,0.0,0.0,0.0,1.0
1754723743977880433,0,1754723743977655887,map,MoraiInfo,-12.315319442596437,4.303554252925872,0.0012627777457237255,0.0,0.0,0.0,1.0
1754723744022849709,0,1754723744022598981,map,MoraiInfo,-12.3186568258667,4.292936579528808,0.0012498658895492565,0.0,0.0,0.0,1.0
1754723744024678383,0,1754723744024456501,map,MoraiInfo,-12.3186568258667,4.292936579528808,0.0012498658895492565,0.0,0.0,0.0,1.0
1754723744058164784,0,1754723744057891607,map,MoraiInfo,-12.322518253173829,4.280255065504074,0.0010503020882606517,0.0,0.0,0.0,1.0
1754723744066866196,0,1754723744066679477,map,MoraiInfo,-12.327705287780763,4.263140098396301,0.0005918641388416301,0.0,0.0,0.0,1.0
1754723744074624847,0,1754723744074395895,map,MoraiInfo,-12.327705287780763,4.263140098396301,0.0005918641388416301,0.0,0.0,0.0,1.0
1754723744106324964,0,1754723744105824947,map,MoraiInfo,-12.333631419982911,4.243249551597595,0.00026823513209819905,0.0,0.0,0.0,1.0
1754723744164900677,0,1754723744164671897,map,MoraiInfo,-12.340769672241212,4.2186288397941585,5.8464035391808666e-05,0.0,0.0,0.0,1.0
1754723744169039531,0,1754723744168822526,map,MoraiInfo,-12.340769672241212,4.2186288397941585,5.8464035391808666e-05,0.0,0.0,0.0,1.0
1754723744190948625,0,1754723744190733909,map,MoraiInfo,-12.348935031738282,4.1896007817420955,-8.47472995519627e-05,0.0,0.0,0.0,1.0
1754723744212478765,0,1754723744212241172,map,MoraiInfo,-12.357843780364991,4.15701468402481,-0.0001685272157192219,0.0,0.0,0.0,1.0
1754723744223774007,0,1754723744223558664,map,MoraiInfo,-12.357843780364991,4.15701468402481,-0.0001685272157192219,0.0,0.0,0.0,1.0
1754723744251377870,0,1754723744251173257,map,MoraiInfo,-12.369314098205567,4.114455835166931,-0.00021843492984771617,0.0,0.0,0.0,1.0
1754723744306596247,0,1754723744306387186,map,MoraiInfo,-12.37919845565796,4.07732547933197,-0.00023072466254234203,0.0,0.0,0.0,1.0
1754723744308005635,0,1754723744307307481,map,MoraiInfo,-12.37919845565796,4.07732547933197,-0.00023072466254234203,0.0,0.0,0.0,1.0
1754723744339125441,0,1754723744338850736,map,MoraiInfo,-12.39062538131714,4.03412844354248,-0.00022134438157081493,0.0,0.0,0.0,1.0
1754723744342703506,0,1754723744342492341,map,MoraiInfo,-12.402682685699464,3.9883129757080074,1.664392650127522e-05,0.0,0.0,0.0,1.0
1754723744346024668,0,1754723744345847129,map,MoraiInfo,-12.402682685699464,3.9883129757080074,1.664392650127522e-05,0.0,0.0,0.0,1.0
1754723744395809471,0,1754723744395487785,map,MoraiInfo,-12.414328956451417,3.943884269538879,0.0005395852774381649,0.0,0.0,0.0,1.0
1754723744441648783,0,1754723744441402673,map,MoraiInfo,-12.425812148895265,3.9000077407989497,0.0008619439601898204,0.0,0.0,0.0,1.0
1754723744445959662,0,1754723744445761442,map,MoraiInfo,-12.425812148895265,3.9000077407989497,0.0008619439601898204,0.0,0.0,0.0,1.0
1754723744466189885,0,1754723744465935468,map,MoraiInfo,-12.436403655853272,3.859495179000854,0.001091596931219102,0.0,0.0,0.0,1.0
1754723744490688873,0,1754723744490435600,map,MoraiInfo,-12.447371387329103,3.8175169389877315,0.0012753506004810344,0.0,0.0,0.0,1.0
1754723744495121096,0,1754723744494918346,map,MoraiInfo,-12.447371387329103,3.8175169389877315,0.0012753506004810344,0.0,0.0,0.0,1.0
1754723744501125753,0,1754723744500898599,map,MoraiInfo,-12.458197498168946,3.776063339057922,0.001405240297317506,0.0,0.0,0.0,1.0
1754723744543812171,0,1754723744543602228,map,MoraiInfo,-12.466994666900636,3.7424014967117305,0.0008518297970294963,0.0,0.0,0.0,1.0
1754723744583325002,0,1754723744583039760,map,MoraiInfo,-12.466994666900636,3.7424014967117305,0.0008518297970294963,0.0,0.0,0.0,1.0
1754723744605858410,0,1754723744605598926,map,MoraiInfo,-12.478702449645997,3.697588340583801,0.000568990856409074,0.0,0.0,0.0,1.0
1754723744607415394,0,1754723744607177734,map,MoraiInfo,-12.492045783843995,3.6464754503402705,0.0003535889834165584,0.0,0.0,0.0,1.0
1754723744609608915,0,1754723744609391927,map,MoraiInfo,-12.492045783843995,3.6464754503402705,0.0003535889834165584,0.0,0.0,0.0,1.0
1754723744662795457,0,1754723744662537574,map,MoraiInfo,-12.504085445251466,3.6003062885437007,0.0004886251688003551,0.0,0.0,0.0,1.0
1754723744695170955,0,1754723744694931983,map,MoraiInfo,-12.51608982070923,3.554244057479858,0.0008581423014402401,0.0,0.0,0.0,1.0
1754723744702116013,0,1754723744701887369,map,MoraiInfo,-12.51608982070923,3.554244057479858,0.0008581423014402401,0.0,0.0,0.0,1.0
1754723744704142862,0,1754723744703860759,map,MoraiInfo,-12.527931117858888,3.508835212532043,0.0011593506485223781,0.0,0.0,0.0,1.0
1754723744753339985,0,1754723744753132104,map,MoraiInfo,-12.537447833862306,3.4682551782760616,0.0014333997666835796,0.0,0.0,0.0,1.0
1754723744756346130,0,1754723744756142377,map,MoraiInfo,-12.537447833862306,3.4682551782760616,0.0014333997666835796,0.0,0.0,0.0,1.0
1754723744797321519,0,1754723744797091484,map,MoraiInfo,-12.546488666381837,3.4200196426544185,0.001594548374414445,0.0,0.0,0.0,1.0
1754723744827319610,0,1754723744827071905,map,MoraiInfo,-12.55139436706543,3.386807934585571,0.0016589921712875377,0.0,0.0,0.0,1.0
1754723744846993304,0,1754723744846750497,map,MoraiInfo,-12.55139436706543,3.386807934585571,0.0016589921712875377,0.0,0.0,0.0,1.0
1754723744860783402,0,1754723744860551834,map,MoraiInfo,-12.555232906188966,3.352367655578613,0.001701520085334779,0.0,0.0,0.0,1.0
1754723744876024960,0,1754723744875790834,map,MoraiInfo,-12.557925605621339,3.3170609634551997,0.0017244939506053936,0.0,0.0,0.0,1.0
1754723744879196760,0,1754723744878991127,map,MoraiInfo,-12.557925605621339,3.3170609634551997,0.0017244939506053936,0.0,0.0,0.0,1.0
1754723744904430338,0,1754723744903976678,map,MoraiInfo,-12.55916204437256,3.2840030353698726,0.0017278169095516216,0.0,0.0,0.0,1.0
1754723744964680005,0,1754723744964444160,map,MoraiInfo,-12.55922307952881,3.2523915928039546,0.0017186228930950176,0.0,0.0,0.0,1.0
1754723744973088639,0,1754723744972882986,map,MoraiInfo,-12.55922307952881,3.2523915928039546,0.0017186228930950176,0.0,0.0,0.0,1.0
1754723744988755616,0,1754723744988558530,map,MoraiInfo,-12.558278941955567,3.22245635205841,0.0017006930708885204,0.0,0.0,0.0,1.0
1754723745004730816,0,1754723745004460811,map,MoraiInfo,-12.556466007080079,3.1947014492187495,0.001630646437406541,0.0,0.0,0.0,1.0
1754723745026300979,0,1754723745026078701,map,MoraiInfo,-12.556466007080079,3.1947014492187495,0.001630646437406541,0.0,0.0,0.0,1.0
1754723745055791279,0,1754723745055584669,map,MoraiInfo,-12.554853343811036,3.1673829715881343,0.0016059887409210216,0.0,0.0,0.0,1.0
1754723745088153365,0,1754723745087913513,map,MoraiInfo,-12.553307437744142,3.142013923469543,0.0015722525119781505,0.0,0.0,0.0,1.0
1754723745098874913,0,1754723745098619222,map,MoraiInfo,-12.553307437744142,3.142013923469543,0.0015722525119781505,0.0,0.0,0.0,1.0
1754723745102506046,0,1754723745102306365,map,MoraiInfo,-12.55175533279419,3.117876903358459,0.0015347351133823406,0.0,0.0,0.0,1.0
1754723745155294469,0,1754723745155060052,map,MoraiInfo,-12.55014219268799,3.093850271049499,0.001498543918132783,0.0,0.0,0.0,1.0
1754723745157895713,0,1754723745157702207,map,MoraiInfo,-12.55014219268799,3.093850271049499,0.001498543918132783,0.0,0.0,0.0,1.0
1754723745192236601,0,1754723745191695451,map,MoraiInfo,-12.548761749114991,3.0724111955795284,0.0015240211784839641,0.0,0.0,0.0,1.0
1754723745218950094,0,1754723745218717336,map,MoraiInfo,-12.548142814483644,3.0517802398834224,0.0015079130232334148,0.0,0.0,0.0,1.0
1754723745238680559,0,1754723745238463640,map,MoraiInfo,-12.548142814483644,3.0517802398834224,0.0015079130232334148,0.0,0.0,0.0,1.0
1754723745257275255,0,1754723745256944417,map,MoraiInfo,-12.547972106781007,3.0310415189895625,0.0014780548214912426,0.0,0.0,0.0,1.0
1754723745281977400,0,1754723745281379938,map,MoraiInfo,-12.5480269430542,3.0121457737121577,0.0014140059053897869,0.0,0.0,0.0,1.0
1754723745303959948,0,1754723745303603649,map,MoraiInfo,-12.5480269430542,3.0121457737121577,0.0014140059053897869,0.0,0.0,0.0,1.0
1754723745326422896,0,1754723745326165676,map,MoraiInfo,-12.547786140289308,2.99626542741394,0.0013836447894573223,0.0,0.0,0.0,1.0
1754723745354784659,0,1754723745354544401,map,MoraiInfo,-12.547489547576905,2.9765687149200435,0.0013484519720077526,0.0,0.0,0.0,1.0
1754723745379062907,0,1754723745378831863,map,MoraiInfo,-12.547489547576905,2.9765687149200435,0.0013484519720077526,0.0,0.0,0.0,1.0
1754723745380514485,0,1754723745380295515,map,MoraiInfo,-12.547329330291749,2.9628594082031245,0.0013225761055946361,0.0,0.0,0.0,1.0
1754723745405946776,0,1754723745405493974,map,MoraiInfo,-12.54713287338257,2.946918265167236,0.001298533082008363,0.0,0.0,0.0,1.0
1754723745441401363,0,1754723745441187858,map,MoraiInfo,-12.54713287338257,2.946918265167236,0.001298533082008363,0.0,0.0,0.0,1.0
1754723745462079203,0,1754723745461840867,map,MoraiInfo,-12.546942615356446,2.931504742446899,0.0012801599502563488,0.0,0.0,0.0,1.0
1754723745488211744,0,1754723745487985372,map,MoraiInfo,-12.546727561798097,2.9162986438903804,0.0011183333396911632,0.0,0.0,0.0,1.0
1754723745491101258,0,1754723745490894794,map,MoraiInfo,-12.546727561798097,2.9162986438903804,0.0011183333396911632,0.0,0.0,0.0,1.0
1754723745502465368,0,1754723745502264261,map,MoraiInfo,-12.546506786193849,2.897353665176391,0.0006409765034914028,0.0,0.0,0.0,1.0
1754723745554185801,0,1754723745553939819,map,MoraiInfo,-12.546224021759034,2.8729734581146236,0.0002886404097080242,0.0,0.0,0.0,1.0
1754723745555796971,0,1754723745555530309,map,MoraiInfo,-12.546224021759034,2.8729734581146236,0.0002886404097080242,0.0,0.0,0.0,1.0
1754723745589919324,0,1754723745589631319,map,MoraiInfo,-12.545948886718751,2.8463599842224117,8.251637220382801e-05,0.0,0.0,0.0,1.0
1754723745604641844,0,1754723745604411602,map,MoraiInfo,-12.545658016052247,2.8147188585433955,-6.159648299217113e-05,0.0,0.0,0.0,1.0
1754723745625533637,0,1754723745625329971,map,MoraiInfo,-12.545658016052247,2.8147188585433955,-6.159648299217113e-05,0.0,0.0,0.0,1.0
1754723745653948141,0,1754723745653714179,map,MoraiInfo,-12.545350932922364,2.7796868246231075,-0.0001435808092355717,0.0,0.0,0.0,1.0
1754723745688469443,0,1754723745688210487,map,MoraiInfo,-12.544971370544435,2.7386138599548335,-0.00019078582525253185,0.0,0.0,0.0,1.0
1754723745689258356,0,1754723745688983917,map,MoraiInfo,-12.544971370544435,2.7386138599548335,-0.00019078582525253185,0.0,0.0,0.0,1.0
1754723745708077797,0,1754723745707494497,map,MoraiInfo,-12.54456653579712,2.6962299507293697,-0.0002051691710948933,0.0,0.0,0.0,1.0
1754723745741539292,0,1754723745741306543,map,MoraiInfo,-12.544095420684815,2.648510233703613,-0.000194488763809203,0.0,0.0,0.0,1.0
1754723745760821646,0,1754723745760587453,map,MoraiInfo,-12.544095420684815,2.648510233703613,-0.000194488763809203,0.0,0.0,0.0,1.0
1754723745790973194,0,1754723745790696859,map,MoraiInfo,-12.543450736846925,2.5840215843353267,-0.00015130147337913402,0.0,0.0,0.0,1.0
1754723745849806469,0,1754723745849554777,map,MoraiInfo,-12.542992019500733,2.5390548866424556,-9.611874818801769e-05,0.0,0.0,0.0,1.0
1754723745859923563,0,1754723745859681367,map,MoraiInfo,-12.542992019500733,2.5390548866424556,-9.611874818801769e-05,0.0,0.0,0.0,1.0
1754723745874478768,0,1754723745874269485,map,MoraiInfo,-12.542467021789552,2.4884429138336177,0.00028885461390018574,0.0,0.0,0.0,1.0
1754723745893336191,0,1754723745893128871,map,MoraiInfo,-12.541922473754884,2.4368136089477535,0.0006773781776428234,0.0,0.0,0.0,1.0
1754723745893445000,0,1754723745893284082,map,MoraiInfo,-12.541922473754884,2.4368136089477535,0.0006773781776428234,0.0,0.0,0.0,1.0
1754723745924827726,0,1754723745924611330,map,MoraiInfo,-12.541382694091798,2.3858194511566158,0.0009762936085462581,0.0,0.0,0.0,1.0
1754723745940267730,0,1754723745939812421,map,MoraiInfo,-12.54085149749756,2.3356602352294917,0.001191673129796983,0.0,0.0,0.0,1.0
1754723745960561496,0,1754723745960302829,map,MoraiInfo,-12.54085149749756,2.3356602352294917,0.001191673129796983,0.0,0.0,0.0,1.0
1754723745994979691,0,1754723745994771718,map,MoraiInfo,-12.540349387969972,2.2883920829925533,0.0013392356038093578,0.0,0.0,0.0,1.0
1754723746008033882,0,1754723746007803201,map,MoraiInfo,-12.539822482910157,2.2388441723022456,0.0014513854682445537,0.0,0.0,0.0,1.0
1754723746030211811,0,1754723746029985904,map,MoraiInfo,-12.539822482910157,2.2388441723022456,0.0014513854682445537,0.0,0.0,0.0,1.0
1754723746052805254,0,1754723746052522182,map,MoraiInfo,-12.539407157745362,2.1999600093994136,0.0015160378813743602,0.0,0.0,0.0,1.0
1754723746099783641,0,1754723746099557876,map,MoraiInfo,-12.538958453979493,2.158041731658935,0.0015683223307132732,0.0,0.0,0.0,1.0
1754723746102625007,0,1754723746102434873,map,MoraiInfo,-12.538958453979493,2.158041731658935,0.0015683223307132732,0.0,0.0,0.0,1.0
1754723746106682777,0,1754723746106492757,map,MoraiInfo,-12.538551711883546,2.1200623672637935,0.0016025651991367351,0.0,0.0,0.0,1.0
1754723746142775977,0,1754723746142231702,map,MoraiInfo,-12.53815259918213,2.0829112690124507,0.0016234230995178234,0.0,0.0,0.0,1.0
1754723746165955369,0,1754723746165495157,map,MoraiInfo,-12.53815259918213,2.0829112690124507,0.0016234230995178234,0.0,0.0,0.0,1.0
1754723746206658651,0,1754723746206449747,map,MoraiInfo,-12.53776254638672,2.0466840427551265,0.0016332727670669567,0.0,0.0,0.0,1.0
1754723746238162655,0,1754723746237906217,map,MoraiInfo,-12.537389659729005,2.012129799667358,0.001633622944355012,0.0,0.0,0.0,1.0
1754723746242358680,0,1754723746242146968,map,MoraiInfo,-12.537389659729005,2.012129799667358,0.001633622944355012,0.0,0.0,0.0,1.0
1754723746267264658,0,1754723746266892433,map,MoraiInfo,-12.53704347595215,1.980161682907104,0.0016260121762752544,0.0,0.0,0.0,1.0
1754723746292681637,0,1754723746292430400,map,MoraiInfo,-12.536714935150147,1.9498503368530269,0.0016125787794590007,0.0,0.0,0.0,1.0
1754723746294950452,0,1754723746294717550,map,MoraiInfo,-12.536714935150147,1.9498503368530269,0.0016125787794590007,0.0,0.0,0.0,1.0
1754723746324925728,0,1754723746324687242,map,MoraiInfo,-12.536478423919679,1.9194657962951656,0.0016704921424388897,0.0,0.0,0.0,1.0
1754723746342335795,0,1754723746341835737,map,MoraiInfo,-12.537361049499513,1.8918354671630855,0.0016646359860897075,0.0,0.0,0.0,1.0
1754723746392206297,0,1754723746391889333,map,MoraiInfo,-12.537361049499513,1.8918354671630855,0.0016646359860897075,0.0,0.0,0.0,1.0
1754723746395060431,0,1754723746394853353,map,MoraiInfo,-12.538654708709718,1.8695433300170894,0.0016471979022026073,0.0,0.0,0.0,1.0
1754723746432390493,0,1754723746432149171,map,MoraiInfo,-12.54052772506714,1.8453197639617915,0.0015641537308692943,0.0,0.0,0.0,1.0
1754723746444552413,0,1754723746444297790,map,MoraiInfo,-12.54052772506714,1.8453197639617915,0.0015641537308692943,0.0,0.0,0.0,1.0
1754723746447747027,0,1754723746447548866,map,MoraiInfo,-12.541927242126466,1.8225813072357173,0.0015253958106040966,0.0,0.0,0.0,1.0
1754723746478823054,0,1754723746478310823,map,MoraiInfo,-12.5433882711792,1.7993672054443355,0.0014827635884284984,0.0,0.0,0.0,1.0
1754723746522709481,0,1754723746522464752,map,MoraiInfo,-12.5433882711792,1.7993672054443355,0.0014827635884284984,0.0,0.0,0.0,1.0
1754723746525714417,0,1754723746525512456,map,MoraiInfo,-12.544659042205812,1.780041472259521,0.0014473249018192302,0.0,0.0,0.0,1.0
1754723746550945943,0,1754723746550694704,map,MoraiInfo,-12.54595460876465,1.7605230968627925,0.0014174368977546703,0.0,0.0,0.0,1.0
1754723746571331219,0,1754723746571121215,map,MoraiInfo,-12.54595460876465,1.7605230968627925,0.0014174368977546703,0.0,0.0,0.0,1.0
1754723746589225564,0,1754723746588955640,map,MoraiInfo,-12.54719629272461,1.7420246761474605,0.0013923731446266185,0.0,0.0,0.0,1.0
1754723746610556557,0,1754723746610323429,map,MoraiInfo,-12.548554801788331,1.7221486728820796,0.0013654504716396343,0.0,0.0,0.0,1.0
1754723746633199010,0,1754723746632909297,map,MoraiInfo,-12.548554801788331,1.7221486728820796,0.0013654504716396343,0.0,0.0,0.0,1.0
1754723746639506727,0,1754723746639303445,map,MoraiInfo,-12.549722099151612,1.7048645179901118,0.0013804373145103466,0.0,0.0,0.0,1.0
1754723746700627527,0,1754723746700355529,map,MoraiInfo,-12.551325225677491,1.6891632240447993,0.0013771516084671032,0.0,0.0,0.0,1.0
1754723746702317005,0,1754723746702041387,map,MoraiInfo,-12.551325225677491,1.6891632240447993,0.0013771516084671032,0.0,0.0,0.0,1.0
1754723746724276282,0,1754723746723992109,map,MoraiInfo,-12.553242587890626,1.6734662216339107,0.0013588418066501629,0.0,0.0,0.0,1.0
1754723746739611071,0,1754723746739240407,map,MoraiInfo,-12.555272006835938,1.6588976543579097,0.0013340574502944957,0.0,0.0,0.0,1.0
1754723746742294425,0,1754723746741973400,map,MoraiInfo,-12.555272006835938,1.6588976543579097,0.0013340574502944957,0.0,0.0,0.0,1.0
1754723746800334203,0,1754723746800077199,map,MoraiInfo,-12.557447337951661,1.6448590915832515,0.0013090719282627117,0.0,0.0,0.0,1.0
1754723746826527402,0,1754723746826277494,map,MoraiInfo,-12.559948825683595,1.6294529598388667,0.0012615856528282177,0.0,0.0,0.0,1.0
1754723746828699379,0,1754723746828435182,map,MoraiInfo,-12.559948825683595,1.6294529598388667,0.0012615856528282177,0.0,0.0,0.0,1.0
1754723746841775128,0,1754723746841250896,map,MoraiInfo,-12.561595821228028,1.61788989717102,0.0012428120523691188,0.0,0.0,0.0,1.0
1754723746895770249,0,1754723746895537614,map,MoraiInfo,-12.563416385498048,1.6049888294372554,0.0012276259064674389,0.0,0.0,0.0,1.0
1754723746913771266,0,1754723746913530111,map,MoraiInfo,-12.563416385498048,1.6049888294372554,0.0012276259064674389,0.0,0.0,0.0,1.0
1754723746918269409,0,1754723746918053865,map,MoraiInfo,-12.565143012847901,1.5928695362243648,0.0012123317271471035,0.0,0.0,0.0,1.0
1754723746965142099,0,1754723746964894294,map,MoraiInfo,-12.567045593109132,1.5796234768066402,0.0011972964555025112,0.0,0.0,0.0,1.0
1754723746968338901,0,1754723746968106031,map,MoraiInfo,-12.567045593109132,1.5796234768066402,0.0011972964555025112,0.0,0.0,0.0,1.0
1754723746978874609,0,1754723746978687763,map,MoraiInfo,-12.56867017730713,1.568367020431518,0.0011864949762821209,0.0,0.0,0.0,1.0
1754723747041835185,0,1754723747041558980,map,MoraiInfo,-12.570636176910401,1.5550828140411372,0.000646461993455888,0.0,0.0,0.0,1.0
1754723747043547470,0,1754723747043325424,map,MoraiInfo,-12.570636176910401,1.5550828140411372,0.000646461993455888,0.0,0.0,0.0,1.0
1754723747063983829,0,1754723747063747644,map,MoraiInfo,-12.573470020141603,1.535792605224609,0.0003527805954217922,0.0,0.0,0.0,1.0
1754723747100960345,0,1754723747100419044,map,MoraiInfo,-12.576767825927735,1.5131905239257808,0.00010898083448410145,0.0,0.0,0.0,1.0
1754723747120309636,0,1754723747120062828,map,MoraiInfo,-12.576767825927735,1.5131905239257808,0.00010898083448410145,0.0,0.0,0.0,1.0
1754723747121683196,0,1754723747121450185,map,MoraiInfo,-12.580922984924317,1.4847211998138423,-5.9482380747793995e-05,0.0,0.0,0.0,1.0
1754723747171090517,0,1754723747170852661,map,MoraiInfo,-12.585999393310548,1.4499063652191158,-0.00016379237174987682,0.0,0.0,0.0,1.0
1754723747171723516,0,1754723747171470880,map,MoraiInfo,-12.585999393310548,1.4499063652191158,-0.00016379237174987682,0.0,0.0,0.0,1.0
1754723747197956633,0,1754723747197754859,map,MoraiInfo,-12.590598964538575,1.4183123272094722,-6.12761080265034e-05,0.0,0.0,0.0,1.0
1754723747235750410,0,1754723747235538005,map,MoraiInfo,-12.59578027709961,1.3825442951354976,0.00046739846467971913,0.0,0.0,0.0,1.0
1754723747239151594,0,1754723747238948583,map,MoraiInfo,-12.59578027709961,1.3825442951354976,0.00046739846467971913,0.0,0.0,0.0,1.0
1754723747241836008,0,1754723747241632938,map,MoraiInfo,-12.600238227691651,1.351825968566894,0.0008795068413019191,0.0,0.0,0.0,1.0
1754723747280410381,0,1754723747279939651,map,MoraiInfo,-12.605868720855714,1.3217182319793697,0.0011328656971454631,0.0,0.0,0.0,1.0
1754723747301181243,0,1754723747300672292,map,MoraiInfo,-12.605868720855714,1.3217182319793697,0.0011328656971454631,0.0,0.0,0.0,1.0
1754723747343608314,0,1754723747343368768,map,MoraiInfo,-12.611923122253419,1.2938573520812984,0.0012925353646278392,0.0,0.0,0.0,1.0
1754723747367628958,0,1754723747367399454,map,MoraiInfo,-12.618163013305665,1.2682080429229732,0.0013294902443885814,0.0,0.0,0.0,1.0
1754723747369899673,0,1754723747369699001,map,MoraiInfo,-12.618163013305665,1.2682080429229732,0.0013294902443885814,0.0,0.0,0.0,1.0
1754723747376346521,0,1754723747376071691,map,MoraiInfo,-12.624102973785401,1.2422013443145747,0.0013795432448387157,0.0,0.0,0.0,1.0
1754723747413880577,0,1754723747413613080,map,MoraiInfo,-12.629547023620606,1.2186548870239253,0.0013981659710407268,0.0,0.0,0.0,1.0
1754723747438550706,0,1754723747438269853,map,MoraiInfo,-12.629547023620606,1.2186548870239253,0.0013981659710407268,0.0,0.0,0.0,1.0
1754723747454203405,0,1754723747453924894,map,MoraiInfo,-12.634973430480958,1.1954612892303462,0.0014026959240436565,0.0,0.0,0.0,1.0
1754723747478676799,0,1754723747478443145,map,MoraiInfo,-12.640221023406983,1.1732011001739497,0.0013996635377407085,0.0,0.0,0.0,1.0
1754723747506267575,0,1754723747505989789,map,MoraiInfo,-12.640221023406983,1.1732011001739497,0.0013996635377407085,0.0,0.0,0.0,1.0
1754723747532387642,0,1754723747532151222,map,MoraiInfo,-12.645026111450196,1.152877108398437,0.0013932299613952648,0.0,0.0,0.0,1.0
1754723747570685408,0,1754723747570452690,map,MoraiInfo,-12.649652862396241,1.1335156124267574,0.0014358919858932506,0.0,0.0,0.0,1.0
1754723747571831845,0,1754723747571572542,map,MoraiInfo,-12.649652862396241,1.1335156124267574,0.0014358919858932506,0.0,0.0,0.0,1.0
1754723747576451576,0,1754723747576249599,map,MoraiInfo,-12.655051612701417,1.1142537754211421,0.0014323008060455333,0.0,0.0,0.0,1.0
1754723747652137976,0,1754723747651948451,map,MoraiInfo,-12.660250568237306,1.0972325962219234,0.0014115211367607128,0.0,0.0,0.0,1.0
1754723747679685155,0,1754723747679454803,map,MoraiInfo,-12.660250568237306,1.0972325962219234,0.0014115211367607128,0.0,0.0,0.0,1.0
1754723747712338270,0,1754723747712078571,map,MoraiInfo,-12.664965534057618,1.082618729415893,0.0013894785940647136,0.0,0.0,0.0,1.0
1754723747716026044,0,1754723747715789794,map,MoraiInfo,-12.670172595825196,1.0673403900299068,0.0013636995851993572,0.0,0.0,0.0,1.0
1754723747716626732,0,1754723747716409444,map,MoraiInfo,-12.670172595825196,1.0673403900299068,0.0013636995851993572,0.0,0.0,0.0,1.0
1754723747722096253,0,1754723747721859693,map,MoraiInfo,-12.675312900390626,1.0530450504455562,0.001339704990386964,0.0,0.0,0.0,1.0
1754723747759075628,0,1754723747758810520,map,MoraiInfo,-12.680824661102296,1.0384512108001704,0.001316429376602174,0.0,0.0,0.0,1.0
1754723747771267637,0,1754723747771028995,map,MoraiInfo,-12.680824661102296,1.0384512108001704,0.001316429376602174,0.0,0.0,0.0,1.0
1754723747794984699,0,1754723747794729232,map,MoraiInfo,-12.68601407989502,1.0253529709014888,0.0012965363264083873,0.0,0.0,0.0,1.0
1754723747827356155,0,1754723747827100515,map,MoraiInfo,-12.692321204986573,1.0101833503875728,0.0012747471034526836,0.0,0.0,0.0,1.0
1754723747840110560,0,1754723747839792490,map,MoraiInfo,-12.692321204986573,1.0101833503875728,0.0012747471034526836,0.0,0.0,0.0,1.0
1754723747869980982,0,1754723747869770765,map,MoraiInfo,-12.696673774566651,1.0001490276489253,0.0012612727284431469,0.0,0.0,0.0,1.0
1754723747923817186,0,1754723747923588514,map,MoraiInfo,-12.702074909057618,0.9881124656829829,0.0012456022948026668,0.0,0.0,0.0,1.0
1754723747923949244,0,1754723747923790454,map,MoraiInfo,-12.702074909057618,0.9881124656829829,0.0012456022948026668,0.0,0.0,0.0,1.0
1754723747948057138,0,1754723747947788000,map,MoraiInfo,-12.706895732727052,0.9777777355346675,0.0012326215207576763,0.0,0.0,0.0,1.0
1754723747972569510,0,1754723747972321271,map,MoraiInfo,-12.711985492553712,0.96719409638977,0.0012199182808399212,0.0,0.0,0.0,1.0
1754723747972600554,0,1754723747972484827,map,MoraiInfo,-12.711985492553712,0.96719409638977,0.0012199182808399212,0.0,0.0,0.0,1.0
1754723747981260317,0,1754723747980986833,map,MoraiInfo,-12.717238330688478,0.9566240471038814,0.0012079377472400676,0.0,0.0,0.0,1.0
1754723748015361508,0,1754723748015148878,map,MoraiInfo,-12.722327136840821,0.9467146557006831,0.0011972722411155712,0.0,0.0,0.0,1.0
1754723748036969105,0,1754723748036685466,map,MoraiInfo,-12.722327136840821,0.9467146557006831,0.0011972722411155712,0.0,0.0,0.0,1.0
1754723748066462572,0,1754723748066209554,map,MoraiInfo,-12.727332973327638,0.9372377555999751,0.0011875212937593471,0.0,0.0,0.0,1.0
1754723748083130441,0,1754723748082891225,map,MoraiInfo,-12.73272981628418,0.9273092907104488,0.0011776790767908107,0.0,0.0,0.0,1.0
1754723748107133915,0,1754723748106868743,map,MoraiInfo,-12.73272981628418,0.9273092907104488,0.0011776790767908107,0.0,0.0,0.0,1.0
1754723748113786043,0,1754723748113568067,map,MoraiInfo,-12.737388992156983,0.9189767997894283,0.0011698317527771007,0.0,0.0,0.0,1.0
1754723748170777454,0,1754723748170562028,map,MoraiInfo,-12.741852187957765,0.9111759822998042,0.0011626512557268154,0.0,0.0,0.0,1.0
1754723748175517966,0,1754723748175318956,map,MoraiInfo,-12.741852187957765,0.9111759822998042,0.0011626512557268154,0.0,0.0,0.0,1.0
1754723748178420885,0,1754723748178219079,map,MoraiInfo,-12.746742629852296,0.9028222721252437,0.0011554148793220531,0.0,0.0,0.0,1.0
1754723748233230520,0,1754723748232849836,map,MoraiInfo,-12.753945731964112,0.890432850662231,0.0005980518460273754,0.0,0.0,0.0,1.0
1754723748257787390,0,1754723748257456541,map,MoraiInfo,-12.753945731964112,0.890432850662231,0.0005980518460273754,0.0,0.0,0.0,1.0
1754723748282714818,0,1754723748282487630,map,MoraiInfo,-12.763141059722901,0.8750808399353023,0.00029192425310611836,0.0,0.0,0.0,1.0
1754723748290788952,0,1754723748290602922,map,MoraiInfo,-12.773727798309327,0.8582949798736568,9.165450930595509e-05,0.0,0.0,0.0,1.0
1754723748316049481,0,1754723748315846443,map,MoraiInfo,-12.773727798309327,0.8582949798736568,9.165450930595509e-05,0.0,0.0,0.0,1.0
1754723748337042904,0,1754723748336836338,map,MoraiInfo,-12.792485618438722,0.8313074272308345,-4.600055515766033e-05,0.0,0.0,0.0,1.0
1754723748346964259,0,1754723748346734523,map,MoraiInfo,-12.80704965576172,0.8130550544891353,0.00015469014644622914,0.0,0.0,0.0,1.0
1754723748387387674,0,1754723748387136936,map,MoraiInfo,-12.80704965576172,0.8130550544891353,0.00015469014644622914,0.0,0.0,0.0,1.0
1754723748407999909,0,1754723748407804489,map,MoraiInfo,-12.825199031677247,0.7924037140045161,0.0005703412741422664,0.0,0.0,0.0,1.0
1754723748414891475,0,1754723748414699077,map,MoraiInfo,-12.84448518737793,0.7717983883056636,0.0008681204915046703,0.0,0.0,0.0,1.0
1754723748417996780,0,1754723748417798995,map,MoraiInfo,-12.84448518737793,0.7717983883056636,0.0008681204915046703,0.0,0.0,0.0,1.0
1754723748464596546,0,1754723748464085817,map,MoraiInfo,-12.861587905731202,0.7545693081054683,0.0010562774538993847,0.0,0.0,0.0,1.0
1754723748512679797,0,1754723748512399196,map,MoraiInfo,-12.879477405395509,0.737518565002441,0.0011933495104312908,0.0,0.0,0.0,1.0
1754723748528280663,0,1754723748528039455,map,MoraiInfo,-12.879477405395509,0.737518565002441,0.0011933495104312908,0.0,0.0,0.0,1.0
1754723748545666052,0,1754723748545410633,map,MoraiInfo,-12.897202396240235,0.7216046016845699,0.0012792919576168071,0.0,0.0,0.0,1.0
1754723748573606813,0,1754723748573382139,map,MoraiInfo,-12.915121936645509,0.7063543956909175,0.0013323289155960094,0.0,0.0,0.0,1.0
1754723748573757121,0,1754723748573570489,map,MoraiInfo,-12.915121936645509,0.7063543956909175,0.0013323289155960094,0.0,0.0,0.0,1.0
1754723748585000650,0,1754723748584784030,map,MoraiInfo,-12.9316619871521,0.692974821868896,0.0013587039709091198,0.0,0.0,0.0,1.0
1754723748642140820,0,1754723748641897916,map,MoraiInfo,-12.946224117126466,0.6817233722839351,0.0013683450222015392,0.0,0.0,0.0,1.0
1754723748643770649,0,1754723748643513441,map,MoraiInfo,-12.946224117126466,0.6817233722839351,0.0013683450222015392,0.0,0.0,0.0,1.0
1754723748669302858,0,1754723748669031143,map,MoraiInfo,-12.962134265747071,0.6699798267517085,0.0013680320978164684,0.0,0.0,0.0,1.0
1754723748681463469,0,1754723748681215763,map,MoraiInfo,-12.976027393188478,0.6601436298522945,0.001361471861600877,0.0,0.0,0.0,1.0
1754723748683724057,0,1754723748683504581,map,MoraiInfo,-12.976027393188478,0.6601436298522945,0.001361471861600877,0.0,0.0,0.0,1.0
1754723748722661788,0,1754723748722139120,map,MoraiInfo,-12.990415954437257,0.6503737133178706,0.0013502736389637005,0.0,0.0,0.0,1.0
1754723748776991270,0,1754723748776750087,map,MoraiInfo,-13.00448789581299,0.6412108104858394,0.0013363298773765575,0.0,0.0,0.0,1.0
1754723748778632112,0,1754723748778406381,map,MoraiInfo,-13.00448789581299,0.6412108104858394,0.0013363298773765575,0.0,0.0,0.0,1.0
1754723748805632065,0,1754723748805374145,map,MoraiInfo,-13.018734836425782,0.6322996776733394,0.0013203632831573497,0.0,0.0,0.0,1.0
1754723748828927288,0,1754723748828691005,map,MoraiInfo,-13.032171630706788,0.6242225330505367,0.001304251402616502,0.0,0.0,0.0,1.0
1754723748855059958,0,1754723748854827404,map,MoraiInfo,-13.032171630706788,0.6242225330505367,0.001304251402616502,0.0,0.0,0.0,1.0
1754723748875867837,0,1754723748875638246,map,MoraiInfo,-13.04771652206421,0.6152808826599117,0.0012849543988704692,0.0,0.0,0.0,1.0
1754723748892872850,0,1754723748892573595,map,MoraiInfo,-13.055139446105958,0.6111529033813472,0.0012755592167377483,0.0,0.0,0.0,1.0
1754723748917864070,0,1754723748917599678,map,MoraiInfo,-13.066931629028321,0.604779021087646,0.0012611497938632976,0.0,0.0,0.0,1.0
1754723748940406866,0,1754723748940127372,map,MoraiInfo,-13.066931629028321,0.604779021087646,0.0012611497938632976,0.0,0.0,0.0,1.0
1754723748951923259,0,1754723748951386690,map,MoraiInfo,-13.078716182556153,0.5986368816528316,0.0012470421195030224,0.0,0.0,0.0,1.0
1754723748995937573,0,1754723748995429515,map,MoraiInfo,-13.089960479583741,0.5929730098876949,0.0012340259552001964,0.0,0.0,0.0,1.0
1754723749024815266,0,1754723749024585008,map,MoraiInfo,-13.089960479583741,0.5929730098876949,0.0012340259552001964,0.0,0.0,0.0,1.0
1754723749069342616,0,1754723749069095611,map,MoraiInfo,-13.100371742095948,0.5879018467102046,0.0012224123626947414,0.0,0.0,0.0,1.0
1754723749093115614,0,1754723749092634677,map,MoraiInfo,-13.110864543762208,0.582961336914062,0.0012110520899295818,0.0,0.0,0.0,1.0
1754723749093147356,0,1754723749092804193,map,MoraiInfo,-13.110864543762208,0.582961336914062,0.0012110520899295818,0.0,0.0,0.0,1.0
1754723749093156488,0,1754723749092924833,map,MoraiInfo,-13.12105169281006,0.5783140819702144,0.0012004536390304577,0.0,0.0,0.0,1.0
1754723749116632951,0,1754723749116389036,map,MoraiInfo,-13.131091499176026,0.5738814037475581,0.001190585345029832,0.0,0.0,0.0,1.0
1754723749143463415,0,1754723749143186569,map,MoraiInfo,-13.131091499176026,0.5738814037475581,0.001190585345029832,0.0,0.0,0.0,1.0
1754723749158671749,0,1754723749158452749,map,MoraiInfo,-13.14057769760132,0.5698301952514644,0.001181730329990388,0.0,0.0,0.0,1.0
1754723749189592748,0,1754723749189090490,map,MoraiInfo,-13.150646114196778,0.5656635921630855,0.0011727635562419902,0.0,0.0,0.0,1.0
1754723749230275301,0,1754723749230065822,map,MoraiInfo,-13.150646114196778,0.5656635921630855,0.0011727635562419902,0.0,0.0,0.0,1.0
1754723749253546510,0,1754723749253320455,map,MoraiInfo,-13.15932598098755,0.5621822040710445,0.0011653781682252895,0.0,0.0,0.0,1.0
1754723749254861717,0,1754723749254652500,map,MoraiInfo,-13.16843881591797,0.5586435955200191,0.0011579667031764995,0.0,0.0,0.0,1.0
1754723749294344244,0,1754723749294090986,map,MoraiInfo,-13.16843881591797,0.5586435955200191,0.0011579667031764995,0.0,0.0,0.0,1.0
1754723749296292413,0,1754723749296051263,map,MoraiInfo,-13.17695989593506,0.5554311435852046,0.0011514288187026989,0.0,0.0,0.0,1.0
1754723749338418538,0,1754723749338179111,map,MoraiInfo,-13.185981178131104,0.55213381463623,0.0011448425054550182,0.0,0.0,0.0,1.0
1754723749340894140,0,1754723749340664148,map,MoraiInfo,-13.185981178131104,0.55213381463623,0.0011448425054550182,0.0,0.0,0.0,1.0
1754723749350518844,0,1754723749350262880,map,MoraiInfo,-13.195075893249513,0.5489218395385738,0.0011386156827211391,0.0,0.0,0.0,1.0
1754723749404928659,0,1754723749404676198,map,MoraiInfo,-13.201840305175782,0.5466025036010738,0.0011341099441051494,0.0,0.0,0.0,1.0
1754723749426370411,0,1754723749426136016,map,MoraiInfo,-13.201840305175782,0.5466025036010738,0.0011341099441051494,0.0,0.0,0.0,1.0
1754723749427030157,0,1754723749426792621,map,MoraiInfo,-13.209615135040284,0.5440056484374995,0.001129267066717149,0.0,0.0,0.0,1.0
1754723749450390589,0,1754723749450163125,map,MoraiInfo,-13.217961215820313,0.5413077037963863,0.0011242546886205684,0.0,0.0,0.0,1.0
1754723749456760956,0,1754723749456536769,map,MoraiInfo,-13.217961215820313,0.5413077037963863,0.0011242546886205684,0.0,0.0,0.0,1.0
1754723749509587077,0,1754723749509103775,map,MoraiInfo,-13.224906349029542,0.5391280811462398,0.0011202239245176326,0.0,0.0,0.0,1.0
1754723749558560764,0,1754723749558312892,map,MoraiInfo,-13.232365989532472,0.5368521373901363,0.00111616149544716,0.0,0.0,0.0,1.0
1754723749559782966,0,1754723749559445619,map,MoraiInfo,-13.232365989532472,0.5368521373901363,0.00111616149544716,0.0,0.0,0.0,1.0
1754723749581971190,0,1754723749581766128,map,MoraiInfo,-13.239347362365724,0.5347883861694331,0.001112574040889741,0.0,0.0,0.0,1.0
1754723749597369880,0,1754723749597161293,map,MoraiInfo,-13.24634876235962,0.532776133361816,0.0011090685427188884,0.0,0.0,0.0,1.0
1754723749627911734,0,1754723749627646207,map,MoraiInfo,-13.24634876235962,0.532776133361816,0.0011090685427188884,0.0,0.0,0.0,1.0
1754723749635474590,0,1754723749635223865,map,MoraiInfo,-13.253972434844972,0.5306523006591792,0.0011054456979036342,0.0,0.0,0.0,1.0
1754723749655712951,0,1754723749655457973,map,MoraiInfo,-13.260170364227296,0.5289795559082027,0.0011025530099868786,0.0,0.0,0.0,1.0
1754723749684998356,0,1754723749684756278,map,MoraiInfo,-13.260170364227296,0.5289795559082027,0.0011025530099868786,0.0,0.0,0.0,1.0
1754723749715990502,0,1754723749715710401,map,MoraiInfo,-13.267150783386231,0.527111784759521,0.0009407897293567669,0.0,0.0,0.0,1.0
1754723749721441815,0,1754723749721232652,map,MoraiInfo,-13.278475665893556,0.5240514438781734,0.0005190216749906551,0.0,0.0,0.0,1.0
1754723749725140162,0,1754723749724953651,map,MoraiInfo,-13.278475665893556,0.5240514438781734,0.0005190216749906551,0.0,0.0,0.0,1.0
1754723749754357724,0,1754723749753902435,map,MoraiInfo,-13.293512725677491,0.5201895397338863,0.0002058495581150066,0.0,0.0,0.0,1.0
1754723749812323379,0,1754723749812077760,map,MoraiInfo,-13.313071155395509,0.5154831569824214,-2.3196637630451544e-06,0.0,0.0,0.0,1.0
1754723749814882973,0,1754723749814680337,map,MoraiInfo,-13.313071155395509,0.5154831569824214,-2.3196637630451544e-06,0.0,0.0,0.0,1.0
1754723749838421018,0,1754723749838196516,map,MoraiInfo,-13.337754154052735,0.5099947612915035,-0.00014612145721912273,0.0,0.0,0.0,1.0
1754723749867715012,0,1754723749867524623,map,MoraiInfo,-13.372803592529298,0.5027849834594722,-3.9378851652144276e-05,0.0,0.0,0.0,1.0
1754723749875656218,0,1754723749875466823,map,MoraiInfo,-13.372803592529298,0.5027849834594722,-3.9378851652144276e-05,0.0,0.0,0.0,1.0
1754723749887631340,0,1754723749887259244,map,MoraiInfo,-13.396069431152345,0.4981606166992183,0.0003419996052980434,0.0,0.0,0.0,1.0
1754723749944614346,0,1754723749944366931,map,MoraiInfo,-13.420366668548585,0.49333264047241165,0.0006406281888484966,0.0,0.0,0.0,1.0
1754723749947679345,0,1754723749947469234,map,MoraiInfo,-13.420366668548585,0.49333264047241165,0.0006406281888484966,0.0,0.0,0.0,1.0
1754723749950701682,0,1754723749950498819,map,MoraiInfo,-13.447029971923829,0.4880769413146968,0.000901998281478883,0.0,0.0,0.0,1.0
1754723749998543410,0,1754723749998016595,map,MoraiInfo,-13.472275638427735,0.4831307094726558,0.0010701988637447368,0.0,0.0,0.0,1.0
1754723750024994557,0,1754723750024747610,map,MoraiInfo,-13.472275638427735,0.4831307094726558,0.0010701988637447368,0.0,0.0,0.0,1.0
1754723750046914641,0,1754723750046630382,map,MoraiInfo,-13.49564828857422,0.4785688083801265,0.0011768464744091045,0.0,0.0,0.0,1.0
1754723750052517117,0,1754723750052282094,map,MoraiInfo,-13.517708682861329,0.47427107507324173,0.001241837888956071,0.0,0.0,0.0,1.0
1754723750075241723,0,1754723750075030803,map,MoraiInfo,-13.517708682861329,0.47427107507324173,0.001241837888956071,0.0,0.0,0.0,1.0
1754723750104905605,0,1754723750104618549,map,MoraiInfo,-13.540297412719728,0.4698727291259761,0.0010547910630702984,0.0,0.0,0.0,1.0
1754723750133812383,0,1754723750133548736,map,MoraiInfo,-13.565866851654054,0.46490790063476517,0.0006341350078582775,0.0,0.0,0.0,1.0
1754723750144616952,0,1754723750144416332,map,MoraiInfo,-13.565866851654054,0.46490790063476517,0.0006341350078582775,0.0,0.0,0.0,1.0
1754723750153576542,0,1754723750153351306,map,MoraiInfo,-13.59647312149048,0.45896841699218704,0.0003068179637193691,0.0,0.0,0.0,1.0
1754723750200782814,0,1754723750200578927,map,MoraiInfo,-13.63080396636963,0.45230414086914017,0.00011413291096687428,0.0,0.0,0.0,1.0
1754723750211512222,0,1754723750211306095,map,MoraiInfo,-13.63080396636963,0.45230414086914017,0.00011413291096687428,0.0,0.0,0.0,1.0
1754723750240310576,0,1754723750240115642,map,MoraiInfo,-13.669662380065919,0.4447548549804683,-1.3512298464773975e-05,0.0,0.0,0.0,1.0
1754723750259462052,0,1754723750259083032,map,MoraiInfo,-13.7121213911438,0.4364974659118648,-8.356451988220104e-05,0.0,0.0,0.0,1.0
1754723750290741320,0,1754723750290466308,map,MoraiInfo,-13.7121213911438,0.4364974659118648,-8.356451988220104e-05,0.0,0.0,0.0,1.0
1754723750302105787,0,1754723750301868915,map,MoraiInfo,-13.757747077789308,0.42761351281738236,-0.00011281363666057476,0.0,0.0,0.0,1.0
1754723750330265185,0,1754723750330022335,map,MoraiInfo,-13.807649993743897,0.4178850811157222,-8.606046438217052e-05,0.0,0.0,0.0,1.0
1754723750347999313,0,1754723750347713470,map,MoraiInfo,-13.807649993743897,0.4178850811157222,-8.606046438217052e-05,0.0,0.0,0.0,1.0
1754723750381482269,0,1754723750381195068,map,MoraiInfo,-13.86223878845215,0.4072778385314937,0.00044463321566581837,0.0,0.0,0.0,1.0
1754723750390886706,0,1754723750390645503,map,MoraiInfo,-13.904845619049073,0.4002611797485347,0.0009059955179691326,0.0,0.0,0.0,1.0
1754723750426002073,0,1754723750425767183,map,MoraiInfo,-13.904845619049073,0.4002611797485347,0.0009059955179691326,0.0,0.0,0.0,1.0
1754723750438213294,0,1754723750437927007,map,MoraiInfo,-13.950034522857667,0.394688860717773,0.0012218628823757183,0.0,0.0,0.0,1.0
1754723750459583445,0,1754723750459382772,map,MoraiInfo,-13.988027477111817,0.3914888065490718,0.0013232354819774639,0.0,0.0,0.0,1.0
1754723750462264631,0,1754723750462051630,map,MoraiInfo,-13.988027477111817,0.3914888065490718,0.0013232354819774639,0.0,0.0,0.0,1.0
1754723750494231850,0,1754723750493756532,map,MoraiInfo,-14.028816127624513,0.3879611652526851,0.0014437709748744976,0.0,0.0,0.0,1.0
1754723750539614933,0,1754723750539360284,map,MoraiInfo,-14.068915271606446,0.38471724206542923,0.0015142646431922924,0.0,0.0,0.0,1.0
1754723750565746204,0,1754723750565509557,map,MoraiInfo,-14.068915271606446,0.38471724206542923,0.0015142646431922924,0.0,0.0,0.0,1.0
1754723750570742210,0,1754723750570567369,map,MoraiInfo,-14.108424568023683,0.38174368554687454,0.0015596535801887523,0.0,0.0,0.0,1.0
1754723750591352205,0,1754723750591102838,map,MoraiInfo,-14.14063873275757,0.3794167202148433,0.001584918498992921,0.0,0.0,0.0,1.0
1754723750616660502,0,1754723750616376638,map,MoraiInfo,-14.14063873275757,0.3794167202148433,0.001584918498992921,0.0,0.0,0.0,1.0
1754723750640035055,0,1754723750639783143,map,MoraiInfo,-14.178226375427247,0.3767917316589351,0.0015985828638076793,0.0,0.0,0.0,1.0
1754723750662228942,0,1754723750661982297,map,MoraiInfo,-14.206311607208253,0.37484623605346634,0.0016017940640449535,0.0,0.0,0.0,1.0
1754723750665197151,0,1754723750664988040,map,MoraiInfo,-14.206311607208253,0.37484623605346634,0.0016017940640449535,0.0,0.0,0.0,1.0
1754723750692757663,0,1754723750692498922,map,MoraiInfo,-14.235355281677247,0.37288023645019486,0.0015915010869503032,0.0,0.0,0.0,1.0
1754723750725130416,0,1754723750724885702,map,MoraiInfo,-14.263967418518067,0.37112547570800736,0.0016521376371383678,0.0,0.0,0.0,1.0
1754723750746977198,0,1754723750746703863,map,MoraiInfo,-14.263967418518067,0.37112547570800736,0.0016521376371383678,0.0,0.0,0.0,1.0
1754723750756149801,0,1754723750755928754,map,MoraiInfo,-14.290781402435304,0.37049605065917923,0.001648147851228715,0.0,0.0,0.0,1.0
1754723750791706459,0,1754723750791500568,map,MoraiInfo,-14.315125846710206,0.37055803948974564,0.0016281877458095562,0.0,0.0,0.0,1.0
1754723750812926347,0,1754723750812694311,map,MoraiInfo,-14.315125846710206,0.37055803948974564,0.0016281877458095562,0.0,0.0,0.0,1.0
1754723750841276533,0,1754723750841059684,map,MoraiInfo,-14.339062595214845,0.37100197488403275,0.0015520092844963085,0.0,0.0,0.0,1.0
1754723750873876960,0,1754723750873634815,map,MoraiInfo,-14.366350078430177,0.3711040180358882,0.0015030552446842205,0.0,0.0,0.0,1.0
1754723750876627753,0,1754723750876428127,map,MoraiInfo,-14.366350078430177,0.3711040180358882,0.0015030552446842205,0.0,0.0,0.0,1.0
1754723750891155411,0,1754723750890883922,map,MoraiInfo,-14.383411788787843,0.3711793583068843,0.001474735587835313,0.0,0.0,0.0,1.0
1754723750936288257,0,1754723750936055898,map,MoraiInfo,-14.403321647491456,0.3713333767089839,0.0014389690756797802,0.0,0.0,0.0,1.0
1754723750954510938,0,1754723750954297780,map,MoraiInfo,-14.403321647491456,0.3713333767089839,0.0014389690756797802,0.0,0.0,0.0,1.0
1754723750956016225,0,1754723750955780267,map,MoraiInfo,-14.424930953826905,0.37152220422363236,0.0014049795269966137,0.0,0.0,0.0,1.0
1754723751008408149,0,1754723751008190870,map,MoraiInfo,-14.442752742614747,0.371683375183105,0.0013811413943767559,0.0,0.0,0.0,1.0
1754723751011198027,0,1754723751010993480,map,MoraiInfo,-14.442752742614747,0.371683375183105,0.0013811413943767559,0.0,0.0,0.0,1.0
1754723751031663394,0,1754723751031453132,map,MoraiInfo,-14.461942577209474,0.37187029534912064,0.0013566140830516826,0.0,0.0,0.0,1.0
1754723751060504664,0,1754723751060278892,map,MoraiInfo,-14.478347205963136,0.37202336007690384,0.001310267746448518,0.0,0.0,0.0,1.0
1754723751072188313,0,1754723751071979284,map,MoraiInfo,-14.478347205963136,0.37202336007690384,0.001310267746448518,0.0,0.0,0.0,1.0
1754723751108415584,0,1754723751108211994,map,MoraiInfo,-14.499683284606935,0.37219359094238236,0.000719570815563203,0.0,0.0,0.0,1.0
1754723751126693632,0,1754723751126310586,map,MoraiInfo,-14.527136707153321,0.3724615734252925,0.00035792149603366963,0.0,0.0,0.0,1.0
1754723751128286782,0,1754723751127928256,map,MoraiInfo,-14.527136707153321,0.3724615734252925,0.00035792149603366963,0.0,0.0,0.0,1.0
1754723751159596699,0,1754723751159333467,map,MoraiInfo,-14.553257846679688,0.3727376621398921,0.00014905191957950703,0.0,0.0,0.0,1.0
1754723751192036380,0,1754723751191793680,map,MoraiInfo,-14.586981677856446,0.3731634777221675,-3.1876564025867804e-06,0.0,0.0,0.0,1.0
1754723751218378788,0,1754723751218109607,map,MoraiInfo,-14.586981677856446,0.3731634777221675,-3.1876564025867804e-06,0.0,0.0,0.0,1.0
1754723751226733371,0,1754723751226532459,map,MoraiInfo,-14.625049018707276,0.37362553292846634,-9.917907416820415e-05,0.0,0.0,0.0,1.0
1754723751271157525,0,1754723751270781993,map,MoraiInfo,-14.667757892456056,0.37412954980468704,-0.0001516553759574879,0.0,0.0,0.0,1.0
1754723751285133499,0,1754723751284888744,map,MoraiInfo,-14.667757892456056,0.37412954980468704,-0.0001516553759574879,0.0,0.0,0.0,1.0
1754723751290796317,0,1754723751290600538,map,MoraiInfo,-14.712298297729493,0.3746383350524898,-0.00016767971217632183,0.0,0.0,0.0,1.0
1754723751344571940,0,1754723751344310283,map,MoraiInfo,-14.760051154937745,0.3751757305297847,-0.00015792131423950084,0.0,0.0,0.0,1.0
1754723751353895604,0,1754723751353692531,map,MoraiInfo,-14.760051154937745,0.3751757305297847,-0.00015792131423950084,0.0,0.0,0.0,1.0
1754723751378814388,0,1754723751378535270,map,MoraiInfo,-14.823516273345948,0.37588288003539994,-0.00011578083038329967,0.0,0.0,0.0,1.0
1754723751393876530,0,1754723751393480539,map,MoraiInfo,-14.867436790313722,0.3763659160766597,-8.063457906246074e-05,0.0,0.0,0.0,1.0
1754723751425954720,0,1754723751425724506,map,MoraiInfo,-14.867436790313722,0.3763659160766597,-8.063457906246074e-05,0.0,0.0,0.0,1.0
1754723751441995982,0,1754723751441721200,map,MoraiInfo,-14.923272037353517,0.3769734066162105,0.00024052828550338856,0.0,0.0,0.0,1.0
1754723751462062324,0,1754723751461820602,map,MoraiInfo,-14.980483436431886,0.37757660562133744,0.0006756123900413524,0.0,0.0,0.0,1.0
1754723751465289151,0,1754723751465104818,map,MoraiInfo,-14.980483436431886,0.37757660562133744,0.0006756123900413524,0.0,0.0,0.0,1.0
1754723751497400229,0,1754723751496916770,map,MoraiInfo,-15.030234479751588,0.37810064965820267,0.0009712942689657222,0.0,0.0,0.0,1.0
1754723751547092187,0,1754723751546878576,map,MoraiInfo,-15.079695129241944,0.3786204021606441,0.0011839133501052868,0.0,0.0,0.0,1.0
1754723751549492364,0,1754723751549277782,map,MoraiInfo,-15.079695129241944,0.3786204021606441,0.0011839133501052868,0.0,0.0,0.0,1.0
1754723751579682091,0,1754723751579457759,map,MoraiInfo,-15.129304075088502,0.3791411083374019,0.0013361100852489483,0.0,0.0,0.0,1.0
1754723751591662692,0,1754723751591460943,map,MoraiInfo,-15.177192592468263,0.37964131051635697,0.0014411558210849773,0.0,0.0,0.0,1.0
1754723751613817376,0,1754723751613567590,map,MoraiInfo,-15.177192592468263,0.37964131051635697,0.0014411558210849773,0.0,0.0,0.0,1.0
1754723751634396748,0,1754723751634079694,map,MoraiInfo,-15.222442769851686,0.38011433297729447,0.001245538964867593,0.0,0.0,0.0,1.0
1754723751682963820,0,1754723751682698488,map,MoraiInfo,-15.272517585601808,0.38064314538574173,0.0008176837861537944,0.0,0.0,0.0,1.0
1754723751691491091,0,1754723751691187143,map,MoraiInfo,-15.272517585601808,0.38064314538574173,0.0008176837861537944,0.0,0.0,0.0,1.0
1754723751715187724,0,1754723751714981317,map,MoraiInfo,-15.330916070785523,0.38125492745971634,0.0005506363511085521,0.0,0.0,0.0,1.0
1754723751724521023,0,1754723751724259853,map,MoraiInfo,-15.378076934661866,0.38174463922119095,0.0004268058389425289,0.0,0.0,0.0,1.0
1754723751744469977,0,1754723751744262695,map,MoraiInfo,-15.378076934661866,0.38174463922119095,0.0004268058389425289,0.0,0.0,0.0,1.0
1754723751763719613,0,1754723751763201713,map,MoraiInfo,-15.4356903074646,0.38233639413452103,0.0003157847374677669,0.0,0.0,0.0,1.0
1754723751813417595,0,1754723751813196182,map,MoraiInfo,-15.496809625473023,0.3829562824401851,0.00024117834866047017,0.0,0.0,0.0,1.0
1754723751822582396,0,1754723751822355985,map,MoraiInfo,-15.496809625473023,0.3829562824401851,0.00024117834866047017,0.0,0.0,0.0,1.0
1754723751847230981,0,1754723751846996307,map,MoraiInfo,-15.55859413131714,0.3835714023742671,0.0006013301014900219,0.0,0.0,0.0,1.0
1754723751868997301,0,1754723751868686914,map,MoraiInfo,-15.62255086883545,0.384193198028564,0.0009256948530673992,0.0,0.0,0.0,1.0
1754723751888900640,0,1754723751888659000,map,MoraiInfo,-15.62255086883545,0.384193198028564,0.0009256948530673992,0.0,0.0,0.0,1.0
1754723751894317223,0,1754723751894061326,map,MoraiInfo,-15.680472516860963,0.38475062066650345,0.0011516709625720989,0.0,0.0,0.0,1.0
1754723751926241712,0,1754723751925970315,map,MoraiInfo,-15.730897331085206,0.3852322261962886,0.0013071161508560192,0.0,0.0,0.0,1.0
1754723751962409109,0,1754723751962172269,map,MoraiInfo,-15.730897331085206,0.3852322261962886,0.0013071161508560192,0.0,0.0,0.0,1.0
1754723751966563412,0,1754723751966354608,map,MoraiInfo,-15.782977485504151,0.38572813684081986,0.0014191579818725597,0.0,0.0,0.0,1.0
1754723751991502367,0,1754723751991293907,map,MoraiInfo,-15.8344837664032,0.38621641809081986,0.0014978323876857769,0.0,0.0,0.0,1.0
1754723751994986109,0,1754723751994772911,map,MoraiInfo,-15.8344837664032,0.38621641809081986,0.0014978323876857769,0.0,0.0,0.0,1.0
1754723752029586758,0,1754723752028986930,map,MoraiInfo,-15.887547397460938,0.38671709710693314,0.0015576083958148967,0.0,0.0,0.0,1.0
1754723752085545223,0,1754723752085299491,map,MoraiInfo,-15.93277921661377,0.38714386636352494,0.0015957143902778637,0.0,0.0,0.0,1.0
1754723752089041517,0,1754723752088809490,map,MoraiInfo,-15.93277921661377,0.38714386636352494,0.0015957143902778637,0.0,0.0,0.0,1.0
1754723752094244553,0,1754723752094037771,map,MoraiInfo,-15.978505039062501,0.38757349664306595,0.001624540686607362,0.0,0.0,0.0,1.0
1754723752127960512,0,1754723752127781867,map,MoraiInfo,-16.02255382522583,0.38798643762206986,0.0016449813544750225,0.0,0.0,0.0,1.0
1754723752151709755,0,1754723752151493787,map,MoraiInfo,-16.02255382522583,0.38798643762206986,0.0016449813544750225,0.0,0.0,0.0,1.0
1754723752162686178,0,1754723752162488460,map,MoraiInfo,-16.06494965538025,0.38838268930053665,0.0016596664488315593,0.0,0.0,0.0,1.0
1754723752192826821,0,1754723752192609071,map,MoraiInfo,-16.106145047988893,0.3887670200500484,0.001669333577156068,0.0,0.0,0.0,1.0
1754723752222276997,0,1754723752222055196,map,MoraiInfo,-16.106145047988893,0.3887670200500484,0.001669333577156068,0.0,0.0,0.0,1.0
1754723752229749958,0,1754723752229550838,map,MoraiInfo,-16.143439197387696,0.38911368066406204,0.001672760844230653,0.0,0.0,0.0,1.0
1754723752262777515,0,1754723752262574434,map,MoraiInfo,-16.180259609069825,0.3894550960693355,0.0016707417368888866,0.0,0.0,0.0,1.0
1754723752287351598,0,1754723752287148237,map,MoraiInfo,-16.180259609069825,0.3894550960693355,0.0016707417368888866,0.0,0.0,0.0,1.0
1754723752295682685,0,1754723752295461177,map,MoraiInfo,-16.21642532333374,0.3897788684997554,0.001734183430671693,0.0,0.0,0.0,1.0
1754723752326419576,0,1754723752326184511,map,MoraiInfo,-16.24659576400757,0.3911945980224605,0.0017701138556003582,0.0,0.0,0.0,1.0
1754723752362584118,0,1754723752362342357,map,MoraiInfo,-16.24659576400757,0.3911945980224605,0.0017701138556003582,0.0,0.0,0.0,1.0
1754723752387998107,0,1754723752387803792,map,MoraiInfo,-16.275968932952882,0.3934242885742183,0.0017613668739795696,0.0,0.0,0.0,1.0
1754723752393968196,0,1754723752393775701,map,MoraiInfo,-16.311015271987916,0.39700295144653275,0.0015057747066020977,0.0,0.0,0.0,1.0
1754723752396485118,0,1754723752396258354,map,MoraiInfo,-16.311015271987916,0.39700295144653275,0.0015057747066020977,0.0,0.0,0.0,1.0
1754723752428436921,0,1754723752428051471,map,MoraiInfo,-16.33623280509949,0.39951826745605423,0.001011536717414857,0.0,0.0,0.0,1.0
1754723752490393498,0,1754723752490192413,map,MoraiInfo,-16.3708390234375,0.40292574578857376,0.0006212976574897777,0.0,0.0,0.0,1.0
1754723752503546003,0,1754723752503246068,map,MoraiInfo,-16.3708390234375,0.40292574578857376,0.0006212976574897777,0.0,0.0,0.0,1.0
1754723752506783650,0,1754723752506587982,map,MoraiInfo,-16.41203298553467,0.40722777062988236,0.0003406808525323879,0.0,0.0,0.0,1.0
1754723752529994086,0,1754723752529458999,map,MoraiInfo,-16.453703307952882,0.4117930095825191,0.00018155507743358723,0.0,0.0,0.0,1.0
1754723752554425332,0,1754723752554159879,map,MoraiInfo,-16.453703307952882,0.4117930095825191,0.00018155507743358723,0.0,0.0,0.0,1.0
1754723752566423068,0,1754723752566196918,map,MoraiInfo,-16.497182750549317,0.4165990513000484,0.0002306637167930614,0.0,0.0,0.0,1.0
1754723752594556738,0,1754723752594342470,map,MoraiInfo,-16.54333295806885,0.4216878574523921,0.0007237468659877788,0.0,0.0,0.0,1.0
1754723752619112452,0,1754723752618872642,map,MoraiInfo,-16.54333295806885,0.4216878574523921,0.0007237468659877788,0.0,0.0,0.0,1.0
1754723752647634668,0,1754723752647399663,map,MoraiInfo,-16.587247752990724,0.42657639199829056,0.0009820305556058895,0.0,0.0,0.0,1.0
1754723752671589901,0,1754723752671223640,map,MoraiInfo,-16.62986698135376,0.431340472045898,0.001188858672976495,0.0,0.0,0.0,1.0
1754723752677935672,0,1754723752677590608,map,MoraiInfo,-16.62986698135376,0.431340472045898,0.001188858672976495,0.0,0.0,0.0,1.0
1754723752702786617,0,1754723752702521324,map,MoraiInfo,-16.665951633300782,0.43538214379882767,0.001323373317718507,0.0,0.0,0.0,1.0
1754723752748725614,0,1754723752748483419,map,MoraiInfo,-16.705483817901612,0.4398081463012691,0.0014322859048843395,0.0,0.0,0.0,1.0
1754723752772349773,0,1754723752772117853,map,MoraiInfo,-16.705483817901612,0.4398081463012691,0.0014322859048843395,0.0,0.0,0.0,1.0
1754723752774148501,0,1754723752773917675,map,MoraiInfo,-16.737646007385255,0.44340826684570267,0.001493172049522401,0.0,0.0,0.0,1.0
1754723752796718398,0,1754723752796111822,map,MoraiInfo,-16.77089061721802,0.4471075695190425,0.001607467681169511,0.0,0.0,0.0,1.0
1754723752834726032,0,1754723752834474802,map,MoraiInfo,-16.77089061721802,0.4471075695190425,0.001607467681169511,0.0,0.0,0.0,1.0
1754723752848941515,0,1754723752848699569,map,MoraiInfo,-16.801284217681886,0.4517128627929683,0.001668744981288911,0.0,0.0,0.0,1.0
1754723752881031006,0,1754723752880780458,map,MoraiInfo,-16.832018756713868,0.45733906442260697,0.0016790901124477398,0.0,0.0,0.0,1.0
1754723752884477137,0,1754723752884257316,map,MoraiInfo,-16.832018756713868,0.45733906442260697,0.0016790901124477398,0.0,0.0,0.0,1.0
1754723752896900880,0,1754723752896655082,map,MoraiInfo,-16.86069383605957,0.46346880609130814,0.001661849468946458,0.0,0.0,0.0,1.0
1754723752928529502,0,1754723752928239822,map,MoraiInfo,-16.881914043273927,0.4686033886108394,0.0016377691924572002,0.0,0.0,0.0,1.0
1754723752967434397,0,1754723752967194080,map,MoraiInfo,-16.881914043273927,0.4686033886108394,0.0016377691924572002,0.0,0.0,0.0,1.0
1754723752971565776,0,1754723752971367120,map,MoraiInfo,-16.906153583374024,0.47510983163452103,0.0016045582294464122,0.0,0.0,0.0,1.0
1754723752993552125,0,1754723752993311166,map,MoraiInfo,-16.928112053718568,0.48159720117187454,0.001570941209793092,0.0,0.0,0.0,1.0
1754723752996475556,0,1754723752996276378,map,MoraiInfo,-16.928112053718568,0.48159720117187454,0.001570941209793092,0.0,0.0,0.0,1.0
1754723753032151495,0,1754723753031671524,map,MoraiInfo,-16.94936456665039,0.4884846370849605,0.0015401852130889904,0.0,0.0,0.0,1.0
1754723753091376643,0,1754723753091109514,map,MoraiInfo,-16.969979667510987,0.49571253472900345,0.0015085574984550487,0.0,0.0,0.0,1.0
1754723753096868794,0,1754723753096673965,map,MoraiInfo,-16.969979667510987,0.49571253472900345,0.0015085574984550487,0.0,0.0,0.0,1.0
1754723753118130847,0,1754723753117923259,map,MoraiInfo,-16.98855259403229,0.50269533807373,0.0014795896410942089,0.0,0.0,0.0,1.0
1754723753133580142,0,1754723753133018970,map,MoraiInfo,-17.005892658081056,0.5096733730468745,0.0014494296908378612,0.0,0.0,0.0,1.0
1754723753162271439,0,1754723753162022590,map,MoraiInfo,-17.005892658081056,0.5096733730468745,0.0014494296908378612,0.0,0.0,0.0,1.0
1754723753183280979,0,1754723753183059453,map,MoraiInfo,-17.023712777938844,0.517280356231689,0.0014184464514255535,0.0,0.0,0.0,1.0
1754723753202808250,0,1754723753202230691,map,MoraiInfo,-17.038615488853456,0.5239827793273921,0.0013919186592102062,0.0,0.0,0.0,1.0
1754723753235184061,0,1754723753234933614,map,MoraiInfo,-17.038615488853456,0.5239827793273921,0.0013919186592102062,0.0,0.0,0.0,1.0
1754723753246004474,0,1754723753245779275,map,MoraiInfo,-17.053938174095155,0.5312287967834468,0.0013674584031105053,0.0,0.0,0.0,1.0
1754723753267101046,0,1754723753266857385,map,MoraiInfo,-17.068459534492494,0.538421885314941,0.0013452444970607769,0.0,0.0,0.0,1.0
1754723753289100467,0,1754723753288861036,map,MoraiInfo,-17.068459534492494,0.538421885314941,0.0013452444970607769,0.0,0.0,0.0,1.0
1754723753314208446,0,1754723753313962459,map,MoraiInfo,-17.082034849967958,0.5454352062377925,0.0013249193131923687,0.0,0.0,0.0,1.0
1754723753365595757,0,1754723753365000724,map,MoraiInfo,-17.094775342788697,0.5522949855957027,0.0013052535057067882,0.0,0.0,0.0,1.0
1754723753397150508,0,1754723753396845579,map,MoraiInfo,-17.094775342788697,0.5522949855957027,0.0013052535057067882,0.0,0.0,0.0,1.0
1754723753405499408,0,1754723753405201673,map,MoraiInfo,-17.11133327468872,0.5612747829589839,0.0007344365864992153,0.0,0.0,0.0,1.0
1754723753423335141,0,1754723753423042058,map,MoraiInfo,-17.132352495040895,0.5731542270812984,0.00039638325572013966,0.0,0.0,0.0,1.0
1754723753440778374,0,1754723753440522909,map,MoraiInfo,-17.132352495040895,0.5731542270812984,0.00039638325572013966,0.0,0.0,0.0,1.0
1754723753443849822,0,1754723753443643808,map,MoraiInfo,-17.151437187042237,0.5846707981262202,0.0002004404366016399,0.0,0.0,0.0,1.0
1754723753481492203,0,1754723753481244325,map,MoraiInfo,-17.176623248901368,0.6014683406982417,0.00014546260237693898,0.0,0.0,0.0,1.0
1754723753500985567,0,1754723753500701189,map,MoraiInfo,-17.176623248901368,0.6014683406982417,0.00014546260237693898,0.0,0.0,0.0,1.0
1754723753502437470,0,1754723753502226829,map,MoraiInfo,-17.200842523422242,0.6201727550659175,0.0005190254002809536,0.0,0.0,0.0,1.0
1754723753533306431,0,1754723753532829761,map,MoraiInfo,-17.222982430305482,0.638585345092773,0.0008293346315622341,0.0,0.0,0.0,1.0
1754723753552171338,0,1754723753551797389,map,MoraiInfo,-17.222982430305482,0.638585345092773,0.0008293346315622341,0.0,0.0,0.0,1.0
1754723753591108697,0,1754723753590863704,map,MoraiInfo,-17.243972682800294,0.6573031109008785,0.0010528390109539043,0.0,0.0,0.0,1.0
1754723753612677079,0,1754723753612432956,map,MoraiInfo,-17.26297917350769,0.6753413837585445,0.0012028769403696071,0.0,0.0,0.0,1.0
1754723753614147859,0,1754723753613954544,map,MoraiInfo,-17.26297917350769,0.6753413837585445,0.0012028769403696071,0.0,0.0,0.0,1.0
1754723753661463358,0,1754723753661061286,map,MoraiInfo,-17.2825160263443,0.6950948398742671,0.0013092395663261425,0.0,0.0,0.0,1.0
1754723753675682579,0,1754723753675467729,map,MoraiInfo,-17.29749121650696,0.7111766498718257,0.0013614606857299816,0.0,0.0,0.0,1.0
1754723753694222131,0,1754723753694002389,map,MoraiInfo,-17.29749121650696,0.7111766498718257,0.0013614606857299816,0.0,0.0,0.0,1.0
1754723753710632605,0,1754723753710381269,map,MoraiInfo,-17.31211533531189,0.727640406433105,0.0013929505646228801,0.0,0.0,0.0,1.0
1754723753732791584,0,1754723753732545375,map,MoraiInfo,-17.326128268089295,0.7442248027954097,0.0014066819846630108,0.0,0.0,0.0,1.0
1754723753752039724,0,1754723753751784086,map,MoraiInfo,-17.326128268089295,0.7442248027954097,0.0014066819846630108,0.0,0.0,0.0,1.0
1754723753796563619,0,1754723753796198844,map,MoraiInfo,-17.338734054412843,0.7599117916259761,0.0014069315791130077,0.0,0.0,0.0,1.0
1754723753824302492,0,1754723753824024677,map,MoraiInfo,-17.35083045944214,0.7756455104980464,0.001399473547935487,0.0,0.0,0.0,1.0
1754723753839562437,0,1754723753839333534,map,MoraiInfo,-17.35083045944214,0.7756455104980464,0.001399473547935487,0.0,0.0,0.0,1.0
1754723753842335716,0,1754723753842121124,map,MoraiInfo,-17.36156454071045,0.7902281444702144,0.0013873700797557842,0.0,0.0,0.0,1.0
1754723753911282616,0,1754723753910891771,map,MoraiInfo,-17.371676111068727,0.804584519210815,0.0013723310828208934,0.0,0.0,0.0,1.0
1754723753926137901,0,1754723753925741910,map,MoraiInfo,-17.371676111068727,0.804584519210815,0.0013723310828208934,0.0,0.0,0.0,1.0
1754723753948661132,0,1754723753948380947,map,MoraiInfo,-17.38346042617798,0.8220799129638667,0.0013508808612823497,0.0,0.0,0.0,1.0
1754723753953180838,0,1754723753952988147,map,MoraiInfo,-17.390270733680726,0.8325908344421382,0.0013375294208526622,0.0,0.0,0.0,1.0
1754723753953807323,0,1754723753953587770,map,MoraiInfo,-17.390270733680726,0.8325908344421382,0.0013375294208526622,0.0,0.0,0.0,1.0
1754723754005074785,0,1754723754004875421,map,MoraiInfo,-17.398366951789857,0.8455670040283199,0.001319897621870042,0.0,0.0,0.0,1.0
1754723754012180903,0,1754723754011985301,map,MoraiInfo,-17.40626134857178,0.8586895626220699,0.001302049756050111,0.0,0.0,0.0,1.0
1754723754014755041,0,1754723754014557600,map,MoraiInfo,-17.40626134857178,0.8586895626220699,0.001302049756050111,0.0,0.0,0.0,1.0
1754723754037001972,0,1754723754036530017,map,MoraiInfo,-17.413188361968995,0.8706181209716792,0.0012859565019607555,0.0,0.0,0.0,1.0
1754723754084956436,0,1754723754084747791,map,MoraiInfo,-17.41982438549042,0.8824885051879878,0.0012705785036087047,0.0,0.0,0.0,1.0
1754723754087234942,0,1754723754087000131,map,MoraiInfo,-17.41982438549042,0.8824885051879878,0.0012705785036087047,0.0,0.0,0.0,1.0
1754723754116217771,0,1754723754115977287,map,MoraiInfo,-17.426380777206422,0.8946273487243648,0.0012552787363529216,0.0,0.0,0.0,1.0
1754723754136287080,0,1754723754135727167,map,MoraiInfo,-17.43201484664917,0.9054091137084956,0.0012421731650829326,0.0,0.0,0.0,1.0
1754723754160357786,0,1754723754160149097,map,MoraiInfo,-17.43201484664917,0.9054091137084956,0.0012421731650829326,0.0,0.0,0.0,1.0
1754723754183425232,0,1754723754183229446,map,MoraiInfo,-17.437572622146607,0.9164374035034175,0.0012291532754898082,0.0,0.0,0.0,1.0
1754723754203226592,0,1754723754202924251,map,MoraiInfo,-17.44296696170807,0.9274995487365718,0.0012167108058929454,0.0,0.0,0.0,1.0
1754723754219591288,0,1754723754219358921,map,MoraiInfo,-17.44296696170807,0.9274995487365718,0.0012167108058929454,0.0,0.0,0.0,1.0
1754723754238467319,0,1754723754237950325,map,MoraiInfo,-17.447686576690675,0.9374890487823482,0.0012059391289949428,0.0,0.0,0.0,1.0
1754723754288326886,0,1754723754288086175,map,MoraiInfo,-17.452670597877503,0.9484117191467281,0.0011948563903570186,0.0,0.0,0.0,1.0
1754723754295686380,0,1754723754295484781,map,MoraiInfo,-17.452670597877503,0.9484117191467281,0.0011948563903570186,0.0,0.0,0.0,1.0
1754723754320388970,0,1754723754320152521,map,MoraiInfo,-17.456629896011354,0.9573733966979976,0.001186196953058244,0.0,0.0,0.0,1.0
1754723754355882823,0,1754723754355659961,map,MoraiInfo,-17.460702204551698,0.9668574493560786,0.0011774462461471569,0.0,0.0,0.0,1.0
1754723754364516942,0,1754723754364230632,map,MoraiInfo,-17.460702204551698,0.9668574493560786,0.0011774462461471569,0.0,0.0,0.0,1.0
1754723754366912121,0,1754723754366719484,map,MoraiInfo,-17.464760446395875,0.9766307037506099,0.0011688520014286052,0.0,0.0,0.0,1.0
1754723754406027061,0,1754723754405516862,map,MoraiInfo,-17.46892824157715,0.987014071289062,0.0011602428555488598,0.0,0.0,0.0,1.0
1754723754446316997,0,1754723754446020841,map,MoraiInfo,-17.46892824157715,0.987014071289062,0.0011602428555488598,0.0,0.0,0.0,1.0
1754723754449737947,0,1754723754449540376,map,MoraiInfo,-17.471691989746095,0.9941039245758052,0.0011545617878437053,0.0,0.0,0.0,1.0
1754723754485285246,0,1754723754485022068,map,MoraiInfo,-17.47482993587494,1.002383009735107,0.0011483982950449,0.0,0.0,0.0,1.0
1754723754488951592,0,1754723754488758802,map,MoraiInfo,-17.47482993587494,1.002383009735107,0.0011483982950449,0.0,0.0,0.0,1.0
1754723754517596837,0,1754723754517344474,map,MoraiInfo,-17.477869415130616,1.0106363456878658,0.0011425197869539272,0.0,0.0,0.0,1.0
1754723754541314349,0,1754723754540803432,map,MoraiInfo,-17.480995082702638,1.0193400543365474,0.0010792103409767162,0.0,0.0,0.0,1.0
1754723754543938159,0,1754723754543411731,map,MoraiInfo,-17.480995082702638,1.0193400543365474,0.0010792103409767162,0.0,0.0,0.0,1.0
1754723754584597572,0,1754723754584312677,map,MoraiInfo,-17.485574149932862,1.031966225448608,0.0005721908807754528,0.0,0.0,0.0,1.0
1754723754624490047,0,1754723754624290466,map,MoraiInfo,-17.491114997711183,1.0478832882080074,0.00026996925473213307,0.0,0.0,0.0,1.0
1754723754624619741,0,1754723754624449014,map,MoraiInfo,-17.491114997711183,1.0478832882080074,0.00026996925473213307,0.0,0.0,0.0,1.0
1754723754660025445,0,1754723754659687995,map,MoraiInfo,-17.49784317001343,1.068977371994018,5.691617727279774e-05,0.0,0.0,0.0,1.0
1754723754670139681,0,1754723754669812917,map,MoraiInfo,-17.50503125175476,1.0948760669860835,-7.852233946323284e-05,0.0,0.0,0.0,1.0
1754723754705483635,0,1754723754705196380,map,MoraiInfo,-17.50503125175476,1.0948760669860835,-7.852233946323284e-05,0.0,0.0,0.0,1.0
1754723754727698401,0,1754723754727490186,map,MoraiInfo,-17.51118817314148,1.1228344600830074,-4.36703860759724e-05,0.0,0.0,0.0,1.0
1754723754757489523,0,1754723754757215023,map,MoraiInfo,-17.515878105010987,1.1534671943817134,0.0003621813654899608,0.0,0.0,0.0,1.0
1754723754758265238,0,1754723754757986783,map,MoraiInfo,-17.515878105010987,1.1534671943817134,0.0003621813654899608,0.0,0.0,0.0,1.0
1754723754769375631,0,1754723754769144535,map,MoraiInfo,-17.520462179031373,1.1833069484863277,0.0007154692709445964,0.0,0.0,0.0,1.0
1754723754847337698,0,1754723754847018241,map,MoraiInfo,-17.52440907939911,1.2102463405761714,0.0009506915509700786,0.0,0.0,0.0,1.0
1754723754869667436,0,1754723754869427442,map,MoraiInfo,-17.52440907939911,1.2102463405761714,0.0009506915509700786,0.0,0.0,0.0,1.0
1754723754889575937,0,1754723754889298677,map,MoraiInfo,-17.528070473518373,1.2365129154357906,0.0011091095209121715,0.0,0.0,0.0,1.0
1754723754897722390,0,1754723754897496461,map,MoraiInfo,-17.531594180908204,1.2627182167205806,0.001216222792863847,0.0,0.0,0.0,1.0
1754723754898697246,0,1754723754897703170,map,MoraiInfo,-17.531594180908204,1.2627182167205806,0.001216222792863847,0.0,0.0,0.0,1.0
1754723754907298889,0,1754723754907011270,map,MoraiInfo,-17.534939908828736,1.2881250541839595,0.001282339245080949,0.0,0.0,0.0,1.0
1754723754957989887,0,1754723754957695960,map,MoraiInfo,-17.53772821411133,1.3094973724517818,0.0013173718750476848,0.0,0.0,0.0,1.0
1754723754964846207,0,1754723754964611768,map,MoraiInfo,-17.53772821411133,1.3094973724517818,0.0013173718750476848,0.0,0.0,0.0,1.0
1754723754985582202,0,1754723754985367059,map,MoraiInfo,-17.540503048744203,1.3308897178802486,0.0013374921679496776,0.0,0.0,0.0,1.0
1754723755004225754,0,1754723755004002809,map,MoraiInfo,-17.543066644515992,1.3507538002166743,0.001343705952167512,0.0,0.0,0.0,1.0
1754723755006763798,0,1754723755006529569,map,MoraiInfo,-17.543066644515992,1.3507538002166743,0.001343705952167512,0.0,0.0,0.0,1.0
1754723755088942199,0,1754723755088656902,map,MoraiInfo,-17.545698189582826,1.371277109924316,0.0011531983315944683,0.0,0.0,0.0,1.0
1754723755096320478,0,1754723755096067667,map,MoraiInfo,-17.549150729026795,1.398163096252441,0.0006482054293155681,0.0,0.0,0.0,1.0
1754723755097759055,0,1754723755097533941,map,MoraiInfo,-17.549150729026795,1.398163096252441,0.0006482054293155681,0.0,0.0,0.0,1.0
1754723755107238312,0,1754723755107049465,map,MoraiInfo,-17.552612089958192,1.4251303833160396,0.00033200837671756855,0.0,0.0,0.0,1.0
1754723755159434610,0,1754723755159146785,map,MoraiInfo,-17.556549692001344,1.4557647865447993,0.00013628348708152882,0.0,0.0,0.0,1.0
1754723755163126935,0,1754723755162935256,map,MoraiInfo,-17.556549692001344,1.4557647865447993,0.00013628348708152882,0.0,0.0,0.0,1.0
1754723755172400389,0,1754723755172210216,map,MoraiInfo,-17.561272168006898,1.4923768203887935,-5.726441740988575e-06,0.0,0.0,0.0,1.0
1754723755207595517,0,1754723755207304000,map,MoraiInfo,-17.56680991634369,1.5351786773834224,-8.852474391460308e-05,0.0,0.0,0.0,1.0
1754723755233639490,0,1754723755233198642,map,MoraiInfo,-17.56680991634369,1.5351786773834224,-8.852474391460308e-05,0.0,0.0,0.0,1.0
1754723755260618033,0,1754723755260339260,map,MoraiInfo,-17.57226886734009,1.5772855442199702,-9.448334574699291e-05,0.0,0.0,0.0,1.0
1754723755297381900,0,1754723755297049045,map,MoraiInfo,-17.578140282478333,1.6224620502624507,0.00022525273263454548,0.0,0.0,0.0,1.0
1754723755311015800,0,1754723755310776948,map,MoraiInfo,-17.578140282478333,1.6224620502624507,0.00022525273263454548,0.0,0.0,0.0,1.0
1754723755314928700,0,1754723755314725399,map,MoraiInfo,-17.583819174613954,1.6661198299560542,0.0006756719946861278,0.0,0.0,0.0,1.0
1754723755356829890,0,1754723755356565952,map,MoraiInfo,-17.589146756973268,1.707057253662109,0.0009839509427547466,0.0,0.0,0.0,1.0
1754723755362952781,0,1754723755362724065,map,MoraiInfo,-17.589146756973268,1.707057253662109,0.0009839509427547466,0.0,0.0,0.0,1.0
1754723755386224138,0,1754723755385990381,map,MoraiInfo,-17.594773316230775,1.751383082214355,0.00131481632590294,0.0,0.0,0.0,1.0
1754723755426090562,0,1754723755425883054,map,MoraiInfo,-17.597639703598023,1.782717720809936,0.0014832217991352092,0.0,0.0,0.0,1.0
1754723755446288564,0,1754723755446025133,map,MoraiInfo,-17.597639703598023,1.782717720809936,0.0014832217991352092,0.0,0.0,0.0,1.0
1754723755469226614,0,1754723755468938350,map,MoraiInfo,-17.5997790335083,1.8210601967010493,0.0015892957150936138,0.0,0.0,0.0,1.0
1754723755471795800,0,1754723755471559286,map,MoraiInfo,-17.600489878501893,1.8511040371093745,0.0016341109573841106,0.0,0.0,0.0,1.0
1754723755475277387,0,1754723755475077152,map,MoraiInfo,-17.600489878501893,1.8511040371093745,0.0016341109573841106,0.0,0.0,0.0,1.0
1754723755507124105,0,1754723755506900787,map,MoraiInfo,-17.600245141830445,1.8806607883605952,0.0016019803285598766,0.0,0.0,0.0,1.0
1754723755542535648,0,1754723755542300939,map,MoraiInfo,-17.600160145606996,1.9097192447814937,0.0015946377813816082,0.0,0.0,0.0,1.0
1754723755562031608,0,1754723755561756610,map,MoraiInfo,-17.600160145606996,1.9097192447814937,0.0015946377813816082,0.0,0.0,0.0,1.0
1754723755590203444,0,1754723755589917659,map,MoraiInfo,-17.600040101852418,1.9383773964080806,0.0015719731152057659,0.0,0.0,0.0,1.0
1754723755609633820,0,1754723755609157323,map,MoraiInfo,-17.59982433303833,1.9660761516723628,0.001547762453556062,0.0,0.0,0.0,1.0
1754723755642598531,0,1754723755642364978,map,MoraiInfo,-17.59982433303833,1.9660761516723628,0.001547762453556062,0.0,0.0,0.0,1.0
1754723755663126824,0,1754723755662863969,map,MoraiInfo,-17.599578523483277,1.9900629680786128,0.001527463346719743,0.0,0.0,0.0,1.0
1754723755696949388,0,1754723755696723937,map,MoraiInfo,-17.599276089515687,2.0145116012725826,0.0015039567649364483,0.0,0.0,0.0,1.0
1754723755697076639,0,1754723755696903467,map,MoraiInfo,-17.599276089515687,2.0145116012725826,0.0015039567649364483,0.0,0.0,0.0,1.0
1754723755710409182,0,1754723755710182905,map,MoraiInfo,-17.598942661132813,2.0384867351684566,0.001477235257625581,0.0,0.0,0.0,1.0
1754723755754391093,0,1754723755754161834,map,MoraiInfo,-17.59863069042206,2.059558646026611,0.0014511321485042583,0.0,0.0,0.0,1.0
1754723755764937310,0,1754723755764706134,map,MoraiInfo,-17.59863069042206,2.059558646026611,0.0014511321485042583,0.0,0.0,0.0,1.0
1754723755812591582,0,1754723755812148571,map,MoraiInfo,-17.598095559921266,2.0965240162048335,0.001407643109560014,0.0,0.0,0.0,1.0
1754723755834733342,0,1754723755834506034,map,MoraiInfo,-17.598095559921266,2.0965240162048335,0.001407643109560014,0.0,0.0,0.0,1.0
1754723755838157660,0,1754723755837892293,map,MoraiInfo,-17.59796180709839,2.1052797001037593,0.0013962027430534374,0.0,0.0,0.0,1.0
1754723755886935241,0,1754723755886733055,map,MoraiInfo,-17.59777095302582,2.1212856929931636,0.0011013534665107738,0.0,0.0,0.0,1.0
1754723755887077286,0,1754723755886905670,map,MoraiInfo,-17.59777095302582,2.1212856929931636,0.0011013534665107738,0.0,0.0,0.0,1.0
1754723755895021173,0,1754723755894783496,map,MoraiInfo,-17.59743907436371,2.143545643630981,0.0007058934122324001,0.0,0.0,0.0,1.0
1754723755920888618,0,1754723755920632123,map,MoraiInfo,-17.597015404548646,2.1725971859130855,0.0003449593484401714,0.0,0.0,0.0,1.0
1754723755923440877,0,1754723755923241138,map,MoraiInfo,-17.597015404548646,2.1725971859130855,0.0003449593484401714,0.0,0.0,0.0,1.0
1754723755990343229,0,1754723755990094184,map,MoraiInfo,-17.5964808700943,2.208134667221069,0.00011901862919330708,0.0,0.0,0.0,1.0
1754723756009281983,0,1754723756009066581,map,MoraiInfo,-17.59597697242737,2.241669432464599,-7.972791790961109e-06,0.0,0.0,0.0,1.0
1754723756009422242,0,1754723756009253978,map,MoraiInfo,-17.59597697242737,2.241669432464599,-7.972791790961109e-06,0.0,0.0,0.0,1.0
1754723756027723722,0,1754723756027515888,map,MoraiInfo,-17.595366263237,2.2817795437011714,-8.84781777858723e-05,0.0,0.0,0.0,1.0
1754723756055597207,0,1754723756055348157,map,MoraiInfo,-17.594705128517152,2.3258073490295406,-0.00012853622436523326,0.0,0.0,0.0,1.0
1754723756058010731,0,1754723756057788610,map,MoraiInfo,-17.594705128517152,2.3258073490295406,-0.00012853622436523326,0.0,0.0,0.0,1.0
1754723756118186328,0,1754723756117892503,map,MoraiInfo,-17.593951129760743,2.3769991558227535,-0.00013654373586177715,0.0,0.0,0.0,1.0
1754723756140322159,0,1754723756140084028,map,MoraiInfo,-17.59316387161255,2.4312503498229976,-0.00011448815464973339,0.0,0.0,0.0,1.0
1754723756160294668,0,1754723756160067319,map,MoraiInfo,-17.59316387161255,2.4312503498229976,-0.00011448815464973339,0.0,0.0,0.0,1.0
1754723756178627358,0,1754723756178377389,map,MoraiInfo,-17.59243645652771,2.4820523422393794,-7.681243121623882e-05,0.0,0.0,0.0,1.0
1754723756205932693,0,1754723756205681324,map,MoraiInfo,-17.59160306438446,2.540577189270019,-4.4299960136412464e-05,0.0,0.0,0.0,1.0
1754723756208712305,0,1754723756208503961,map,MoraiInfo,-17.59160306438446,2.540577189270019,-4.4299960136412464e-05,0.0,0.0,0.0,1.0
1754723756227157719,0,1754723756226661682,map,MoraiInfo,-17.590821885910035,2.5959463279876704,-1.905180513858684e-05,0.0,0.0,0.0,1.0
1754723756257834234,0,1754723756257561683,map,MoraiInfo,-17.589981460418702,2.656109587493896,3.21611762046925e-06,0.0,0.0,0.0,1.0
1754723756281339461,0,1754723756281092405,map,MoraiInfo,-17.589981460418702,2.656109587493896,3.21611762046925e-06,0.0,0.0,0.0,1.0
1754723756289868689,0,1754723756289336919,map,MoraiInfo,-17.589067721214295,2.7222404640350337,2.410009503364674e-05,0.0,0.0,0.0,1.0
1754723756353019654,0,1754723756352666854,map,MoraiInfo,-17.58815934642792,2.788735048118591,4.231862723827473e-05,0.0,0.0,0.0,1.0
1754723756374970529,0,1754723756374738693,map,MoraiInfo,-17.58815934642792,2.788735048118591,4.231862723827473e-05,0.0,0.0,0.0,1.0
1754723756380490513,0,1754723756380270242,map,MoraiInfo,-17.587169790115357,2.8620470922622676,6.014786660671345e-05,0.0,0.0,0.0,1.0
1754723756405877142,0,1754723756405592679,map,MoraiInfo,-17.586175584640504,2.936504618469238,7.670491933822743e-05,0.0,0.0,0.0,1.0
1754723756409750198,0,1754723756409520387,map,MoraiInfo,-17.586175584640504,2.936504618469238,7.670491933822743e-05,0.0,0.0,0.0,1.0
1754723756450197298,0,1754723756449963569,map,MoraiInfo,-17.585221791114808,3.0096752803955074,0.00026931732892990223,0.0,0.0,0.0,1.0
1754723756483322701,0,1754723756483080148,map,MoraiInfo,-17.58410634979248,3.0958939951095577,0.0007567156851291668,0.0,0.0,0.0,1.0
1754723756491936617,0,1754723756491692781,map,MoraiInfo,-17.58410634979248,3.0958939951095577,0.0007567156851291668,0.0,0.0,0.0,1.0
1754723756494086867,0,1754723756493847370,map,MoraiInfo,-17.58336129173279,3.1534226101074214,0.0010183539986610424,0.0,0.0,0.0,1.0
1754723756525792513,0,1754723756525354862,map,MoraiInfo,-17.58248772605896,3.220896260086059,0.0012062129378318798,0.0,0.0,0.0,1.0
1754723756558783563,0,1754723756558497428,map,MoraiInfo,-17.58248772605896,3.220896260086059,0.0012062129378318798,0.0,0.0,0.0,1.0
1754723756578040339,0,1754723756577786922,map,MoraiInfo,-17.581616067733766,3.2882661979827876,0.0013417501747608196,0.0,0.0,0.0,1.0
1754723756617660888,0,1754723756617412090,map,MoraiInfo,-17.580756091918946,3.354832903686523,0.0014450748264789592,0.0,0.0,0.0,1.0
1754723756617943410,0,1754723756617625236,map,MoraiInfo,-17.580756091918946,3.354832903686523,0.0014450748264789592,0.0,0.0,0.0,1.0
1754723756636241518,0,1754723756635935544,map,MoraiInfo,-17.579885983314515,3.4223090570602412,0.0015218716859817516,0.0,0.0,0.0,1.0
1754723756674334492,0,1754723756674052953,map,MoraiInfo,-17.57905640586853,3.486299411598205,0.0009782698750495922,0.0,0.0,0.0,1.0
1754723756692390815,0,1754723756692098379,map,MoraiInfo,-17.57905640586853,3.486299411598205,0.0009782698750495922,0.0,0.0,0.0,1.0
1754723756708249173,0,1754723756708004951,map,MoraiInfo,-17.578158879127503,3.555681244674682,0.000739741399884225,0.0,0.0,0.0,1.0
1754723756723562467,0,1754723756723090171,map,MoraiInfo,-17.57723059638977,3.627933160606384,0.0005552911013364803,0.0,0.0,0.0,1.0
1754723756729535446,0,1754723756728947401,map,MoraiInfo,-17.57723059638977,3.627933160606384,0.0005552911013364803,0.0,0.0,0.0,1.0
1754723756789398798,0,1754723756788992166,map,MoraiInfo,-17.57626225933075,3.7042999427947993,0.0008009311556816112,0.0,0.0,0.0,1.0
1754723756819904247,0,1754723756819625377,map,MoraiInfo,-17.575420403327943,3.7717228096160884,0.0009971142560243618,0.0,0.0,0.0,1.0
1754723756828059875,0,1754723756827820301,map,MoraiInfo,-17.575420403327943,3.7717228096160884,0.0009971142560243618,0.0,0.0,0.0,1.0
1754723756847505222,0,1754723756847239017,map,MoraiInfo,-17.574569845046998,3.840219275299072,0.0011977285891771328,0.0,0.0,0.0,1.0
1754723756862585239,0,1754723756862353324,map,MoraiInfo,-17.57374372467041,3.9070769708786006,0.001355246901512147,0.0,0.0,0.0,1.0
1754723756865957178,0,1754723756865770578,map,MoraiInfo,-17.57374372467041,3.9070769708786006,0.001355246901512147,0.0,0.0,0.0,1.0
1754723756924211130,0,1754723756923642635,map,MoraiInfo,-17.57294013484955,3.9723168771896358,0.0014569249749183666,0.0,0.0,0.0,1.0
1754723756956755704,0,1754723756956505775,map,MoraiInfo,-17.572137975540162,4.037647978607177,0.0015285623073577892,0.0,0.0,0.0,1.0
1754723756972670156,0,1754723756972432613,map,MoraiInfo,-17.572137975540162,4.037647978607177,0.0015285623073577892,0.0,0.0,0.0,1.0
1754723756991120059,0,1754723756990904808,map,MoraiInfo,-17.57123377307892,4.111431614700317,0.0015413326025009166,0.0,0.0,0.0,1.0
1754723757011666885,0,1754723757011465549,map,MoraiInfo,-17.570595645751954,4.16328956300354,0.0010338456183671962,0.0,0.0,0.0,1.0
1754723757017077737,0,1754723757016839981,map,MoraiInfo,-17.570595645751954,4.16328956300354,0.0010338456183671962,0.0,0.0,0.0,1.0
1754723757038006710,0,1754723757037765741,map,MoraiInfo,-17.56981947406769,4.226400331798553,0.000795259401202203,0.0,0.0,0.0,1.0
1754723757056738948,0,1754723757056514263,map,MoraiInfo,-17.568970823135377,4.295856015029907,0.0005933728814125072,0.0,0.0,0.0,1.0
1754723757060023823,0,1754723757059818506,map,MoraiInfo,-17.568970823135377,4.295856015029907,0.0005933728814125072,0.0,0.0,0.0,1.0
1754723757145982394,0,1754723757145674228,map,MoraiInfo,-17.568196201171876,4.360802130046844,0.0009226065874099743,0.0,0.0,0.0,1.0
1754723757156976111,0,1754723757156772851,map,MoraiInfo,-17.567330980148316,4.433628247323989,0.001161172315478326,0.0,0.0,0.0,1.0
1754723757168389647,0,1754723757168153285,map,MoraiInfo,-17.567330980148316,4.433628247323989,0.001161172315478326,0.0,0.0,0.0,1.0
1754723757187956502,0,1754723757187707424,map,MoraiInfo,-17.566581153717042,4.496984021011352,0.0013103273510932933,0.0,0.0,0.0,1.0
1754723757223312515,0,1754723757223017454,map,MoraiInfo,-17.565883183326722,4.555985884014129,0.0012108956277370464,0.0,0.0,0.0,1.0
1754723757226574781,0,1754723757226352930,map,MoraiInfo,-17.565883183326722,4.555985884014129,0.0012108956277370464,0.0,0.0,0.0,1.0
1754723757229897200,0,1754723757229689836,map,MoraiInfo,-17.565080904808045,4.6234944772157665,0.0008360606431961071,0.0,0.0,0.0,1.0
1754723757264524113,0,1754723757264005661,map,MoraiInfo,-17.56428375228882,4.6909095432791705,0.0006212417781353008,0.0,0.0,0.0,1.0
1754723757323278156,0,1754723757323065280,map,MoraiInfo,-17.56428375228882,4.6909095432791705,0.0006212417781353008,0.0,0.0,0.0,1.0
1754723757323456526,0,1754723757323253154,map,MoraiInfo,-17.563429975357057,4.764254355076313,0.0006749697774648677,0.0,0.0,0.0,1.0
1754723757339050229,0,1754723757338819742,map,MoraiInfo,-17.562658452835084,4.831676804665088,0.0009591069817543041,0.0,0.0,0.0,1.0
1754723757349017622,0,1754723757348756790,map,MoraiInfo,-17.562658452835084,4.831676804665088,0.0009591069817543041,0.0,0.0,0.0,1.0
1754723757361501953,0,1754723757361253976,map,MoraiInfo,-17.561877870407105,4.9000657808218,0.0011897601932287227,0.0,0.0,0.0,1.0
1754723757394530111,0,1754723757394253015,map,MoraiInfo,-17.561123990859986,4.966277138534545,0.0013430018723011028,0.0,0.0,0.0,1.0
1754723757414498011,0,1754723757414218902,map,MoraiInfo,-17.561123990859986,4.966277138534545,0.0013430018723011028,0.0,0.0,0.0,1.0
1754723757443546733,0,1754723757443336248,map,MoraiInfo,-17.560428285446168,5.0275151740942,0.0014440913498401653,0.0,0.0,0.0,1.0
1754723757474764689,0,1754723757474252700,map,MoraiInfo,-17.559585475769044,5.101868943515777,0.0014609743654727947,0.0,0.0,0.0,1.0
1754723757505238882,0,1754723757504887580,map,MoraiInfo,-17.559585475769044,5.101868943515777,0.0014609743654727947,0.0,0.0,0.0,1.0
1754723757513381605,0,1754723757513130903,map,MoraiInfo,-17.559008741226197,5.1524879496726985,0.0009895407408475887,0.0,0.0,0.0,1.0
1754723757556672093,0,1754723757556434392,map,MoraiInfo,-17.5582911013031,5.215508000198364,0.0007645369321107875,0.0,0.0,0.0,1.0
1754723757566707749,0,1754723757566492080,map,MoraiInfo,-17.5582911013031,5.215508000198364,0.0007645369321107875,0.0,0.0,0.0,1.0
1754723757567849869,0,1754723757567620038,map,MoraiInfo,-17.55748190864563,5.287095860782623,0.0005675324052572261,0.0,0.0,0.0,1.0
1754723757612774840,0,1754723757612545967,map,MoraiInfo,-17.5567578314209,5.352339462581634,0.0009130065143108379,0.0,0.0,0.0,1.0
1754723757616061566,0,1754723757615859031,map,MoraiInfo,-17.5567578314209,5.352339462581634,0.0009130065143108379,0.0,0.0,0.0,1.0
1754723757628809271,0,1754723757628611087,map,MoraiInfo,-17.555954360809327,5.425639049354553,0.0011560928821563732,0.0,0.0,0.0,1.0
1754723757660842406,0,1754723757660631656,map,MoraiInfo,-17.555297040786744,5.486014918628692,0.0013000045716762554,0.0,0.0,0.0,1.0
1754723757677614788,0,1754723757677383422,map,MoraiInfo,-17.555297040786744,5.486014918628692,0.0013000045716762554,0.0,0.0,0.0,1.0
1754723757716928653,0,1754723757716686010,map,MoraiInfo,-17.55461063369751,5.549354688468933,0.001413361430168153,0.0,0.0,0.0,1.0
1754723757743347668,0,1754723757743134021,map,MoraiInfo,-17.553948545303346,5.610666171852111,0.001496003270149232,0.0,0.0,0.0,1.0
1754723757746276887,0,1754723757746090650,map,MoraiInfo,-17.553948545303346,5.610666171852111,0.001496003270149232,0.0,0.0,0.0,1.0
1754723757780997848,0,1754723757780696868,map,MoraiInfo,-17.55332066997528,5.668993310276031,0.0015536782145500194,0.0,0.0,0.0,1.0
1754723757816355520,0,1754723757816134691,map,MoraiInfo,-17.552700900878907,5.726720468345642,0.0015952450037002575,0.0,0.0,0.0,1.0
1754723757826243091,0,1754723757826002836,map,MoraiInfo,-17.552700900878907,5.726720468345642,0.0015952450037002575,0.0,0.0,0.0,1.0
1754723757846803761,0,1754723757846529722,map,MoraiInfo,-17.552098536338807,5.7829405229721065,0.0015089672803878795,0.0,0.0,0.0,1.0
1754723757861891785,0,1754723757861678600,map,MoraiInfo,-17.551488065567018,5.839466945472717,0.001007543206214906,0.0,0.0,0.0,1.0
1754723757881529349,0,1754723757881254911,map,MoraiInfo,-17.551488065567018,5.839466945472717,0.001007543206214906,0.0,0.0,0.0,1.0
1754723757916849479,0,1754723757916620016,map,MoraiInfo,-17.55082907661438,5.900722877326965,0.0007384170591831218,0.0,0.0,0.0,1.0
1754723757947138840,0,1754723757946896076,map,MoraiInfo,-17.55012598022461,5.966665283981323,0.0005410362780094158,0.0,0.0,0.0,1.0
1754723757950399577,0,1754723757950192451,map,MoraiInfo,-17.55012598022461,5.966665283981323,0.0005410362780094158,0.0,0.0,0.0,1.0
1754723757977991799,0,1754723757977567672,map,MoraiInfo,-17.549267673339845,6.048613445106506,0.0004935574531555187,0.0,0.0,0.0,1.0
1754723757998721680,0,1754723757998428106,map,MoraiInfo,-17.548768186416627,6.097615258041381,0.0007945143431425106,0.0,0.0,0.0,1.0
1754723758037743771,0,1754723758037505626,map,MoraiInfo,-17.548768186416627,6.097615258041381,0.0007945143431425106,0.0,0.0,0.0,1.0
1754723758056644261,0,1754723758056413650,map,MoraiInfo,-17.548105382766725,6.16277732068634,0.001052885577082635,0.0,0.0,0.0,1.0
1754723758061398921,0,1754723758061193704,map,MoraiInfo,-17.547484659996034,6.224011198822021,0.0012379673123359691,0.0,0.0,0.0,1.0
1754723758062313062,0,1754723758062119960,map,MoraiInfo,-17.547484659996034,6.224011198822021,0.0012379673123359691,0.0,0.0,0.0,1.0
1754723758126791792,0,1754723758126415967,map,MoraiInfo,-17.546879672851563,6.283905164543151,0.0013707478344440471,0.0,0.0,0.0,1.0
1754723758149377781,0,1754723758149125099,map,MoraiInfo,-17.54626741394043,6.344678298774719,0.0014684882760047924,0.0,0.0,0.0,1.0
1754723758158448581,0,1754723758158178806,map,MoraiInfo,-17.54626741394043,6.344678298774719,0.0014684882760047924,0.0,0.0,0.0,1.0
1754723758178614678,0,1754723758178337812,map,MoraiInfo,-17.545687699165345,6.402367607894897,0.0015360911190509807,0.0,0.0,0.0,1.0
1754723758195781693,0,1754723758195592403,map,MoraiInfo,-17.545109772529603,6.460073487106323,0.0015840505063533794,0.0,0.0,0.0,1.0
1754723758217632149,0,1754723758217352628,map,MoraiInfo,-17.545109772529603,6.460073487106323,0.0015840505063533794,0.0,0.0,0.0,1.0
1754723758249547792,0,1754723758249189376,map,MoraiInfo,-17.544608259048463,6.509823815170288,0.0010478154569864284,0.0,0.0,0.0,1.0
1754723758281293157,0,1754723758281058788,map,MoraiInfo,-17.54392983898163,6.5770208995971675,0.0007687111198902141,0.0,0.0,0.0,1.0
1754723758291261356,0,1754723758291025400,map,MoraiInfo,-17.54392983898163,6.5770208995971675,0.0007687111198902141,0.0,0.0,0.0,1.0
1754723758296206837,0,1754723758295977115,map,MoraiInfo,-17.543361091461183,6.633876816574096,0.0005810775607824337,0.0,0.0,0.0,1.0
1754723758347200362,0,1754723758346921682,map,MoraiInfo,-17.542786502685548,6.692862645927429,0.0007720862329006206,0.0,0.0,0.0,1.0
1754723758347845640,0,1754723758347591638,map,MoraiInfo,-17.542786502685548,6.692862645927429,0.0007720862329006206,0.0,0.0,0.0,1.0
1754723758365586872,0,1754723758365028858,map,MoraiInfo,-17.542189502563478,6.754660860839843,0.0010349948704242717,0.0,0.0,0.0,1.0
1754723758412212940,0,1754723758411976099,map,MoraiInfo,-17.541630649414063,6.812870995346069,0.0012457606196403515,0.0,0.0,0.0,1.0
1754723758425123496,0,1754723758424896955,map,MoraiInfo,-17.541630649414063,6.812870995346069,0.0012457606196403515,0.0,0.0,0.0,1.0
1754723758447376858,0,1754723758447160005,map,MoraiInfo,-17.541061782684327,6.872417942825317,0.0013847772777080547,0.0,0.0,0.0,1.0
1754723758468762677,0,1754723758468239784,map,MoraiInfo,-17.54050674423218,6.930674330535888,0.0014084514975547802,0.0,0.0,0.0,1.0
1754723758499597096,0,1754723758499315261,map,MoraiInfo,-17.54050674423218,6.930674330535888,0.0014084514975547802,0.0,0.0,0.0,1.0
1754723758504472705,0,1754723758504255533,map,MoraiInfo,-17.539989614334107,6.984492079559326,0.0009169217944145214,0.0,0.0,0.0,1.0
1754723758546904217,0,1754723758546666383,map,MoraiInfo,-17.53940799221039,7.045414463821411,0.0007495519518852245,0.0,0.0,0.0,1.0
1754723758548722139,0,1754723758548495292,map,MoraiInfo,-17.53940799221039,7.045414463821411,0.0007495519518852245,0.0,0.0,0.0,1.0
1754723758566991045,0,1754723758566769361,map,MoraiInfo,-17.53885283454895,7.104668156448364,0.0010777630656957637,0.0,0.0,0.0,1.0
1754723758597953467,0,1754723758597687721,map,MoraiInfo,-17.53830912097931,7.163354412857055,0.0012267895787954342,0.0,0.0,0.0,1.0
1754723758621776054,0,1754723758621507167,map,MoraiInfo,-17.53830912097931,7.163354412857055,0.0012267895787954342,0.0,0.0,0.0,1.0
1754723758649713044,0,1754723758649498224,map,MoraiInfo,-17.537798786010743,7.218761460128784,0.0013503369688987743,0.0,0.0,0.0,1.0
1754723758671348889,0,1754723758670861721,map,MoraiInfo,-17.53730037197113,7.273103491607666,0.0014508937299251567,0.0,0.0,0.0,1.0
1754723758681105548,0,1754723758680549383,map,MoraiInfo,-17.53730037197113,7.273103491607666,0.0014508937299251567,0.0,0.0,0.0,1.0
1754723758711464379,0,1754723758711267471,map,MoraiInfo,-17.53682281955719,7.3253400486145015,0.001524464488029481,0.0,0.0,0.0,1.0
1754723758734844772,0,1754723758734641075,map,MoraiInfo,-17.536360049095155,7.376119629684448,0.0015753407776355755,0.0,0.0,0.0,1.0
1754723758756851946,0,1754723758756570816,map,MoraiInfo,-17.536360049095155,7.376119629684448,0.0015753407776355755,0.0,0.0,0.0,1.0
1754723758785811734,0,1754723758785563945,map,MoraiInfo,-17.53593137248993,7.423312203231811,0.0016100120544433605,0.0,0.0,0.0,1.0
1754723758799430983,0,1754723758799199342,map,MoraiInfo,-17.53547217830658,7.474006907287597,0.0016367000341415416,0.0,0.0,0.0,1.0
1754723758823718122,0,1754723758823496341,map,MoraiInfo,-17.53547217830658,7.474006907287597,0.0016367000341415416,0.0,0.0,0.0,1.0
1754723758835213126,0,1754723758834952116,map,MoraiInfo,-17.535086655464173,7.516529814544677,0.0013795730471611034,0.0,0.0,0.0,1.0
1754723758883844670,0,1754723758883612632,map,MoraiInfo,-17.534655713882447,7.563601033035278,0.0009274289757013332,0.0,0.0,0.0,1.0
1754723758888214363,0,1754723758888031005,map,MoraiInfo,-17.534655713882447,7.563601033035278,0.0009274289757013332,0.0,0.0,0.0,1.0
1754723758903495489,0,1754723758903022050,map,MoraiInfo,-17.53417994960785,7.615997092071533,0.0006458137929439556,0.0,0.0,0.0,1.0
1754723758940541837,0,1754723758940333366,map,MoraiInfo,-17.533672237243653,7.672729269805908,0.0005186919867992412,0.0,0.0,0.0,1.0
1754723758973792880,0,1754723758973553180,map,MoraiInfo,-17.533672237243653,7.672729269805908,0.0005186919867992412,0.0,0.0,0.0,1.0
1754723758979321753,0,1754723758979119300,map,MoraiInfo,-17.533207201805116,7.726441637817382,0.0008605395257473003,0.0,0.0,0.0,1.0
1754723759030373155,0,1754723759030123472,map,MoraiInfo,-17.532716059532166,7.783417717758178,0.00111604042351246,0.0,0.0,0.0,1.0
1754723759035693919,0,1754723759035500526,map,MoraiInfo,-17.532716059532166,7.783417717758178,0.00111604042351246,0.0,0.0,0.0,1.0
1754723759039539794,0,1754723759039334058,map,MoraiInfo,-17.53232493385315,7.828961626831054,0.0012568657100200664,0.0,0.0,0.0,1.0
1754723759079217416,0,1754723759078993320,map,MoraiInfo,-17.53192474826813,7.875693814102172,0.0013791930675506603,0.0,0.0,0.0,1.0
1754723759092819829,0,1754723759092585325,map,MoraiInfo,-17.53192474826813,7.875693814102172,0.0013791930675506603,0.0,0.0,0.0,1.0
1754723759105030668,0,1754723759104814052,map,MoraiInfo,-17.5314595936203,7.930178658309936,0.0014841829240322124,0.0,0.0,0.0,1.0
1754723759132800583,0,1754723759132585287,map,MoraiInfo,-17.53111495956421,7.970668093505859,0.0015406545996665966,0.0,0.0,0.0,1.0
1754723759170652416,0,1754723759170406818,map,MoraiInfo,-17.53111495956421,7.970668093505859,0.0015406545996665966,0.0,0.0,0.0,1.0
1754723759175466233,0,1754723759175261259,map,MoraiInfo,-17.530757808532716,8.012724654022216,0.0015850973129272472,0.0,0.0,0.0,1.0
1754723759199969601,0,1754723759199767351,map,MoraiInfo,-17.530418538894654,8.05415608102417,0.001696874648332597,0.0,0.0,0.0,1.0
1754723759204066145,0,1754723759203852176,map,MoraiInfo,-17.530418538894654,8.05415608102417,0.001696874648332597,0.0,0.0,0.0,1.0
1754723759240382101,0,1754723759239947795,map,MoraiInfo,-17.528987908210755,8.08991982156372,0.0017989699542522442,0.0,0.0,0.0,1.0
1754723759278466955,0,1754723759278185367,map,MoraiInfo,-17.526150131073,8.127026335540771,0.001814880669116975,0.0,0.0,0.0,1.0
1754723759304800177,0,1754723759304551124,map,MoraiInfo,-17.526150131073,8.127026335540771,0.001814880669116975,0.0,0.0,0.0,1.0
1754723759316769716,0,1754723759316557407,map,MoraiInfo,-17.522404098358155,8.160870329681396,0.0018015478551387798,0.0,0.0,0.0,1.0
1754723759355572524,0,1754723759355287551,map,MoraiInfo,-17.5180238722229,8.190788761917114,0.0017747928202152263,0.0,0.0,0.0,1.0
1754723759359388321,0,1754723759359169483,map,MoraiInfo,-17.5180238722229,8.190788761917114,0.0017747928202152263,0.0,0.0,0.0,1.0
1754723759395337047,0,1754723759395086526,map,MoraiInfo,-17.512630367126466,8.221138970199585,0.0017421965301036846,0.0,0.0,0.0,1.0
1754723759404778276,0,1754723759404561758,map,MoraiInfo,-17.5064648626709,8.250655667129516,0.0016486582159996044,0.0,0.0,0.0,1.0
1754723759427093649,0,1754723759426829338,map,MoraiInfo,-17.5064648626709,8.250655667129516,0.0016486582159996044,0.0,0.0,0.0,1.0
1754723759434448105,0,1754723759434226274,map,MoraiInfo,-17.501642250862123,8.274982230010986,0.0016228047013282787,0.0,0.0,0.0,1.0
1754723759490227046,0,1754723759489974021,map,MoraiInfo,-17.496508979644776,8.300314204040527,0.0015823741257190715,0.0,0.0,0.0,1.0
1754723759492873942,0,1754723759492661952,map,MoraiInfo,-17.496508979644776,8.300314204040527,0.0015823741257190715,0.0,0.0,0.0,1.0
1754723759503884850,0,1754723759503605365,map,MoraiInfo,-17.490973853912354,8.327082173171997,0.0015390229225158703,0.0,0.0,0.0,1.0
1754723759535386868,0,1754723759535157918,map,MoraiInfo,-17.486547493782044,8.348192469421386,0.0015066426992416393,0.0,0.0,0.0,1.0
1754723759575963547,0,1754723759575638771,map,MoraiInfo,-17.486547493782044,8.348192469421386,0.0015066426992416393,0.0,0.0,0.0,1.0
1754723759581374184,0,1754723759581153631,map,MoraiInfo,-17.482219838943482,8.368697420898437,0.0014773283898830425,0.0,0.0,0.0,1.0
1754723759601829487,0,1754723759601579427,map,MoraiInfo,-17.477737092819215,8.389829413238525,0.0014477458596229564,0.0,0.0,0.0,1.0
1754723759605570152,0,1754723759605362653,map,MoraiInfo,-17.477737092819215,8.389829413238525,0.0014477458596229564,0.0,0.0,0.0,1.0
1754723759641709873,0,1754723759641151189,map,MoraiInfo,-17.473534250106812,8.40956355744934,0.0014198657870292675,0.0,0.0,0.0,1.0
1754723759715725917,0,1754723759715333700,map,MoraiInfo,-17.4691432951355,8.43009258920288,0.0011920233070850383,0.0,0.0,0.0,1.0
1754723759715756539,0,1754723759715504646,map,MoraiInfo,-17.4691432951355,8.43009258920288,0.0011920233070850383,0.0,0.0,0.0,1.0
1754723759738603673,0,1754723759738360166,map,MoraiInfo,-17.464296245422364,8.452798382583618,0.0007295490056276333,0.0,0.0,0.0,1.0
1754723759743749967,0,1754723759743531465,map,MoraiInfo,-17.458347225036622,8.480597273651123,0.00037098050117492787,0.0,0.0,0.0,1.0
1754723759767600638,0,1754723759767374277,map,MoraiInfo,-17.458347225036622,8.480597273651123,0.00037098050117492787,0.0,0.0,0.0,1.0
1754723759773040987,0,1754723759772786617,map,MoraiInfo,-17.451450013961793,8.512902752700805,0.0001479250192642223,0.0,0.0,0.0,1.0
1754723759806011044,0,1754723759805766820,map,MoraiInfo,-17.443915510025025,8.548259035888671,5.302280187607922e-06,0.0,0.0,0.0,1.0
1754723759827610932,0,1754723759827370643,map,MoraiInfo,-17.443915510025025,8.548259035888671,5.302280187607922e-06,0.0,0.0,0.0,1.0
1754723759841513400,0,1754723759841220140,map,MoraiInfo,-17.43561377510071,8.587303892913818,9.258583188057057e-05,0.0,0.0,0.0,1.0
1754723759893686566,0,1754723759893428802,map,MoraiInfo,-17.426806592788697,8.62875153237915,0.0006241214275360119,0.0,0.0,0.0,1.0
1754723759916979353,0,1754723759916734933,map,MoraiInfo,-17.426806592788697,8.62875153237915,0.0006241214275360119,0.0,0.0,0.0,1.0
1754723759920940137,0,1754723759920751333,map,MoraiInfo,-17.420111679878236,8.660170571151733,0.0010009084641933452,0.0,0.0,0.0,1.0
1754723759961491843,0,1754723759961244106,map,MoraiInfo,-17.410393738594056,8.698189989868164,0.0012828980386257183,0.0,0.0,0.0,1.0
1754723759970340439,0,1754723759970147848,map,MoraiInfo,-17.410393738594056,8.698189989868164,0.0012828980386257183,0.0,0.0,0.0,1.0
1754723759974799360,0,1754723759974602937,map,MoraiInfo,-17.40284326061249,8.72401692086792,0.0013995815813541423,0.0,0.0,0.0,1.0
1754723760006281925,0,1754723760006053686,map,MoraiInfo,-17.393786454048158,8.752256647888183,0.0014842611551284801,0.0,0.0,0.0,1.0
1754723760048075508,0,1754723760047798156,map,MoraiInfo,-17.393786454048158,8.752256647888183,0.0014842611551284801,0.0,0.0,0.0,1.0
1754723760050622339,0,1754723760050428628,map,MoraiInfo,-17.384748124923707,8.777740017715454,0.0015246134996414196,0.0,0.0,0.0,1.0
1754723760075825248,0,1754723760075345516,map,MoraiInfo,-17.375221276130677,8.802353159729003,0.001540311872959138,0.0,0.0,0.0,1.0
1754723760122936756,0,1754723760122703790,map,MoraiInfo,-17.375221276130677,8.802353159729003,0.001540311872959138,0.0,0.0,0.0,1.0
1754723760123085913,0,1754723760122886657,map,MoraiInfo,-17.365145468559266,8.826394812408447,0.0015405651926994335,0.0,0.0,0.0,1.0
1754723760162168499,0,1754723760161917686,map,MoraiInfo,-17.355613612976075,8.84748293572998,0.0015321460366249096,0.0,0.0,0.0,1.0
1754723760192970543,0,1754723760192713499,map,MoraiInfo,-17.355613612976075,8.84748293572998,0.0015321460366249096,0.0,0.0,0.0,1.0
1754723760196913161,0,1754723760196691513,map,MoraiInfo,-17.344717287864686,8.86997057611084,0.0015147154033184063,0.0,0.0,0.0,1.0
1754723760224029136,0,1754723760223839759,map,MoraiInfo,-17.335610055770875,8.887667433563232,0.0014978957176208507,0.0,0.0,0.0,1.0
1754723760225904287,0,1754723760225695848,map,MoraiInfo,-17.335610055770875,8.887667433563232,0.0014978957176208507,0.0,0.0,0.0,1.0
1754723760240266441,0,1754723760239759445,map,MoraiInfo,-17.326165580596925,8.905011908355712,0.0014746536314487468,0.0,0.0,0.0,1.0
1754723760284964568,0,1754723760284748077,map,MoraiInfo,-17.31635596736908,8.92211033517456,0.0014480438828468334,0.0,0.0,0.0,1.0
1754723760288629810,0,1754723760288436412,map,MoraiInfo,-17.31635596736908,8.92211033517456,0.0014480438828468334,0.0,0.0,0.0,1.0
1754723760310372932,0,1754723760310053348,map,MoraiInfo,-17.30571451171875,8.939752833190918,0.0014198844134807598,0.0,0.0,0.0,1.0
1754723760361135619,0,1754723760360860347,map,MoraiInfo,-17.296956086006166,8.953624979797363,0.0013968583941459667,0.0,0.0,0.0,1.0
1754723760407821089,0,1754723760407585620,map,MoraiInfo,-17.296956086006166,8.953624979797363,0.0013968583941459667,0.0,0.0,0.0,1.0
1754723760407941690,0,1754723760407781600,map,MoraiInfo,-17.287955069389344,8.96731068307495,0.0013759520649909984,0.0,0.0,0.0,1.0
1754723760408862120,0,1754723760408654928,map,MoraiInfo,-17.278589629974366,8.981016413513183,0.0013542485237121593,0.0,0.0,0.0,1.0
1754723760413014375,0,1754723760412809371,map,MoraiInfo,-17.278589629974366,8.981016413513183,0.0013542485237121593,0.0,0.0,0.0,1.0
1754723760443286502,0,1754723760442706346,map,MoraiInfo,-17.269449972953797,8.99387718850708,0.0013328057527542125,0.0,0.0,0.0,1.0
1754723760503124682,0,1754723760502888202,map,MoraiInfo,-17.26015343650818,9.006473318878173,0.0013114225864410411,0.0,0.0,0.0,1.0
1754723760533692203,0,1754723760533461093,map,MoraiInfo,-17.26015343650818,9.006473318878173,0.0013114225864410411,0.0,0.0,0.0,1.0
1754723760563219210,0,1754723760562968730,map,MoraiInfo,-17.24972190841675,9.020097986999511,0.0012896035611629497,0.0,0.0,0.0,1.0
1754723760563889464,0,1754723760563611984,map,MoraiInfo,-17.242882156219483,9.028754965606689,0.0012747210264205944,0.0,0.0,0.0,1.0
1754723760564605806,0,1754723760564416170,map,MoraiInfo,-17.242882156219483,9.028754965606689,0.0012747210264205944,0.0,0.0,0.0,1.0
1754723760585062635,0,1754723760584824085,map,MoraiInfo,-17.232283615913392,9.042131201568603,0.0007096708565950405,0.0,0.0,0.0,1.0
1754723760614423466,0,1754723760614165782,map,MoraiInfo,-17.21889867767334,9.058532969299316,0.00039946407079696766,0.0,0.0,0.0,1.0
1754723760617077757,0,1754723760616850852,map,MoraiInfo,-17.21889867767334,9.058532969299316,0.00039946407079696766,0.0,0.0,0.0,1.0
1754723760657875228,0,1754723760657369613,map,MoraiInfo,-17.201529288139344,9.078624979797363,0.00016165457665920369,0.0,0.0,0.0,1.0
1754723760698292295,0,1754723760697996139,map,MoraiInfo,-17.18069841846466,9.100392596069335,0.00014328703284263722,0.0,0.0,0.0,1.0
1754723760718143200,0,1754723760717904090,map,MoraiInfo,-17.18069841846466,9.100392596069335,0.00014328703284263722,0.0,0.0,0.0,1.0
1754723760727392621,0,1754723760727176189,map,MoraiInfo,-17.159114742126466,9.119940058532714,0.0005307675153017055,0.0,0.0,0.0,1.0
1754723760776350798,0,1754723760776107072,map,MoraiInfo,-17.13736655696869,9.138506190124511,0.0008449454605579387,0.0,0.0,0.0,1.0
1754723760798653515,0,1754723760798349380,map,MoraiInfo,-17.13736655696869,9.138506190124511,0.0008449454605579387,0.0,0.0,0.0,1.0
1754723760804056384,0,1754723760803836345,map,MoraiInfo,-17.116209411468507,9.155325190368652,0.0010555584728717815,0.0,0.0,0.0,1.0
1754723760812025267,0,1754723760811828851,map,MoraiInfo,-17.095492744293214,9.170799986663818,0.0012005728483200084,0.0,0.0,0.0,1.0
1754723760839345917,0,1754723760839142322,map,MoraiInfo,-17.095492744293214,9.170799986663818,0.0012005728483200084,0.0,0.0,0.0,1.0
1754723760872341468,0,1754723760872121334,map,MoraiInfo,-17.07527806743622,9.185019747558593,0.0012954708933830272,0.0,0.0,0.0,1.0
1754723760889205426,0,1754723760888978242,map,MoraiInfo,-17.056012773361207,9.197752730194091,0.0013505753874778759,0.0,0.0,0.0,1.0
1754723760915667986,0,1754723760915446281,map,MoraiInfo,-17.056012773361207,9.197752730194091,0.0013505753874778759,0.0,0.0,0.0,1.0
1754723760915790967,0,1754723760915623188,map,MoraiInfo,-17.03791131958008,9.209086672607421,0.0013803255558013927,0.0,0.0,0.0,1.0
1754723760966226817,0,1754723760965985298,map,MoraiInfo,-17.01994528755188,9.21977068597412,0.0013939563930034649,0.0,0.0,0.0,1.0
1754723760970987361,0,1754723760970801353,map,MoraiInfo,-17.01994528755188,9.21977068597412,0.0013939563930034649,0.0,0.0,0.0,1.0
1754723760973581107,0,1754723760973347663,map,MoraiInfo,-17.00257720932007,9.22953106576538,0.0013946083188056957,0.0,0.0,0.0,1.0
1754723761044594676,0,1754723761044299364,map,MoraiInfo,-16.98601498588562,9.238386885467529,0.0013878729939460765,0.0,0.0,0.0,1.0
1754723761071293978,0,1754723761071076869,map,MoraiInfo,-16.98601498588562,9.238386885467529,0.0013878729939460765,0.0,0.0,0.0,1.0
1754723761091909323,0,1754723761091652393,map,MoraiInfo,-16.967770480957032,9.247639433685302,0.0013744284212589275,0.0,0.0,0.0,1.0
1754723761105504227,0,1754723761105272293,map,MoraiInfo,-16.95444407447815,9.254067675415039,0.0013617773354053508,0.0,0.0,0.0,1.0
1754723761105674213,0,1754723761105477809,map,MoraiInfo,-16.95444407447815,9.254067675415039,0.0013617773354053508,0.0,0.0,0.0,1.0
1754723761112303444,0,1754723761112070798,map,MoraiInfo,-16.93965198978424,9.260891691986084,0.0013458777964115154,0.0,0.0,0.0,1.0
1754723761162193324,0,1754723761161927223,map,MoraiInfo,-16.924805545654298,9.267428175750732,0.0013287340104579937,0.0,0.0,0.0,1.0
1754723761163872608,0,1754723761163631200,map,MoraiInfo,-16.924805545654298,9.267428175750732,0.0013287340104579937,0.0,0.0,0.0,1.0
1754723761179431135,0,1754723761179226636,map,MoraiInfo,-16.910003566589356,9.273615137878418,0.0013107967376708995,0.0,0.0,0.0,1.0
1754723761242894529,0,1754723761242676019,map,MoraiInfo,-16.89677371963501,9.278888480010986,0.0012945544719696056,0.0,0.0,0.0,1.0
1754723761244931619,0,1754723761244690895,map,MoraiInfo,-16.89677371963501,9.278888480010986,0.0012945544719696056,0.0,0.0,0.0,1.0
1754723761269967217,0,1754723761269686460,map,MoraiInfo,-16.883613252487184,9.2839057605896,0.0012786027789115917,0.0,0.0,0.0,1.0
1754723761279344606,0,1754723761279152154,map,MoraiInfo,-16.86928453430176,9.289100901428222,0.0012615856528282177,0.0,0.0,0.0,1.0
1754723761305283056,0,1754723761305028438,map,MoraiInfo,-16.86928453430176,9.289100901428222,0.0012615856528282177,0.0,0.0,0.0,1.0
1754723761309422949,0,1754723761309165716,map,MoraiInfo,-16.858991050567628,9.292655245605468,0.0012498100101947796,0.0,0.0,0.0,1.0
1754723761350784649,0,1754723761350215435,map,MoraiInfo,-16.84713151439667,9.296594874206543,0.001236521899700166,0.0,0.0,0.0,1.0
1754723761388050031,0,1754723761387800216,map,MoraiInfo,-16.84713151439667,9.296594874206543,0.001236521899700166,0.0,0.0,0.0,1.0
1754723761393301712,0,1754723761393066644,map,MoraiInfo,-16.835010671463014,9.300428168121337,0.0012235243618488323,0.0,0.0,0.0,1.0
1754723761414139710,0,1754723761413761377,map,MoraiInfo,-16.824403905715943,9.303628222290039,0.001212538480758668,0.0,0.0,0.0,1.0
1754723761454883269,0,1754723761454643964,map,MoraiInfo,-16.824403905715943,9.303628222290039,0.001212538480758668,0.0,0.0,0.0,1.0
1754723761488487112,0,1754723761488275527,map,MoraiInfo,-16.813546800460816,9.306764857116699,0.00120180405676365,0.0,0.0,0.0,1.0
1754723761488627190,0,1754723761488466739,map,MoraiInfo,-16.803055190887452,9.309654013458251,0.0011919227242469799,0.0,0.0,0.0,1.0
1754723761491780871,0,1754723761491571187,map,MoraiInfo,-16.803055190887452,9.309654013458251,0.0011919227242469799,0.0,0.0,0.0,1.0
1754723761529875003,0,1754723761529434680,map,MoraiInfo,-16.791902923431397,9.312577025238037,0.001181924045085908,0.0,0.0,0.0,1.0
1754723761566315097,0,1754723761566090345,map,MoraiInfo,-16.78222694381714,9.31499363595581,0.0011736539006233226,0.0,0.0,0.0,1.0
1754723761572973547,0,1754723761572745561,map,MoraiInfo,-16.78222694381714,9.31499363595581,0.0011736539006233226,0.0,0.0,0.0,1.0
1754723761616120091,0,1754723761615870475,map,MoraiInfo,-16.772109412994386,9.31740309411621,0.0011653837561607372,0.0,0.0,0.0,1.0
1754723761643580671,0,1754723761643367052,map,MoraiInfo,-16.76374139770508,9.319297091308593,0.001158914789557458,0.0,0.0,0.0,1.0
1754723761643791144,0,1754723761643541336,map,MoraiInfo,-16.76374139770508,9.319297091308593,0.001158914789557458,0.0,0.0,0.0,1.0
1754723761688555147,0,1754723761688332080,map,MoraiInfo,-16.754911327209474,9.321213499847412,0.0011523638665676128,0.0,0.0,0.0,1.0
1754723761694453771,0,1754723761694111585,map,MoraiInfo,-16.745638274993897,9.323125616851806,0.0011458520591259014,0.0,0.0,0.0,1.0
1754723761694467953,0,1754723761694254159,map,MoraiInfo,-16.745638274993897,9.323125616851806,0.0011458520591259014,0.0,0.0,0.0,1.0
1754723761717648151,0,1754723761717129230,map,MoraiInfo,-16.737486266937257,9.324721590820312,0.0011404466629028331,0.0,0.0,0.0,1.0
1754723761780020461,0,1754723761779777765,map,MoraiInfo,-16.729000234451295,9.32630659753418,0.001135033816099168,0.0,0.0,0.0,1.0
1754723761796023977,0,1754723761795753240,map,MoraiInfo,-16.729000234451295,9.32630659753418,0.001135033816099168,0.0,0.0,0.0,1.0
1754723761806981666,0,1754723761806774854,map,MoraiInfo,-16.720622205581666,9.327788607421875,0.001129889190196992,0.0,0.0,0.0,1.0
1754723761834116884,0,1754723761833871364,map,MoraiInfo,-16.712884330596925,9.32908465081787,0.001125403940677644,0.0,0.0,0.0,1.0
1754723761836234902,0,1754723761835996866,map,MoraiInfo,-16.712884330596925,9.32908465081787,0.001125403940677644,0.0,0.0,0.0,1.0
1754723761855247857,0,1754723761854899883,map,MoraiInfo,-16.704166793670655,9.330465571228027,0.0011205610632896434,0.0,0.0,0.0,1.0
1754723761901377908,0,1754723761901140451,map,MoraiInfo,-16.69720449432373,9.331508414093017,0.0011168897897005092,0.0,0.0,0.0,1.0
1754723761907922648,0,1754723761907673358,map,MoraiInfo,-16.69720449432373,9.331508414093017,0.0011168897897005092,0.0,0.0,0.0,1.0
1754723761926826573,0,1754723761926545381,map,MoraiInfo,-16.689640903320313,9.332576529327392,0.001113056465983392,0.0,0.0,0.0,1.0
1754723761948691922,0,1754723761948446750,map,MoraiInfo,-16.682711028900147,9.333501593414306,0.00110967017710209,0.0,0.0,0.0,1.0
1754723761952291007,0,1754723761952077627,map,MoraiInfo,-16.682711028900147,9.333501593414306,0.00110967017710209,0.0,0.0,0.0,1.0
1754723761982729464,0,1754723761982544660,map,MoraiInfo,-16.67573132499695,9.334378020111084,0.001106460839509965,0.0,0.0,0.0,1.0
1754723762034793582,0,1754723762034551620,map,MoraiInfo,-16.668025398101808,9.335282103363037,0.0011030130833387386,0.0,0.0,0.0,1.0
1754723762037143157,0,1754723762036910533,map,MoraiInfo,-16.668025398101808,9.335282103363037,0.0011030130833387386,0.0,0.0,0.0,1.0
1754723762064178551,0,1754723762063942670,map,MoraiInfo,-16.661298656311036,9.336017863098144,0.0011001185327768337,0.0,0.0,0.0,1.0
1754723762080919875,0,1754723762080430269,map,MoraiInfo,-16.65525522216797,9.336637751403808,0.001097644940018655,0.0,0.0,0.0,1.0
1754723762103284480,0,1754723762103001117,map,MoraiInfo,-16.65525522216797,9.336637751403808,0.001097644940018655,0.0,0.0,0.0,1.0
1754723762124027112,0,1754723762123766422,map,MoraiInfo,-16.648906850662232,9.337242857757568,0.0010950987040996563,0.0,0.0,0.0,1.0
1754723762149940401,0,1754723762149748086,map,MoraiInfo,-16.642683887329103,9.337794558349609,0.0010926884412765514,0.0,0.0,0.0,1.0
1754723762170652671,0,1754723762170422077,map,MoraiInfo,-16.642683887329103,9.337794558349609,0.0010926884412765514,0.0,0.0,0.0,1.0
1754723762180551838,0,1754723762180292129,map,MoraiInfo,-16.63591542228699,9.33834625894165,0.0010902055352926265,0.0,0.0,0.0,1.0
1754723762212213957,0,1754723762212024688,map,MoraiInfo,-16.630268955078126,9.338766829315185,0.0010881622135639202,0.0,0.0,0.0,1.0
1754723762254381477,0,1754723762254137516,map,MoraiInfo,-16.630268955078126,9.338766829315185,0.0010881622135639202,0.0,0.0,0.0,1.0
1754723762259127656,0,1754723762258934020,map,MoraiInfo,-16.622084998931886,9.339448229614257,0.0005898860096931469,0.0,0.0,0.0,1.0
1754723762282590255,0,1754723762282356977,map,MoraiInfo,-16.609354638900758,9.340424792114257,0.0003429551422595989,0.0,0.0,0.0,1.0
1754723762286334241,0,1754723762286158800,map,MoraiInfo,-16.609354638900758,9.340424792114257,0.0003429551422595989,0.0,0.0,0.0,1.0
1754723762346982540,0,1754723762346738338,map,MoraiInfo,-16.590623521652223,9.34143759423828,8.218295872211567e-05,0.0,0.0,0.0,1.0
1754723762374598154,0,1754723762374358177,map,MoraiInfo,-16.569070005264283,9.341922537628173,-6.239555776119121e-05,0.0,0.0,0.0,1.0
1754723762377340387,0,1754723762377140522,map,MoraiInfo,-16.569070005264283,9.341922537628173,-6.239555776119121e-05,0.0,0.0,0.0,1.0
1754723762382890540,0,1754723762382698774,map,MoraiInfo,-16.54424824699402,9.341373221221923,-3.674693405628093e-05,0.0,0.0,0.0,1.0
1754723762432208885,0,1754723762431963920,map,MoraiInfo,-16.51842250808716,9.338935629669189,0.00038075193762779347,0.0,0.0,0.0,1.0
1754723762436026588,0,1754723762435824155,map,MoraiInfo,-16.51842250808716,9.338935629669189,0.00038075193762779347,0.0,0.0,0.0,1.0
1754723762461515439,0,1754723762461151599,map,MoraiInfo,-16.493035220947267,9.33592583352661,0.0007010561227798473,0.0,0.0,0.0,1.0
1754723762485018811,0,1754723762484778165,map,MoraiInfo,-16.468307638015748,9.332258002105712,0.0009421308338642131,0.0,0.0,0.0,1.0
1754723762504128683,0,1754723762503856420,map,MoraiInfo,-16.468307638015748,9.332258002105712,0.0009421308338642131,0.0,0.0,0.0,1.0
1754723762516748955,0,1754723762516527175,map,MoraiInfo,-16.446952009048463,9.328436152282714,0.0010933254659175884,0.0,0.0,0.0,1.0
1754723762550274669,0,1754723762550032615,map,MoraiInfo,-16.424915218200685,9.323930041137695,0.0011992410570383083,0.0,0.0,0.0,1.0
1754723762577819263,0,1754723762577554464,map,MoraiInfo,-16.424915218200685,9.323930041137695,0.0011992410570383083,0.0,0.0,0.0,1.0
1754723762584049783,0,1754723762583853006,map,MoraiInfo,-16.404227638092042,9.319166437927246,0.0012642753124237072,0.0,0.0,0.0,1.0
1754723762614077709,0,1754723762613850831,map,MoraiInfo,-16.3855890272522,9.314395205322265,0.0012983058393001567,0.0,0.0,0.0,1.0
1754723762634180568,0,1754723762633939266,map,MoraiInfo,-16.3855890272522,9.314395205322265,0.0012983058393001567,0.0,0.0,0.0,1.0
1754723762650999898,0,1754723762650767087,map,MoraiInfo,-16.368436240997315,9.309629694763183,0.0013154309988021862,0.0,0.0,0.0,1.0
1754723762693364635,0,1754723762693134784,map,MoraiInfo,-16.351043844070436,9.304445521179199,0.00128468617796898,0.0,0.0,0.0,1.0
1754723762695641673,0,1754723762695411920,map,MoraiInfo,-16.351043844070436,9.304445521179199,0.00128468617796898,0.0,0.0,0.0,1.0
1754723762713743427,0,1754723762713528156,map,MoraiInfo,-16.333340310897828,9.299535052124023,0.0012894061207771312,0.0,0.0,0.0,1.0
1754723762776907162,0,1754723762776665449,map,MoraiInfo,-16.318395757522584,9.295377985778808,0.0012844179570674907,0.0,0.0,0.0,1.0
1754723762796834965,0,1754723762796622753,map,MoraiInfo,-16.318395757522584,9.295377985778808,0.0012844179570674907,0.0,0.0,0.0,1.0
1754723762801000886,0,1754723762800795555,map,MoraiInfo,-16.30256500228882,9.290956751647949,0.001313791871070863,0.0,0.0,0.0,1.0
1754723762823310203,0,1754723762823101997,map,MoraiInfo,-16.28823747619629,9.287482992950439,0.001312864273786546,0.0,0.0,0.0,1.0
1754723762826489137,0,1754723762826250553,map,MoraiInfo,-16.28823747619629,9.287482992950439,0.001312864273786546,0.0,0.0,0.0,1.0
1754723762854595518,0,1754723762854212522,map,MoraiInfo,-16.273733997192384,9.284222857299804,0.0012987864017486583,0.0,0.0,0.0,1.0
1754723762902523570,0,1754723762902274847,map,MoraiInfo,-16.260457420196534,9.281431452575683,0.0012810316681861889,0.0,0.0,0.0,1.0
1754723762924226333,0,1754723762923963069,map,MoraiInfo,-16.260457420196534,9.281431452575683,0.0012810316681861889,0.0,0.0,0.0,1.0
1754723762932712229,0,1754723762932478427,map,MoraiInfo,-16.248425865020753,9.279066817108154,0.0012637872993946087,0.0,0.0,0.0,1.0
1754723762971819074,0,1754723762971595764,map,MoraiInfo,-16.236549281921388,9.27688910180664,0.001247401610016824,0.0,0.0,0.0,1.0
1754723762976001025,0,1754723762975807666,map,MoraiInfo,-16.236549281921388,9.27688910180664,0.001247401610016824,0.0,0.0,0.0,1.0
1754723762980686371,0,1754723762980495214,map,MoraiInfo,-16.22431769355774,9.274799601379394,0.0012316976487636577,0.0,0.0,0.0,1.0
1754723763044449116,0,1754723763044142484,map,MoraiInfo,-16.212969446029664,9.273013369384765,0.0012183741480112087,0.0,0.0,0.0,1.0
1754723763059900875,0,1754723763059533834,map,MoraiInfo,-16.212969446029664,9.273013369384765,0.0012183741480112087,0.0,0.0,0.0,1.0
1754723763077188630,0,1754723763076870203,map,MoraiInfo,-16.19952120765686,9.271081225219726,0.0012037095427513134,0.0,0.0,0.0,1.0
1754723763117150724,0,1754723763116846799,map,MoraiInfo,-16.190958881225587,9.26995255166626,0.0011951488256454479,0.0,0.0,0.0,1.0
1754723763121970625,0,1754723763121751308,map,MoraiInfo,-16.190958881225587,9.26995255166626,0.0011951488256454479,0.0,0.0,0.0,1.0
1754723763167380794,0,1754723763167140245,map,MoraiInfo,-16.180476808395387,9.268688933197021,0.0011851464211940776,0.0,0.0,0.0,1.0
1754723763170971009,0,1754723763170731306,map,MoraiInfo,-16.16996994003296,9.267544524017334,0.0011756469309329998,0.0,0.0,0.0,1.0
1754723763174391197,0,1754723763174172878,map,MoraiInfo,-16.16996994003296,9.267544524017334,0.0011756469309329998,0.0,0.0,0.0,1.0
1754723763218458121,0,1754723763218233346,map,MoraiInfo,-16.159992837753297,9.26652886087036,0.0011493352055549633,0.0,0.0,0.0,1.0
1754723763245417128,0,1754723763245121240,map,MoraiInfo,-16.149851465072633,9.265243307891845,0.0011425067484378826,0.0,0.0,0.0,1.0
1754723763265718555,0,1754723763265462875,map,MoraiInfo,-16.149851465072633,9.265243307891845,0.0011425067484378826,0.0,0.0,0.0,1.0
1754723763276585628,0,1754723763276322364,map,MoraiInfo,-16.136783742752076,9.26357008630371,0.0005817313492298137,0.0,0.0,0.0,1.0
1754723763316798706,0,1754723763316533327,map,MoraiInfo,-16.117817544784547,9.261167303863525,0.0002647072821855556,0.0,0.0,0.0,1.0
1754723763319926982,0,1754723763319689750,map,MoraiInfo,-16.117817544784547,9.261167303863525,0.0002647072821855556,0.0,0.0,0.0,1.0
1754723763327620988,0,1754723763327112913,map,MoraiInfo,-16.098034047927857,9.258691088500976,5.6942254304886974e-05,0.0,0.0,0.0,1.0
1754723763400331884,0,1754723763399723052,map,MoraiInfo,-16.072469615783692,9.25552679711914,-9.138017892837413e-05,0.0,0.0,0.0,1.0
1754723763446134422,0,1754723763445904493,map,MoraiInfo,-16.072469615783692,9.25552679711914,-9.138017892837413e-05,0.0,0.0,0.0,1.0
1754723763453218873,0,1754723763452998161,map,MoraiInfo,-16.038973474349977,9.251395956817626,-0.00019694186747074016,0.0,0.0,0.0,1.0
1754723763472632662,0,1754723763472423315,map,MoraiInfo,-16.00569214805603,9.247312323394775,-0.00024773433804511913,0.0,0.0,0.0,1.0
1754723763479105499,0,1754723763478905439,map,MoraiInfo,-16.00569214805603,9.247312323394775,-0.00024773433804511913,0.0,0.0,0.0,1.0
1754723763519335938,0,1754723763519127845,map,MoraiInfo,-15.967817926254273,9.242682234588623,-0.0002673219144344319,0.0,0.0,0.0,1.0
1754723763521771291,0,1754723763521550655,map,MoraiInfo,-15.923622751083375,9.237302080932617,-0.00026429325342178234,0.0,0.0,0.0,1.0
1754723763527022774,0,1754723763526822328,map,MoraiInfo,-15.923622751083375,9.237302080932617,-0.00026429325342178234,0.0,0.0,0.0,1.0
1754723763554043257,0,1754723763553794860,map,MoraiInfo,-15.87979044898987,9.231981531921386,-0.0002438581734895695,0.0,0.0,0.0,1.0
1754723763593837027,0,1754723763593588113,map,MoraiInfo,-15.825368547286988,9.225392596069335,-0.00019992582499980815,0.0,0.0,0.0,1.0
1754723763599907198,0,1754723763599680185,map,MoraiInfo,-15.825368547286988,9.225392596069335,-0.00019992582499980815,0.0,0.0,0.0,1.0
1754723763646053282,0,1754723763645792484,map,MoraiInfo,-15.773542785491944,9.219131724182128,-0.0001452404260635365,0.0,0.0,0.0,1.0
1754723763663237994,0,1754723763663030862,map,MoraiInfo,-15.720172071304322,9.21269060784912,-9.522654116153606e-05,0.0,0.0,0.0,1.0
1754723763663421277,0,1754723763663191556,map,MoraiInfo,-15.720172071304322,9.21269060784912,-9.522654116153606e-05,0.0,0.0,0.0,1.0
1754723763681468789,0,1754723763681252241,map,MoraiInfo,-15.66145434364319,9.205611483398437,-5.552612245082744e-05,0.0,0.0,0.0,1.0
1754723763710216030,0,1754723763709999799,map,MoraiInfo,-15.604827308502198,9.198802725616455,0.00026623837649822346,0.0,0.0,0.0,1.0
1754723763714036835,0,1754723763713825464,map,MoraiInfo,-15.604827308502198,9.198802725616455,0.00026623837649822346,0.0,0.0,0.0,1.0
1754723763751692666,0,1754723763751153945,map,MoraiInfo,-15.545902633514405,9.191730276885986,0.0006998621672391903,0.0,0.0,0.0,1.0
1754723763783699964,0,1754723763783417224,map,MoraiInfo,-15.49341382965088,9.186809794250488,0.0011566703021526348,0.0,0.0,0.0,1.0
1754723763823110653,0,1754723763822854042,map,MoraiInfo,-15.49341382965088,9.186809794250488,0.0011566703021526348,0.0,0.0,0.0,1.0
1754723763827795466,0,1754723763827567577,map,MoraiInfo,-15.440876388397218,9.184090868774414,0.001426798552274705,0.0,0.0,0.0,1.0
1754723763852916576,0,1754723763852660894,map,MoraiInfo,-15.385111236419679,9.183787123504638,0.001490188091993333,0.0,0.0,0.0,1.0
1754723763854860500,0,1754723763854632854,map,MoraiInfo,-15.385111236419679,9.183787123504638,0.001490188091993333,0.0,0.0,0.0,1.0
1754723763887110854,0,1754723763886451721,map,MoraiInfo,-15.343699121322633,9.183717982116699,0.0015614938735961925,0.0,0.0,0.0,1.0
1754723763950651465,0,1754723763950357675,map,MoraiInfo,-15.297311210479737,9.184029356781005,0.0016073521971702587,0.0,0.0,0.0,1.0
1754723763979152690,0,1754723763978899717,map,MoraiInfo,-15.297311210479737,9.184029356781005,0.0016073521971702587,0.0,0.0,0.0,1.0
1754723763980664289,0,1754723763980433225,map,MoraiInfo,-15.252075815048219,9.18464638406372,0.0016363573074340831,0.0,0.0,0.0,1.0
1754723763989650528,0,1754723763989419698,map,MoraiInfo,-15.211835288848878,9.18535782510376,0.0016502936184406292,0.0,0.0,0.0,1.0
1754723764011421961,0,1754723764011226654,map,MoraiInfo,-15.211835288848878,9.18535782510376,0.0016502936184406292,0.0,0.0,0.0,1.0
1754723764029639634,0,1754723764029347658,map,MoraiInfo,-15.17164173110962,9.186157481018066,0.001660340726375581,0.0,0.0,0.0,1.0
1754723764080585624,0,1754723764080351829,map,MoraiInfo,-15.133106613006593,9.186975256744384,0.0016651612520217907,0.0,0.0,0.0,1.0
1754723764083056491,0,1754723764082821607,map,MoraiInfo,-15.133106613006593,9.186975256744384,0.0016651612520217907,0.0,0.0,0.0,1.0
1754723764099277098,0,1754723764099031925,map,MoraiInfo,-15.089471959915162,9.187938944641113,0.001640131026506425,0.0,0.0,0.0,1.0
1754723764128049892,0,1754723764127815723,map,MoraiInfo,-15.051313781585694,9.18874098474121,0.0009917218983173381,0.0,0.0,0.0,1.0
1754723764160788486,0,1754723764160558223,map,MoraiInfo,-15.051313781585694,9.18874098474121,0.0009917218983173381,0.0,0.0,0.0,1.0
1754723764185137149,0,1754723764184885263,map,MoraiInfo,-15.015059375610353,9.189504401031494,0.0006918602436780941,0.0,0.0,0.0,1.0
1754723764203827981,0,1754723764203597545,map,MoraiInfo,-14.96725883468628,9.190617815795898,0.0004328780621290218,0.0,0.0,0.0,1.0
1754723764207650669,0,1754723764207435369,map,MoraiInfo,-14.96725883468628,9.190617815795898,0.0004328780621290218,0.0,0.0,0.0,1.0
1754723764239072932,0,1754723764238555192,map,MoraiInfo,-14.916004562225343,9.19182993585205,0.0002761271595954906,0.0,0.0,0.0,1.0
1754723764271000388,0,1754723764270762443,map,MoraiInfo,-14.86561932548523,9.193027750793457,0.0001940143108367931,0.0,0.0,0.0,1.0
1754723764293648541,0,1754723764293355464,map,MoraiInfo,-14.86561932548523,9.193027750793457,0.0001940143108367931,0.0,0.0,0.0,1.0
1754723764305791638,0,1754723764305205106,map,MoraiInfo,-14.808351659622193,9.19438530618286,0.00014735504984855763,0.0,0.0,0.0,1.0
1754723764360969682,0,1754723764360685348,map,MoraiInfo,-14.752844714965821,9.195704714599609,0.00011912107467651478,0.0,0.0,0.0,1.0
1754723764363515772,0,1754723764363303422,map,MoraiInfo,-14.752844714965821,9.195704714599609,0.00011912107467651478,0.0,0.0,0.0,1.0
1754723764373906297,0,1754723764373687267,map,MoraiInfo,-14.69131364807129,9.197180525604248,0.0001008187234401714,0.0,0.0,0.0,1.0
1754723764405173998,0,1754723764404931068,map,MoraiInfo,-14.626325988616944,9.198751227203369,9.164705872535817e-05,0.0,0.0,0.0,1.0
1754723764427478243,0,1754723764427186250,map,MoraiInfo,-14.626325988616944,9.198751227203369,9.164705872535817e-05,0.0,0.0,0.0,1.0
1754723764456764576,0,1754723764456462860,map,MoraiInfo,-14.562391185607911,9.200308100524902,8.922189474105946e-05,0.0,0.0,0.0,1.0
1754723764495495276,0,1754723764495247602,map,MoraiInfo,-14.48748817428589,9.202144400421142,0.00021978214383125416,0.0,0.0,0.0,1.0
1754723764504727817,0,1754723764504494428,map,MoraiInfo,-14.48748817428589,9.202144400421142,0.00021978214383125416,0.0,0.0,0.0,1.0
1754723764512727024,0,1754723764512522459,map,MoraiInfo,-14.413422965850831,9.203979746643066,0.0007013299316167843,0.0,0.0,0.0,1.0
1754723764571982824,0,1754723764571737289,map,MoraiInfo,-14.358124637451173,9.205351607147216,0.0009630967676639568,0.0,0.0,0.0,1.0
1754723764573642394,0,1754723764573392629,map,MoraiInfo,-14.358124637451173,9.205351607147216,0.0009630967676639568,0.0,0.0,0.0,1.0
1754723764582504273,0,1754723764582263231,map,MoraiInfo,-14.294652843322755,9.206928507629394,0.0011770699918270122,0.0,0.0,0.0,1.0
1754723764614371012,0,1754723764614099264,map,MoraiInfo,-14.231245422210694,9.20850588494873,0.001330551952123643,0.0,0.0,0.0,1.0
1754723764617102596,0,1754723764616906166,map,MoraiInfo,-14.231245422210694,9.20850588494873,0.001330551952123643,0.0,0.0,0.0,1.0
1754723764649615551,0,1754723764649369239,map,MoraiInfo,-14.16045131668091,9.210269228759765,0.0014517766237258922,0.0,0.0,0.0,1.0
1754723764703859880,0,1754723764703619956,map,MoraiInfo,-14.11445465072632,9.211415545288085,0.0015089970827102672,0.0,0.0,0.0,1.0
1754723764726101449,0,1754723764725790739,map,MoraiInfo,-14.11445465072632,9.211415545288085,0.0015089970827102672,0.0,0.0,0.0,1.0
1754723764728505243,0,1754723764728279590,map,MoraiInfo,-14.058571719970704,9.21281029397583,0.001563069671392442,0.0,0.0,0.0,1.0
1754723764753286339,0,1754723764753032684,map,MoraiInfo,-14.004931354370118,9.214151160064697,0.0016009148955345165,0.0,0.0,0.0,1.0
1754723764761771117,0,1754723764761532068,map,MoraiInfo,-14.004931354370118,9.214151160064697,0.0016009148955345165,0.0,0.0,0.0,1.0
1754723764790871847,0,1754723764790324687,map,MoraiInfo,-13.951254749145509,9.21549297982788,0.0018505391478538524,0.0,0.0,0.0,1.0
1754723764844653888,0,1754723764844449281,map,MoraiInfo,-13.909554385986329,9.216536776367187,0.0028437648713588726,0.0,0.0,0.0,1.0
1754723764850234977,0,1754723764850001573,map,MoraiInfo,-13.909554385986329,9.216536776367187,0.0028437648713588726,0.0,0.0,0.0,1.0
1754723764857213806,0,1754723764856927394,map,MoraiInfo,-13.87776269897461,9.217334048095703,0.0034937386214733135,0.0,0.0,0.0,1.0
1754723764889410712,0,1754723764889212369,map,MoraiInfo,-13.860056304779054,9.217777029815673,0.0037618552148342144,0.0,0.0,0.0,1.0
1754723764912717698,0,1754723764912449598,map,MoraiInfo,-13.860056304779054,9.217777029815673,0.0037618552148342144,0.0,0.0,0.0,1.0
1754723764921535715,0,1754723764921309471,map,MoraiInfo,-13.850850963439942,9.218006865325927,0.0039718498289585125,0.0,0.0,0.0,1.0
1754723764959659157,0,1754723764959388732,map,MoraiInfo,-13.85014286026001,9.218021647277832,0.0037805002927780162,0.0,0.0,0.0,1.0
1754723764982211591,0,1754723764981954574,map,MoraiInfo,-13.85014286026001,9.218021647277832,0.0037805002927780162,0.0,0.0,0.0,1.0
1754723764992911446,0,1754723764992715120,map,MoraiInfo,-13.85034742340088,9.218016402069091,0.0028726544976234447,0.0,0.0,0.0,1.0
1754723765026464864,0,1754723765026208162,map,MoraiInfo,-13.850415134277345,9.218014494720459,0.0022474539279937755,0.0,0.0,0.0,1.0
1754723765048969212,0,1754723765048683881,map,MoraiInfo,-13.850415134277345,9.218014494720459,0.0022474539279937755,0.0,0.0,0.0,1.0
1754723765084760935,0,1754723765084469795,map,MoraiInfo,-13.850619220581056,9.218008295837402,0.001963437795639039,0.0,0.0,0.0,1.0
1754723765097304414,0,1754723765097055912,map,MoraiInfo,-13.85074272140503,9.218004481140136,0.0016923372447490703,0.0,0.0,0.0,1.0
1754723765120823753,0,1754723765120583534,map,MoraiInfo,-13.85074272140503,9.218004481140136,0.0016923372447490703,0.0,0.0,0.0,1.0
1754723765127685246,0,1754723765127487182,map,MoraiInfo,-13.850960635986329,9.217997805419921,0.0016579528152942669,0.0,0.0,0.0,1.0
1754723765173165750,0,1754723765172950267,map,MoraiInfo,-13.85091247543335,9.217999712768554,0.0014445793628692638,0.0,0.0,0.0,1.0
1754723765192326943,0,1754723765192121744,map,MoraiInfo,-13.85091247543335,9.217999712768554,0.0014445793628692638,0.0,0.0,0.0,1.0
1754723765195067599,0,1754723765194849252,map,MoraiInfo,-13.85082235321045,9.218003050628662,0.0012467478215694439,0.0,0.0,0.0,1.0
1754723765234629774,0,1754723765234088897,map,MoraiInfo,-13.85066070541382,9.218007819000244,0.0010303084552288067,0.0,0.0,0.0,1.0
1754723765288035979,0,1754723765287794113,map,MoraiInfo,-13.85066070541382,9.218007819000244,0.0010303084552288067,0.0,0.0,0.0,1.0
1754723765294027048,0,1754723765293797969,map,MoraiInfo,-13.85079851135254,9.218004004302978,0.001087249517440797,0.0,0.0,0.0,1.0
1754723765334295010,0,1754723765334007263,map,MoraiInfo,-13.85100021347046,9.217997805419921,0.0012173478305339824,0.0,0.0,0.0,1.0
1754723765335606073,0,1754723765335356712,map,MoraiInfo,-13.85100021347046,9.217997805419921,0.0012173478305339824,0.0,0.0,0.0,1.0
1754723765336806549,0,1754723765336588382,map,MoraiInfo,-13.851195239868165,9.217992083374023,0.00135286644101143,0.0,0.0,0.0,1.0
1754723765372561061,0,1754723765372357845,map,MoraiInfo,-13.851028823699952,9.217997328582763,0.0011890542507171642,0.0,0.0,0.0,1.0
1754723765392709923,0,1754723765392452955,map,MoraiInfo,-13.851028823699952,9.217997328582763,0.0011890542507171642,0.0,0.0,0.0,1.0
1754723765433345111,0,1754723765433093547,map,MoraiInfo,-13.85043516143799,9.218014971557617,0.0008723244816064846,0.0,0.0,0.0,1.0
1754723765458077728,0,1754723765457863092,map,MoraiInfo,-13.849624061431886,9.21803547555542,0.0009239551424980175,0.0,0.0,0.0,1.0
1754723765458868328,0,1754723765458627700,map,MoraiInfo,-13.849624061431886,9.21803547555542,0.0009239551424980175,0.0,0.0,0.0,1.0
1754723765472265832,0,1754723765472038984,map,MoraiInfo,-13.848825359191896,9.218055979553222,0.001000165268778802,0.0,0.0,0.0,1.0
1754723765512183090,0,1754723765511951684,map,MoraiInfo,-13.848058605041505,9.21807505303955,0.0010223326086997997,0.0,0.0,0.0,1.0
1754723765531866774,0,1754723765531618833,map,MoraiInfo,-13.848058605041505,9.21807505303955,0.0010223326086997997,0.0,0.0,0.0,1.0
1754723765545692567,0,1754723765545238494,map,MoraiInfo,-13.84701147064209,9.218102232757568,0.0009752617031335842,0.0,0.0,0.0,1.0
1754723765583668806,0,1754723765583431959,map,MoraiInfo,-13.841575050201417,9.218232886138916,0.0004500553756952297,0.0,0.0,0.0,1.0
1754723765590655983,0,1754723765590456247,map,MoraiInfo,-13.841575050201417,9.218232886138916,0.0004500553756952297,0.0,0.0,0.0,1.0
1754723765634334956,0,1754723765634068250,map,MoraiInfo,-13.832427406158448,9.218454138580322,0.00017199411988258473,0.0,0.0,0.0,1.0
1754723765656564203,0,1754723765656297445,map,MoraiInfo,-13.81828012451172,9.21879698449707,-5.196660757064708e-05,0.0,0.0,0.0,1.0
1754723765672948658,0,1754723765672704935,map,MoraiInfo,-13.81828012451172,9.21879698449707,-5.196660757064708e-05,0.0,0.0,0.0,1.0
1754723765680708179,0,1754723765680446147,map,MoraiInfo,-13.798776531066896,9.219273821655273,-0.000198255032300948,0.0,0.0,0.0,1.0
1754723765718389978,0,1754723765718157291,map,MoraiInfo,-13.775875949707032,9.219843165222168,-0.00022569179534911998,0.0,0.0,0.0,1.0
1754723765740781167,0,1754723765740556478,map,MoraiInfo,-13.775875949707032,9.219843165222168,-0.00022569179534911998,0.0,0.0,0.0,1.0
1754723765763959003,0,1754723765763759374,map,MoraiInfo,-13.750692272033692,9.220489279571533,5.464188754558674e-05,0.0,0.0,0.0,1.0
1754723765784807422,0,1754723765784489870,map,MoraiInfo,-13.725956821289063,9.221126334014892,0.00048060089349746815,0.0,0.0,0.0,1.0
1754723765812945574,0,1754723765812730550,map,MoraiInfo,-13.725956821289063,9.221126334014892,0.00048060089349746815,0.0,0.0,0.0,1.0
1754723765833362096,0,1754723765833112001,map,MoraiInfo,-13.698609733428956,9.221828238311767,0.00015032410621643177,0.0,0.0,0.0,1.0
1754723765874076957,0,1754723765873832225,map,MoraiInfo,-13.66827430709839,9.222604529205322,7.874593138695873e-06,0.0,0.0,0.0,1.0
1754723765878055734,0,1754723765877838134,map,MoraiInfo,-13.66827430709839,9.222604529205322,7.874593138695873e-06,0.0,0.0,0.0,1.0
1754723765907648474,0,1754723765907409191,map,MoraiInfo,-13.633113765563966,9.223506228271484,-9.964287281036266e-05,0.0,0.0,0.0,1.0
1754723765942365286,0,1754723765941826105,map,MoraiInfo,-13.589818858947755,9.224627749267578,-0.00012828849256038555,0.0,0.0,0.0,1.0
1754723765969351131,0,1754723765969124078,map,MoraiInfo,-13.589818858947755,9.224627749267578,-0.00012828849256038555,0.0,0.0,0.0,1.0
1754723765978720353,0,1754723765978517532,map,MoraiInfo,-13.55222787841797,9.225615279022216,0.00016272746026516072,0.0,0.0,0.0,1.0
1754723766017917066,0,1754723766017669916,map,MoraiInfo,-13.514507675018312,9.226612345520019,0.0006065641343593609,0.0,0.0,0.0,1.0
1754723766021052788,0,1754723766020844697,map,MoraiInfo,-13.514507675018312,9.226612345520019,0.0006065641343593609,0.0,0.0,0.0,1.0
1754723766024474617,0,1754723766024242401,map,MoraiInfo,-13.47721805557251,9.227601305786132,0.0009364125132560741,0.0,0.0,0.0,1.0
1754723766085531881,0,1754723766085075855,map,MoraiInfo,-13.438031577911378,9.22864224130249,0.0011638470739126217,0.0,0.0,0.0,1.0
1754723766131482297,0,1754723766131251573,map,MoraiInfo,-13.438031577911378,9.22864224130249,0.0011638470739126217,0.0,0.0,0.0,1.0
1754723766131589804,0,1754723766131421327,map,MoraiInfo,-13.406310939636231,9.229485289398193,0.0012932245433330547,0.0,0.0,0.0,1.0
1754723766171004704,0,1754723766170545578,map,MoraiInfo,-13.37225379928589,9.230386511627197,0.0008183934539556514,0.0,0.0,0.0,1.0
1754723766171022365,0,1754723766170729398,map,MoraiInfo,-13.37225379928589,9.230386511627197,0.0008183934539556514,0.0,0.0,0.0,1.0
1754723766172366937,0,1754723766172103404,map,MoraiInfo,-13.330312633361817,9.231504694763183,0.001119436025619508,0.0,0.0,0.0,1.0
1754723766199291006,0,1754723766199002742,map,MoraiInfo,-13.300310039367677,9.23230673486328,0.0012655977904796611,0.0,0.0,0.0,1.0
1754723766201156040,0,1754723766200917243,map,MoraiInfo,-13.300310039367677,9.23230673486328,0.0012655977904796611,0.0,0.0,0.0,1.0
1754723766251675533,0,1754723766251164913,map,MoraiInfo,-13.26812257751465,9.233168856445312,0.0013477441668510448,0.0,0.0,0.0,1.0
1754723766295991830,0,1754723766295712947,map,MoraiInfo,-13.2377881048584,9.233982817474365,0.0016182598471641552,0.0,0.0,0.0,1.0
1754723766298999575,0,1754723766298743963,map,MoraiInfo,-13.2377881048584,9.233982817474365,0.0016182598471641552,0.0,0.0,0.0,1.0
1754723766354007102,0,1754723766353757143,map,MoraiInfo,-13.216890716400147,9.23454405480957,0.0024942320585250866,0.0,0.0,0.0,1.0
1754723766360023350,0,1754723766359796285,map,MoraiInfo,-13.205355071868897,9.234855906311035,0.0031005007028579723,0.0,0.0,0.0,1.0
1754723766373535780,0,1754723766373318672,map,MoraiInfo,-13.205355071868897,9.234855906311035,0.0031005007028579723,0.0,0.0,0.0,1.0
1754723766375911495,0,1754723766375680923,map,MoraiInfo,-13.203506374206544,9.234905497375488,0.0033132296800613414,0.0,0.0,0.0,1.0
1754723766405066700,0,1754723766404518127,map,MoraiInfo,-13.203706168975831,9.234899298492431,0.002589837908744813,0.0,0.0,0.0,1.0
1754723766449106084,0,1754723766448819637,map,MoraiInfo,-13.203706168975831,9.234899298492431,0.002589837908744813,0.0,0.0,0.0,1.0
1754723766471069515,0,1754723766470853805,map,MoraiInfo,-13.20386018737793,9.23489453012085,0.002133508473634721,0.0,0.0,0.0,1.0
1754723766482870197,0,1754723766482659339,map,MoraiInfo,-13.20398225769043,9.234890238586425,0.001848672777414323,0.0,0.0,0.0,1.0
1754723766489766457,0,1754723766489564418,map,MoraiInfo,-13.20398225769043,9.234890238586425,0.001848672777414323,0.0,0.0,0.0,1.0
1754723766518729806,0,1754723766518434047,map,MoraiInfo,-13.204073810424806,9.234887377563476,0.0016272713243961345,0.0,0.0,0.0,1.0
1754723766546213212,0,1754723766545975923,map,MoraiInfo,-13.204089546051026,9.23488642388916,0.001443201005458833,0.0,0.0,0.0,1.0
1754723766582230884,0,1754723766581987142,map,MoraiInfo,-13.204089546051026,9.23488642388916,0.001443201005458833,0.0,0.0,0.0,1.0
1754723766600823804,0,1754723766600528240,map,MoraiInfo,-13.204076194610597,9.234887377563476,0.0012948264181613933,0.0,0.0,0.0,1.0
1754723766605744262,0,1754723766605528354,map,MoraiInfo,-13.204079532470704,9.234887377563476,0.0011869196593761455,0.0,0.0,0.0,1.0
1754723766607399320,0,1754723766607137680,map,MoraiInfo,-13.204079532470704,9.234887377563476,0.0011869196593761455,0.0,0.0,0.0,1.0
1754723766644532248,0,1754723766644295692,map,MoraiInfo,-13.204117202606202,9.234885947052001,0.0011561971902847301,0.0,0.0,0.0,1.0
1754723766702281342,0,1754723766702081680,map,MoraiInfo,-13.204177760925294,9.234884516540527,0.0011578642576932918,0.0,0.0,0.0,1.0
1754723766704921785,0,1754723766704705953,map,MoraiInfo,-13.204177760925294,9.234884516540527,0.0011578642576932918,0.0,0.0,0.0,1.0
1754723766707542280,0,1754723766707351446,map,MoraiInfo,-13.204235458221437,9.234882132354736,0.001170785427093507,0.0,0.0,0.0,1.0
1754723766749405080,0,1754723766748918056,map,MoraiInfo,-13.204179668273927,9.234884039703369,0.0010987886041402828,0.0,0.0,0.0,1.0
1754723766759431169,0,1754723766758997201,map,MoraiInfo,-13.204179668273927,9.234884039703369,0.0010987886041402828,0.0,0.0,0.0,1.0
1754723766818806230,0,1754723766818536043,map,MoraiInfo,-13.204131984558106,9.234885470214843,0.001039206311106683,0.0,0.0,0.0,1.0
1754723766827424817,0,1754723766827205657,map,MoraiInfo,-13.204066657867433,9.234887854400634,0.0009702418744564067,0.0,0.0,0.0,1.0
1754723766849886336,0,1754723766849656581,map,MoraiInfo,-13.204066657867433,9.234887854400634,0.0009702418744564067,0.0,0.0,0.0,1.0
1754723766854843107,0,1754723766854622125,map,MoraiInfo,-13.204147720184327,9.234884993377685,0.0010312509536743175,0.0,0.0,0.0,1.0
1754723766886895175,0,1754723766886615514,map,MoraiInfo,-13.204339408721925,9.234878794494628,0.0011128180474042904,0.0,0.0,0.0,1.0
1754723766894602234,0,1754723766894404888,map,MoraiInfo,-13.204339408721925,9.234878794494628,0.0011128180474042904,0.0,0.0,0.0,1.0
1754723766927997845,0,1754723766927765607,map,MoraiInfo,-13.20466985687256,9.234869257751464,0.0010755893588066112,0.0,0.0,0.0,1.0
1754723766948219854,0,1754723766947983026,map,MoraiInfo,-13.204892062988282,9.23486258203125,0.0010551375150680553,0.0,0.0,0.0,1.0
1754723766993574070,0,1754723766993323802,map,MoraiInfo,-13.204892062988282,9.23486258203125,0.0010551375150680553,0.0,0.0,0.0,1.0
1754723766995028041,0,1754723766994815826,map,MoraiInfo,-13.205180072631837,9.23485447579956,0.0010459956526756298,0.0,0.0,0.0,1.0
1754723767019889298,0,1754723767019660711,map,MoraiInfo,-13.205467605438233,9.23484636956787,0.0010423988848924648,0.0,0.0,0.0,1.0
